epoch,lr,loss,acc,macro_f1,bacc,macro_auc,weighted_f1,beta_min,beta_max,adapter_gradient_MRI,adapter_gradient_PET,adapter_gradient_CSF,adapter_gradient_Risk,adapter_gradient_COG,adapter_gradient_ROI
1,0.01,3.298175096511841,0.35,0.1728395061728395,0.3333333333333333,0.7458548832369587,0.18148148148148147,1.0,1.0,0.05730404704809189,0.06075697019696236,0.07408665865659714,0.06125175580382347,0.03318387269973755,0.04816202446818352
2,0.01,2.8944506645202637,0.35,0.1728395061728395,0.3333333333333333,0.5970190819837046,0.18148148148148147,0.9962800145149231,1.003713846206665,0.031484704464673996,0.03181279078125954,0.031604520976543427,0.032887376844882965,0.022885892540216446,0.027869710698723793
3,0.01,6.518008708953857,0.3,0.17940272288098377,0.19295634920634921,0.4854539350411992,0.2787110232762407,0.9926125407218933,1.0005664825439453,0.16286243498325348,0.1774682104587555,0.20635190606117249,0.17701838910579681,0.15935225784778595,0.15216583013534546
4,0.01,5.014984607696533,0.35,0.18918918918918917,0.21875,0.5210339538169727,0.30270270270270266,0.9888630509376526,0.9979786276817322,0.09392966330051422,0.07709993422031403,0.07961773872375488,0.09606149047613144,0.07969029992818832,0.08665981888771057
5,0.01,4.903029441833496,0.48333333333333334,0.38999999999999996,0.5625,0.5763009374448053,0.3809444444444445,0.984693706035614,0.9961314797401428,0.06918957084417343,0.05740993097424507,0.05300092324614525,0.05387236177921295,0.04269900172948837,0.060029804706573486
6,0.01,5.703772068023682,0.4666666666666667,0.37585585585585585,0.5520833333333334,0.7688012110181921,0.3680360360360361,0.9811921119689941,0.994194746017456,0.020567741245031357,0.018758218735456467,0.01310008391737938,0.013436267152428627,0.02610984444618225,0.015994904562830925
7,0.01,3.9421958923339844,0.4666666666666667,0.37585585585585585,0.5520833333333334,0.7996960455686871,0.3680360360360361,0.9779306054115295,0.9924681782722473,0.03803754225373268,0.03843490406870842,0.029025482013821602,0.02775331772863865,0.03031960129737854,0.030751820653676987
8,0.01,4.429930686950684,0.5,0.3956043956043956,0.5357142857142857,0.8037805682263229,0.3948717948717949,0.9749746918678284,0.9906264543533325,0.0280197374522686,0.02303946577012539,0.017123524099588394,0.018415607511997223,0.02287820167839527,0.01921328343451023
9,0.01,2.8607633113861084,0.5166666666666667,0.4109704641350211,0.5461309523809524,0.7841982331958747,0.40755274261603375,0.9724276661872864,0.9890730977058411,0.0071018715389072895,0.00644315080717206,0.006324135698378086,0.007163528352975845,0.007040545344352722,0.006837174296379089
10,0.01,2.8404464721679688,0.5166666666666667,0.4109704641350211,0.5461309523809524,0.7901456346326631,0.40755274261603375,0.9705125689506531,0.9880601763725281,0.006802815478295088,0.00585991470143199,0.005789410322904587,0.006229533348232508,0.00747307576239109,0.008240650407969952
11,0.01,2.6557228565216064,0.5166666666666667,0.4109704641350211,0.5461309523809524,0.8059455176200458,0.40755274261603375,0.9691708087921143,0.9875888228416443,0.004516611807048321,0.003453197656199336,0.0038406236562877893,0.0035198552068322897,0.00555792823433876,0.004468617960810661
12,0.01,2.8803696632385254,0.5166666666666667,0.4109704641350211,0.5461309523809524,0.8278299487025902,0.40755274261603375,0.9682129621505737,0.9872606992721558,0.0028235039208084345,0.002222254639491439,0.0019397544674575329,0.0023928354494273663,0.003102509770542383,0.002499513328075409
13,0.01,2.5809555053710938,0.55,0.547008547008547,0.6815476190476191,0.8359018034725582,0.4752136752136752,0.967675507068634,0.9871882796287537,0.003969083074480295,0.0021154715213924646,0.0021575363352894783,0.0023964180145412683,0.003491591429337859,0.002524753799661994
14,0.01,3.1603689193725586,0.48333333333333334,0.46732026143790845,0.6398809523809524,0.8518066162523711,0.35669934640522877,0.967221200466156,0.9870355725288391,0.00962517037987709,0.005070837680250406,0.005196258891373873,0.00591061357408762,0.008522193878889084,0.005679508205503225
15,0.01,3.77443790435791,0.5,0.49980489708321146,0.6502976190476191,0.8626865578516522,0.3906448151399864,0.9667198061943054,0.9868367314338684,0.012225856073200703,0.00598239665850997,0.005889250431209803,0.006506821606308222,0.00903084222227335,0.006444232538342476
16,0.01,2.946171998977661,0.5,0.49980489708321146,0.6502976190476191,0.8619202523978468,0.3906448151399864,0.9662945866584778,0.9866236448287964,0.008215467445552349,0.003639281028881669,0.003746722126379609,0.00402360875159502,0.0045357574708759785,0.004062715917825699
17,0.01,2.5634639263153076,0.5333333333333333,0.5383980312772882,0.6711309523809524,0.8772595001958209,0.4488576645232992,0.966270923614502,0.9865511059761047,0.004498277325183153,0.0010175439529120922,0.0011768756667152047,0.0016026273369789124,0.0015307344729080796,0.0014137567486613989
18,0.01,2.5760269165039062,0.6666666666666666,0.6480778691404878,0.683531746031746,0.8748234371760315,0.6481832876519783,0.966429591178894,0.986541211605072,0.001064172713086009,0.0007748662028461695,0.0008387326379306614,0.0008064088760875165,0.0011657073628157377,0.0009775401558727026
19,0.01,2.459580421447754,0.5833333333333334,0.48293172690763053,0.5877976190476191,0.8563776315839995,0.46019076305220885,0.9667026996612549,0.9865526556968689,0.001645107171498239,0.0010190927423536777,0.0011489986209198833,0.0010668948525562882,0.0015669288113713264,0.0011717523448169231
20,0.01,2.260941505432129,0.6166666666666667,0.5326305220883535,0.6458333333333334,0.8748456950107893,0.4876255020080321,0.9670103192329407,0.9865416288375854,0.001111342222429812,0.00047607364831492305,0.0006756123038940132,0.0005720488261431456,0.0011577217373996973,0.000818516593426466
21,0.009999830837037664,2.299462080001831,0.6166666666666667,0.5326305220883535,0.6458333333333334,0.8838092430368375,0.4876255020080321,0.9675525426864624,0.9866433143615723,0.0012449638452380896,0.0004994575283490121,0.0005282468046061695,0.0004841030458919704,0.0007378195878118277,0.0006191451684571803
22,0.009999323359712722,2.1999168395996094,0.5833333333333334,0.43970037453183525,0.4761904761904762,0.8508971047296519,0.4535205992509363,0.9682848453521729,0.9868404269218445,0.0001828815002227202,0.0001535646733827889,0.00017579528503119946,0.00011980393173871562,0.0004194678331259638,0.00021517723507713526
23,0.009998477602710573,2.4708685874938965,0.5833333333333334,0.48293172690763053,0.5877976190476191,0.8514654294430238,0.46019076305220885,0.9691016674041748,0.987064003944397,0.0005917064845561981,0.0004632442141883075,0.0005430333549156785,0.0004939768114127219,0.0006288269069045782,0.00047790774260647595
24,0.009997293623837585,2.233044147491455,0.48333333333333334,0.38999999999999996,0.5625,0.8150275541195352,0.3809444444444445,0.9699800610542297,0.9873021245002747,0.0003310304891783744,0.00027283772942610085,0.00028132632724009454,0.00023504893761128187,0.0004268266202416271,0.00027725144173018634
25,0.00999577150401714,2.2527146339416504,0.5666666666666667,0.5276482776482777,0.6364087301587301,0.8404700590726534,0.5226754726754727,0.9710380434989929,0.9876535534858704,0.00048012140905484557,0.00033473974326625466,0.00032792086130939424,0.00030967951170168817,0.00036462745629251003,0.0003205202519893646
26,0.009993911347284109,2.2545323371887207,0.5666666666666667,0.5648775894538606,0.7237103174603176,0.8798028327804271,0.5017325800376647,0.9721899628639221,0.9880475401878357,0.0002994523965753615,0.0002052544878097251,0.00020674803818110377,0.00021409783221315593,0.0003595896123442799,0.00020075528300367296
27,0.009991713280777732,2.148425340652466,0.7833333333333333,0.7650492128104068,0.7256944444444443,0.9143933078190155,0.7813658977838082,0.9733271598815918,0.9884074926376343,0.00022391379752662033,0.0002057246892945841,0.00012730149319395423,0.00019130069995298982,0.0004046462127007544,0.00022117224580142647
28,0.009989177454732934,2.195727586746216,0.5666666666666667,0.47061403508771926,0.6145833333333334,0.8654101728983804,0.4459649122807018,0.9746056795120239,0.9888905882835388,0.0003866941260639578,0.0004080505750607699,0.00043152732541784644,0.0003668206336442381,0.00048338741180486977,0.00036065239692106843
29,0.00998630404247006,2.108264684677124,0.7,0.6979626485568762,0.7688492063492064,0.8784214671596748,0.6996349745331069,0.9758740663528442,0.9893869757652283,0.0002768595586530864,0.0003039836301468313,0.0003098953457083553,0.000211334292544052,0.0007534610922448337,0.0003087848308496177
30,0.009983093240383016,2.0693507194519043,0.6166666666666667,0.6222902216782266,0.7549603174603176,0.8821135079979419,0.5753427172582619,0.977124810218811,0.9899713397026062,0.00022402624017558992,0.00013531788135878742,0.00028152353479526937,0.00028195136110298336,0.0009350130567327142,0.00029873938183300197
31,0.009979545267925863,2.0217270851135254,0.6333333333333333,0.6413695529145444,0.7162698412698413,0.8572692048517521,0.6283842671194114,0.9784181714057922,0.9907249212265015,0.00027134452830068767,0.00019553492893464863,0.0003647253615781665,0.00022609025472775102,0.001060490612871945,0.00041109707672148943
32,0.009975660367597807,1.9677034616470337,0.6833333333333333,0.7215473948524794,0.8020833333333334,0.9221221759547232,0.6593840238543628,0.9797799587249756,0.9917708039283752,0.0003920469025615603,0.0003066286153625697,0.00046585683594457805,0.00034159020287916064,0.001560518518090248,0.00043007967178709805
33,0.009971438804926623,1.9744457006454468,0.7333333333333333,0.7638888888888888,0.8333333333333334,0.9213781283356756,0.7201388888888888,0.9810134172439575,0.9931241273880005,0.0005451532197184861,0.000532557547558099,0.000441577285528183,0.000657598371617496,0.002396876458078623,0.0007439567707479
34,0.00996688086845051,1.9225950241088867,0.7666666666666667,0.7854166666666668,0.8159722222222222,0.9117977203177675,0.76375,0.9821799397468567,0.9948325753211975,0.00031853755353949964,0.00043993446161039174,0.00035399020998738706,0.00029410020215436816,0.0014981079148128629,0.0004653445503208786
35,0.009961986869698373,1.92047119140625,0.7666666666666667,0.7677871148459383,0.8050595238095237,0.9102523906474378,0.7596078431372549,0.9836899042129517,0.9969329237937927,0.0013138949871063232,0.0012972932308912277,0.0009511258103884757,0.0012039975263178349,0.0018218548502773046,0.0012362808920443058
36,0.009956757143168527,1.8772295713424683,0.7833333333333333,0.7919725671470438,0.8427579365079364,0.92328594274349,0.7823521858666425,0.985092043876648,1.0000710487365723,0.0009532798430882394,0.0008949066395871341,0.0010878740577027202,0.0007707244949415326,0.004993571899831295,0.0011992587242275476
37,0.009951192046305833,1.7838102579116821,0.7833333333333333,0.7929441473559121,0.8536706349206349,0.9327536817218421,0.7804344919786097,0.9863799810409546,1.0039833784103394,0.0004570175660774112,0.0003973530256189406,0.00045298709301277995,0.0006111581460572779,0.0030328375287353992,0.0005595164839178324
38,0.009945291959477269,1.7738118171691895,0.8333333333333334,0.8368055555555555,0.8368055555555555,0.9584914779490251,0.8333333333333334,0.9876918792724609,1.0079660415649414,0.0006380057311616838,0.0006805824232287705,0.0007594905328005552,0.0005538705154322088,0.0019654373172670603,0.0011901905527338386
39,0.009939057285945933,1.688471794128418,0.7833333333333333,0.7696431032106932,0.8427579365079364,0.9282031244000583,0.7877297781452391,0.9888916611671448,1.0127183198928833,0.0004361655446700752,0.0005686902441084385,0.0003814345400314778,0.00042807732825167477,0.0043237339705228806,0.0007815643330104649
40,0.009932488451843476,1.6303259134292603,0.8,0.7746031746031745,0.8214285714285715,0.9291502522634598,0.8044444444444444,0.9901097416877747,1.0180535316467285,0.00047279708087444305,0.0006952845142222941,0.0004960173973813653,0.0006530993268825114,0.004114612005650997,0.001236488576978445
41,0.009925585906140986,1.6507688760757446,0.7666666666666667,0.745796783625731,0.7842261904761904,0.9431959059022738,0.7707602339181286,0.9916242361068726,1.0193967819213867,0.0023435098119080067,0.0018630550475791097,0.0019993563182651997,0.001895991386845708,0.011132153682410717,0.002654194599017501
42,0.009918350120618293,1.5448108911514282,0.7166666666666667,0.7122404517362501,0.7857142857142857,0.8846841979212262,0.702874483126584,0.9930633902549744,1.0212736129760742,0.00034169317223131657,0.00032968795858323574,0.0003016764821950346,0.0004129973240196705,0.002392528811469674,0.0006142784841358662
43,0.009910781589831726,1.8042515516281128,0.6666666666666666,0.6606280193236714,0.7544642857142857,0.8693141131230755,0.6417270531400966,0.9942684173583984,1.0242708921432495,0.000987740932032466,0.0009309013839811087,0.001018903567455709,0.0011742104543372989,0.007045630365610123,0.0014986156020313501
44,0.009902880831080306,1.775069236755371,0.7333333333333333,0.709567901234568,0.7534722222222222,0.9018163713033996,0.7282253086419753,0.9953832030296326,1.0277082920074463,0.0001642934512346983,0.00016749648784752935,0.00021548739459831268,0.00022601526870857924,0.0026082047261297703,0.0004733435343950987
45,0.009894648384370404,1.6287052631378174,0.7166666666666667,0.7079922027290447,0.7638888888888888,0.8832364787553466,0.7164912280701754,0.9962038397789001,1.0303592681884766,0.0010906497482210398,0.0011556401150301099,0.0011612343369051814,0.0013601221144199371,0.004887171555310488,0.0018072995590046048
46,0.009886084812378817,1.4797477722167969,0.75,0.734741326049491,0.7628968253968255,0.9113795010021425,0.7490610672129548,0.9970163702964783,1.0330687761306763,0.00037246293504722416,0.0003673629544209689,0.0003219592326786369,0.0005142911104485393,0.001938198460265994,0.0009120767936110497
47,0.009877190700414313,1.4069243669509888,0.8,0.7625562218890555,0.7951388888888888,0.9210289023083834,0.8002529985007496,0.9974445700645447,1.0372185707092285,0.0016328658675774932,0.0013201392721384764,0.0015631968853995204,0.0017560177948325872,0.011792341247200966,0.002423791214823723
48,0.00986796665637763,1.4195135831832886,0.8166666666666667,0.7752115217120816,0.8110119047619048,0.9219478329148142,0.8160919808386213,0.9985174536705017,1.0368403196334839,0.003366285702213645,0.0034856765996664762,0.0036559824366122484,0.003703759517520666,0.027792733162641525,0.006660505197942257
49,0.009858413310719925,1.4876911640167236,0.7666666666666667,0.7354166666666666,0.7524801587301587,0.9229726532202948,0.7695833333333333,0.9991148710250854,1.0384348630905151,0.003606649348512292,0.0028736430685967207,0.003428239841014147,0.0037239170633256435,0.026623165234923363,0.007189102470874786
50,0.009848531316399685,1.233384370803833,0.75,0.7168219461697722,0.7256944444444445,0.9217441527288225,0.7503079710144929,0.9993446469306946,1.0414528846740723,0.002202281728386879,0.0019132255110889673,0.002068392699584365,0.0017341200727969408,0.016048282384872437,0.00391969783231616
51,0.009838321348838096,1.3984497785568237,0.7666666666666667,0.7501726325255736,0.7787698412698413,0.9271486669776765,0.7674198262433556,0.9999391436576843,1.0431156158447266,0.005021983757615089,0.00473340367898345,0.0044486261904239655,0.004267164506018162,0.03308434411883354,0.007811268325895071
52,0.009827784105872876,1.285252332687378,0.85,0.8094055307170062,0.8263888888888888,0.9460167114943059,0.8506044047027653,1.000604271888733,1.0440908670425415,0.0023039039224386215,0.0024281616788357496,0.002357268240302801,0.002282287459820509,0.01707068458199501,0.0041932943277060986
53,0.009816920307710586,1.1143817901611328,0.85,0.8095238095238094,0.8209325396825397,0.9685130230531174,0.8515873015873014,1.0010613203048706,1.0455031394958496,0.0010707720648497343,0.0009394892258569598,0.0010736895492300391,0.0011895352508872747,0.009211842902004719,0.0019280676497146487
54,0.0098057306968774,1.0517756938934326,0.7833333333333333,0.7472603200215141,0.7574404761904763,0.9155527550279908,0.7865511967191072,1.0013269186019897,1.0475151538848877,0.0015977596631273627,0.001629984937608242,0.001548479194752872,0.0017548350151628256,0.008860580623149872,0.0038311255630105734
55,0.009794216038168352,1.025840163230896,0.85,0.8140350877192982,0.8690476190476191,0.9148797404988445,0.8535672514619883,1.0015041828155518,1.0498528480529785,0.001153539284132421,0.0012876063119620085,0.0010950085707008839,0.0014284878270700574,0.009075285866856575,0.0031892554834485054
56,0.009782377118595071,0.968432605266571,0.8333333333333334,0.7963657581061933,0.810515873015873,0.9473514616498108,0.8343919313161623,1.001612901687622,1.0524592399597168,0.000678451731801033,0.0005963029689155519,0.00040688816807232797,0.0006791791529394686,0.010423212312161922,0.00261446600779891
57,0.009770214747331984,0.9704632759094238,0.85,0.8183831672203765,0.8209325396825397,0.9457934132167624,0.8497785160575859,1.0019456148147583,1.0551159381866455,0.0024766111746430397,0.002106929197907448,0.002433162648230791,0.0026000295765697956,0.01641632430255413,0.00516135897487402
58,0.009757729755661011,0.896243155002594,0.85,0.8296872123812356,0.8953373015873015,0.894568716355273,0.854608980077312,1.0023730993270874,1.0580201148986816,0.001752109033986926,0.0016747612971812487,0.0016452113632112741,0.001215095166116953,0.00989625882357359,0.0029625592287629843
59,0.009744922996914747,0.9157311916351318,0.8166666666666667,0.7824786324786325,0.7891865079365079,0.9368424639651054,0.818354700854701,1.0026881694793701,1.0611320734024048,0.0015450973296537995,0.0014145208988338709,0.0015607698587700725,0.0014455014606937766,0.012201899662613869,0.003781331004574895
60,0.00973179534641814,0.8163470029830933,0.8666666666666667,0.8169191919191919,0.7996031746031745,0.9642178008923293,0.8626262626262626,1.003118872642517,1.064087986946106,0.0020797562319785357,0.0020623805467039347,0.001938801840879023,0.0023169510532170534,0.010602991096675396,0.004079755395650864
61,0.009718347701428667,0.9252570271492004,0.8666666666666667,0.8163398692810458,0.7886904761904762,0.961052208841124,0.8633660130718954,1.0033226013183594,1.0667327642440796,0.002131174085661769,0.0022376091219484806,0.0024122092872858047,0.0018330783350393176,0.017603570595383644,0.005803729873150587
62,0.009704580981074998,0.8190639019012451,0.8333333333333334,0.8031107179713991,0.7941468253968255,0.947483628792591,0.8329721362229101,1.0033031702041626,1.0693988800048828,0.0006316188373602927,0.0007264919113367796,0.0003493515541777015,0.00045214040437713265,0.006767919287085533,0.002597404643893242
63,0.009690496126294182,0.8136022686958313,0.85,0.8208102963835765,0.8635912698412698,0.9478615920243278,0.8525121604882322,1.0033354759216309,1.0731983184814453,0.0036376058124005795,0.0044885072857141495,0.003585653379559517,0.0035093629267066717,0.024075619876384735,0.009007889777421951
64,0.009676094099767331,0.8888915777206421,0.8,0.7625000000000001,0.7787698412698413,0.9372700423702782,0.8037499999999999,1.0031707286834717,1.0773100852966309,0.0019689600449055433,0.0013998838840052485,0.0018738744547590613,0.0018486235057935119,0.01877990923821926,0.005733118392527103
65,0.009661375885853831,0.76201331615448,0.8166666666666667,0.7885587450804842,0.7782738095238096,0.9078111681295643,0.8154262958610784,1.0027835369110107,1.0818477869033813,0.001974348910152912,0.001693878322839737,0.0014049896271899343,0.0018312482861801982,0.017466742545366287,0.0038625807501375675
66,0.00964634249052405,0.7758709192276001,0.8666666666666667,0.8313492063492064,0.8313492063492064,0.953422331075633,0.8666666666666667,1.0025321245193481,1.0866546630859375,0.0013567404821515083,0.001412100624293089,0.001966478070244193,0.0012894802493974566,0.018632395192980766,0.004709160421043634
67,0.009630994941290591,0.7258540391921997,0.85,0.8095238095238094,0.8209325396825397,0.9510852584260604,0.8515873015873014,1.002074122428894,1.0912623405456543,0.0013818534789606929,0.00173745839856565,0.000677022326271981,0.0011208769865334034,0.017192792147397995,0.004985983483493328
68,0.009615334287138054,0.7057206034660339,0.85,0.8183831672203765,0.8209325396825397,0.9478564925204077,0.8497785160575859,1.0018012523651123,1.0956368446350098,0.0013814681442454457,0.0016477390890941024,0.0015185417141765356,0.001919553498737514,0.02345030941069126,0.004308759700506926
69,0.00959936159845135,0.6553138494491577,0.85,0.8183831672203765,0.8209325396825397,0.946929822666851,0.8497785160575859,1.001798391342163,1.1007438898086548,0.0018281321972608566,0.001961131813004613,0.000918036384973675,0.00193223066162318,0.011233959347009659,0.004059607163071632
70,0.009583077966942534,0.6584630608558655,0.8333333333333334,0.7961551490514905,0.8050595238095237,0.9497933441034855,0.8350948509485094,1.001720905303955,1.1063625812530518,0.0015298239886760712,0.0020223776809871197,0.001488757785409689,0.0013955860631540418,0.015078368596732616,0.0031191862653940916
71,0.009566484505576189,0.6303685903549194,0.8333333333333334,0.8042568542568542,0.7996031746031745,0.9622595313927862,0.8333585858585858,1.001668095588684,1.1122180223464966,0.0011673584813252091,0.0008138076518662274,0.0010493028676137328,0.0008564445888623595,0.014247315935790539,0.0027365104760974646
72,0.009549582348493355,0.6115586757659912,0.85,0.8183831672203765,0.8209325396825397,0.9573892051781203,0.8497785160575859,1.0016186237335205,1.1177937984466553,0.00030705556855537,0.0007736897678114474,0.0007204276625998318,0.00031240563839673996,0.013533228076994419,0.0020145527087152004
73,0.009532372650934018,0.6870651245117188,0.8666666666666667,0.8313492063492064,0.8313492063492064,0.9651453106641785,0.8666666666666667,1.0011368989944458,1.1230876445770264,0.002402361249551177,0.0023172914516180754,0.002076405566185713,0.003371204249560833,0.04110470414161682,0.008582754991948605
74,0.009514856589158148,0.6331629157066345,0.8333333333333334,0.7956487956487956,0.7996031746031745,0.9677621960935641,0.8354312354312353,1.0002554655075073,1.1271698474884033,0.0007780158775858581,0.0007106567500159144,0.0006972828996367753,0.0014581112191081047,0.011794940568506718,0.003595144022256136
75,0.009497035360365296,0.6036665439605713,0.85,0.8095238095238094,0.8209325396825397,0.9742964604403284,0.8515873015873014,1.0004396438598633,1.1307651996612549,0.002521259244531393,0.0015176673186942935,0.00101892848033458,0.004704840946942568,0.01061047799885273,0.007733912672847509
76,0.00947891018261278,0.6135891675949097,0.8833333333333333,0.8444742249620298,0.841765873015873,0.9796514795040738,0.8836210131332083,1.0007822513580322,1.133902907371521,0.0012399834813550115,0.0012606601230800152,0.0010598907247185707,0.0019089591223746538,0.011156207881867886,0.004281152039766312
77,0.00946048229473242,0.6291889548301697,0.8666666666666667,0.8065618968844775,0.8050595238095237,0.9580659393454205,0.8629776674937965,1.0006927251815796,1.1358908414840698,0.0017146928003057837,0.0016080356435850263,0.001511293463408947,0.0031291653867810965,0.04708902910351753,0.010454063303768635
78,0.009441752956245879,0.61844801902771,0.8833333333333333,0.8296296296296296,0.8154761904761904,0.9513277548360096,0.8785185185185185,1.0004403591156006,1.1375839710235596,0.0020946210715919733,0.0009623507503420115,0.0007036819006316364,0.0014736379962414503,0.007946924306452274,0.001861061668023467
79,0.009422723447278559,0.5814921855926514,0.8666666666666667,0.8163398692810458,0.7886904761904762,0.9634882718609133,0.8633660130718954,1.0001393556594849,1.1405671834945679,0.004082183353602886,0.006994215305894613,0.0019843201152980328,0.00559198809787631,0.07615012675523758,0.015402116812765598
80,0.00940339506847212,0.6475188732147217,0.85,0.7938949938949939,0.7837301587301587,0.9590752811566491,0.847948717948718,0.999823272228241,1.142563819885254,0.00042770817526616156,0.0009672320447862148,0.0011404658434912562,0.0006005344912409782,0.017932940274477005,0.00407459307461977
81,0.009383769140895582,0.5867542028427124,0.8333333333333334,0.7730763859796118,0.7787698412698413,0.9527381576320256,0.8321603128054741,0.9991133809089661,1.144165277481079,0.00038683254388161004,0.00048200879245996475,0.0007615529466420412,0.0005600330187007785,0.011437731795012951,0.0029155174270272255
82,0.009363847005955023,0.5940488576889038,0.8166666666666667,0.7601821090193184,0.7628968253968255,0.9544070752797168,0.8161806324597022,0.9981540441513062,1.1463181972503662,0.002113442635163665,0.0016318453708663583,0.0021971920505166054,0.0013331974623724818,0.027596617117524147,0.005243456922471523
83,0.009343630025301902,0.5926452875137329,0.8166666666666667,0.7660231962291458,0.7465277777777777,0.9475271845554865,0.8148408926440962,0.9972725510597229,1.1484103202819824,0.0009559641475789249,0.0010432676644995809,0.0010311291553080082,0.0008303213980980217,0.014511811546981335,0.003289657412096858
84,0.00932311958073999,0.633314847946167,0.8333333333333334,0.7800402212166918,0.7624007936507936,0.9514572822355841,0.8318250377073907,0.9963643550872803,1.1502830982208252,0.0032171003986150026,0.003746940288692713,0.0021811826154589653,0.00542755052447319,0.052283186465501785,0.007455101702362299
85,0.009302317074130931,0.6082971692085266,0.8833333333333333,0.8200244200244201,0.8100198412698413,0.9568959331636219,0.881025641025641,0.9955109357833862,1.1526306867599487,0.0021805388387292624,0.0017578013939782977,0.0016441562911495566,0.0033061823341995478,0.029109276831150055,0.0047882795333862305
86,0.009281223927298419,0.5604847073554993,0.85,0.7639236732259987,0.751984126984127,0.9592534638230393,0.84340190816935,0.9947714805603027,1.1549512147903442,0.00025568425189703703,0.0001440010528312996,0.0003502935578580946,0.0005194799741730094,0.0036477353423833847,0.0007628013263456523
87,0.009259841581931017,0.5964454412460327,0.8833333333333333,0.8200244200244201,0.8100198412698413,0.962651173293862,0.881025641025641,0.9941695928573608,1.1569511890411377,0.002129860920831561,0.0018778280355036259,0.0015575143042951822,0.0015189144760370255,0.025773771107196808,0.002847604686394334
88,0.00923817149948363,0.5586543679237366,0.8666666666666667,0.8501942501942502,0.8576388888888888,0.966175110485252,0.8671484071484071,0.9935672283172607,1.1579819917678833,0.0012511360691860318,0.0009779345709830523,0.002688089618459344,0.0026204863097518682,0.010393955744802952,0.002637015888467431
89,0.00921621516107761,0.5538957118988037,0.8833333333333333,0.8641025641025641,0.8735119047619048,0.9714115210872286,0.8842307692307693,0.9929730296134949,1.158869743347168,0.0008778133196756244,0.0008373510208912194,0.0005483083077706397,0.0007070786668919027,0.010200976394116879,0.0021961817983537912
90,0.009193974067399517,0.5713832378387451,0.9333333333333333,0.9040760190047511,0.9211309523809524,0.9767393028006236,0.934118529632408,0.9924957156181335,1.1596893072128296,0.0005151597433723509,0.000729557650629431,0.0002634169941302389,0.0010047967080026865,0.007936812937259674,0.0018677616026252508
91,0.009171449738598562,0.5704900026321411,0.9333333333333333,0.8944916517590936,0.8839285714285715,0.9772589722471797,0.9316040548598689,0.9923309087753296,1.160741925239563,0.00202979170717299,0.002067260444164276,0.0018606085795909166,0.001668361946940422,0.011209921911358833,0.0020114555954933167
92,0.009148643714182699,0.553609311580658,0.9333333333333333,0.9083694083694084,0.8784722222222222,0.9741428753810829,0.9315656565656566,0.9922623634338379,1.1616461277008057,0.002142952987924218,0.002165278187021613,0.001077748485840857,0.002088817534968257,0.016887111589312553,0.0020055449567735195
93,0.009125557552913402,0.5895602703094482,0.8833333333333333,0.8444742249620298,0.841765873015873,0.9721215520154199,0.8836210131332083,0.9920981526374817,1.1623222827911377,0.0012365187285467982,0.0010875199222937226,0.0013778854627162218,0.0013408606173470616,0.013787207193672657,0.0020991978235542774
94,0.009102192832699127,0.5669568777084351,0.8833333333333333,0.8359788359788359,0.8472222222222222,0.9590163668878291,0.8851851851851851,0.9917628169059753,1.1622549295425415,0.0017547847237437963,0.0022365085314959288,0.0014373258454725146,0.0025162547826766968,0.01400285866111517,0.003360477741807699
95,0.009078551150487465,0.5481033325195312,0.8833333333333333,0.8472612465633403,0.8898809523809524,0.9390397502130993,0.8865003474425209,0.9915460348129272,1.1622146368026733,0.0006049590883776546,0.0002479574177414179,0.0002459093520883471,0.00027578751905821264,0.0035918615758419037,0.0008233363623730838
96,0.00905463412215599,0.5557136535644531,0.8666666666666667,0.8342605259157927,0.8740079365079364,0.9290882782922877,0.8701565587475301,0.9916345477104187,1.1623833179473877,0.0019770795479416847,0.001339500886388123,0.0009665134130045772,0.0013255246449261904,0.005392573773860931,0.0018684098031371832
97,0.009030443382401818,0.5801020860671997,0.85,0.7862679955703212,0.7891865079365079,0.9423829849832209,0.849390919158361,0.9919079542160034,1.1629538536071777,0.0018230800051242113,0.001844290760345757,0.0016141057712957263,0.0014068520395085216,0.0123332180082798,0.0014967969618737698
98,0.009005980584629878,0.5308311581611633,0.8166666666666667,0.7323565323565324,0.7256944444444443,0.9518857005590496,0.8135897435897436,0.9922159314155579,1.1633789539337158,0.0006300651002675295,0.0002819447254296392,0.00022197520593181252,0.0005430037854239345,0.002759726485237479,0.0006499583832919598
99,0.008981247400839902,0.5454093217849731,0.7833333333333333,0.7058362035973976,0.6939484126984127,0.9552406941852697,0.7811969001148105,0.9924846887588501,1.1637648344039917,0.0021041478030383587,0.0009351195767521858,0.001174042234197259,0.001510838745161891,0.009484639391303062,0.0015688780695199966
100,0.00895624552151215,0.5524750351905823,0.7666666666666667,0.6964912280701755,0.6726190476190476,0.9466756873891308,0.7613157894736842,0.9926670789718628,1.164314866065979,0.0009751245379447937,0.0017791226273402572,0.001948521938174963,0.0015836989041417837,0.009584898129105568,0.0018373960629105568
101,0.008930976655491857,0.5359950661659241,0.7833333333333333,0.7050793091983024,0.6884920634920636,0.9401405831240736,0.7814332374973108,0.9931735992431641,1.1650053262710571,0.00163423758931458,0.0013096773764118552,0.000814718019682914,0.000518594984896481,0.0039289239794015884,0.0005539362318813801
102,0.008905442529872458,0.5534529089927673,0.8166666666666667,0.7324531190202833,0.7202380952380952,0.9310798445527219,0.8146172981247608,0.9935287237167358,1.166114091873169,0.0025025352369993925,0.0014311166014522314,0.0010740759316831827,0.0013150990707799792,0.022954894229769707,0.0014188174391165376
103,0.008879644889877513,0.5433040261268616,0.8166666666666667,0.7324531190202833,0.7202380952380952,0.9326446723262761,0.8146172981247608,0.9937446713447571,1.1675388813018799,0.0014956580707803369,0.0009172996506094933,0.0003893599205184728,0.0007379971793852746,0.006044375244528055,0.0008076723897829652
104,0.008853585498741453,0.552690327167511,0.8333333333333334,0.7733044733044734,0.7678571428571428,0.9325960170594604,0.8341919191919193,0.9943658709526062,1.168770432472229,0.002036163117736578,0.0011837456841021776,0.0012904413742944598,0.0021338167134672403,0.030290329828858376,0.003836726536974311
105,0.008827266137589043,0.5454144477844238,0.7666666666666667,0.7164021164021165,0.7043650793650794,0.9338792322282888,0.7655555555555557,0.9943251609802246,1.1693540811538696,0.002145301317796111,0.0021172070410102606,0.0009342568228021264,0.0022097935434430838,0.017999831587076187,0.002123145619407296
106,0.008800688605313658,0.5454685091972351,0.75,0.7010060362173038,0.6884920634920636,0.9380627452561415,0.7473239436619719,0.9931845664978027,1.1696887016296387,0.0015265130205079913,0.0014050384052097797,0.0008743478101678193,0.0058808340691030025,0.008428284898400307,0.0015172157436609268
107,0.008773854718454323,0.544326663017273,0.8,0.745687748783724,0.736111111111111,0.9252185947351043,0.8006191950464395,0.9920949935913086,1.1694223880767822,0.0013155138585716486,0.0007151687168516219,0.001020660623908043,0.001270617125555873,0.010240694507956505,0.0013187553267925978
108,0.008746766311071562,0.557100772857666,0.8333333333333334,0.7894905273937532,0.810515873015873,0.9261597831762928,0.8368951612903227,0.9917669296264648,1.1693027019500732,0.004875693004578352,0.0036706174723803997,0.0022796296980232,0.0026804800145328045,0.01739257201552391,0.0028953226283192635
109,0.008719425234622036,0.5612098574638367,0.8166666666666667,0.7708897766756976,0.8000992063492064,0.917799536461093,0.822452587592414,0.9910321235656738,1.169457197189331,0.0017936899093911052,0.0011022683465853333,0.0012875818647444248,0.0013981976080685854,0.0073557449504733086,0.0016978265484794974
110,0.008691833357832001,0.5934696197509766,0.75,0.7140441582934999,0.7311507936507936,0.9113480640603283,0.7547800214613208,0.9896580576896667,1.1701927185058594,0.0023112636990845203,0.0012644839007407427,0.002727566985413432,0.002354248659685254,0.010091577656567097,0.00226982613094151
111,0.008663992566569587,0.6111054420471191,0.7333333333333333,0.6808278867102396,0.683531746031746,0.9252049160657653,0.7383986928104574,0.9882558584213257,1.1712491512298584,0.00299292104318738,0.0017542371060699224,0.0010264202719554305,0.002412363886833191,0.018066860735416412,0.0014939847169443965
112,0.00863590476371589,0.5450587272644043,0.7833333333333333,0.7388175008312308,0.7202380952380952,0.9266316372743261,0.7809609028144497,0.9865734577178955,1.1727924346923828,0.001083088107407093,0.0007809920352883637,0.00039568572537973523,0.0012622628128156066,0.010940742678940296,0.0006156210438348353
113,0.008607571869034929,0.5724464654922485,0.7833333333333333,0.7404515882127822,0.7256944444444443,0.9201837645233871,0.7816456180635285,0.9852675795555115,1.1739730834960938,0.0012761797988787293,0.001989857293665409,0.0005927712772972882,0.0011019973317161202,0.00836049672216177,0.0011325732339173555
114,0.008578995819042416,0.5446409583091736,0.8,0.7633986928104575,0.736111111111111,0.9256446732861828,0.7969934640522875,0.9843667149543762,1.174875020980835,0.0017708393279463053,0.0011070964392274618,0.001344734220765531,0.0010428914101794362,0.007079655304551125,0.0009631889988668263
115,0.00855017856687341,0.5559444427490234,0.8166666666666667,0.7772519516239939,0.751984126984127,0.9336591736355887,0.813792824495409,0.9842662215232849,1.1756459474563599,0.003479661885648966,0.0009096087887883186,0.0006472666864283383,0.0024324115365743637,0.009794864803552628,0.0008939972030930221
116,0.00852112208214882,0.5575567483901978,0.8166666666666667,0.7772519516239939,0.751984126984127,0.9101040250804401,0.813792824495409,0.9843794703483582,1.176357388496399,0.0029872122686356306,0.0006973961717449129,0.0004332040261942893,0.0009541092440485954,0.002337284618988633,0.000371874455595389
117,0.008491828350840775,0.5471490621566772,0.8166666666666667,0.7914410792459573,0.7891865079365079,0.9112260359312246,0.8166541588492807,0.984289824962616,1.1771345138549805,0.0018293955363333225,0.0004686320316977799,0.0011289699468761683,0.0007303563761524856,0.0028163117822259665,0.0009223644156008959
118,0.0084622993751369,0.5662895441055298,0.8166666666666667,0.7914410792459573,0.7891865079365079,0.905148267176569,0.8166541588492807,0.9835242033004761,1.1783777475357056,0.051702018827199936,0.024010343477129936,0.008471565321087837,0.015135052613914013,0.01460319571197033,0.008357593789696693
119,0.008432537173303462,0.5543065667152405,0.8333333333333334,0.8050595238095237,0.8050595238095237,0.9212347422842706,0.8333333333333334,0.9828052520751953,1.1793385744094849,0.005132945720106363,0.002058453159406781,0.001010374864563346,0.0014426052803173661,0.009022703394293785,0.0010275517124682665
120,0.00840254377954742,0.6396326422691345,0.8333333333333334,0.8050595238095237,0.8050595238095237,0.9354124430775373,0.8333333333333334,0.9823611974716187,1.1795427799224854,0.0024423031136393547,0.002789021236822009,0.0006647103582508862,0.0015012419316917658,0.024477966129779816,0.000801221642177552
121,0.008372321243877393,0.5679510235786438,0.8666666666666667,0.8420224761688176,0.8258928571428571,0.9472677097971909,0.8657475316011902,0.9817796349525452,1.1796823740005493,0.0038801701739430428,0.0037426024209707975,0.0010674268705770373,0.0018464229069650173,0.012934704311192036,0.002110057044774294
122,0.00834187163196355,0.5374451875686646,0.8833333333333333,0.8549177190968237,0.8363095238095237,0.9526509261179071,0.8823555300420973,0.9815113544464111,1.1799407005310059,0.0031051835976541042,0.004371778108179569,0.0005437076324597001,0.002408630447462201,0.0057134139351546764,0.0004118005745112896
123,0.008311197024996417,0.5302606821060181,0.8833333333333333,0.8549177190968237,0.8363095238095237,0.9487345071071486,0.8823555300420973,0.9807262420654297,1.180119276046753,0.0012159522157162428,0.00046843563904985785,0.000615292286965996,0.0011292503913864493,0.002418674761429429,0.0005687869270332158
124,0.008280299519544634,0.576237678527832,0.8,0.7628648233486942,0.7842261904761904,0.9221053775888682,0.803024193548387,0.9775402545928955,1.180708885192871,0.014819944277405739,0.005034234840422869,0.003520810278132558,0.006053477060049772,0.020844748243689537,0.004813721869140863
125,0.008249181227411657,0.54796302318573,0.8,0.7628648233486942,0.7842261904761904,0.9100266926033435,0.803024193548387,0.974321722984314,1.181166172027588,0.005397918168455362,0.0024115843698382378,0.0011438173241913319,0.0033122047316282988,0.006301594898104668,0.0014645508490502834
126,0.008217844275491416,0.5801876783370972,0.8166666666666667,0.7761485352948766,0.7946428571428571,0.917135941015658,0.8204453800490386,0.9713373780250549,1.1818432807922363,0.005412837956100702,0.0037842581514269114,0.0014657900901511312,0.0038329565431922674,0.013589711859822273,0.003000405617058277
127,0.008186290805622951,0.5469359755516052,0.8333333333333334,0.7895833333333333,0.8050595238095237,0.9310670058016757,0.8379166666666668,0.9690660238265991,1.182794451713562,0.005705441348254681,0.00437565054744482,0.0020270058885216713,0.004340323153883219,0.01226436160504818,0.002207233104854822
128,0.008154522974444009,0.5557252764701843,0.8333333333333334,0.7956487956487956,0.7996031746031745,0.9367453934081293,0.8354312354312353,0.9673711657524109,1.1837846040725708,0.006177100818604231,0.003411178942769766,0.001864083344116807,0.003238450735807419,0.01740831695497036,0.001872335677035153
129,0.008122542953243656,0.5666667819023132,0.85,0.8094017094017095,0.8154761904761904,0.9405286853694873,0.8522649572649573,0.9655271768569946,1.1841235160827637,0.00439533730968833,0.003673672443255782,0.0014866857090964913,0.0035539744421839714,0.012199018150568008,0.0012211650609970093
130,0.008090352927813856,0.530596911907196,0.8333333333333334,0.7895833333333333,0.8050595238095237,0.9395525203308223,0.8379166666666668,0.9636269211769104,1.1841137409210205,0.002513297600671649,0.008361045271158218,0.0011549253249540925,0.006799917668104172,0.01601562835276127,0.001191593473777175
131,0.008057955098300092,0.5244741439819336,0.8333333333333334,0.7895833333333333,0.8050595238095237,0.9338944707458858,0.8379166666666668,0.9618215560913086,1.1839158535003662,0.0013423935743048787,0.003541375743225217,0.0009674808825366199,0.001415911829099059,0.006384790875017643,0.0007293127127923071
132,0.008025351679050973,0.5579379796981812,0.85,0.8210084033613446,0.8526785714285715,0.9359789679659963,0.8544957983193278,0.9601484537124634,1.1836068630218506,0.003518064273521304,0.005207736976444721,0.001425044029019773,0.007310731336474419,0.0072715445421636105,0.0013439632020890713
133,0.0079925448984669,0.5622760653495789,0.8333333333333334,0.7956487956487956,0.7996031746031745,0.9359507707090255,0.8354312354312353,0.958940327167511,1.183505654335022,0.003299126634374261,0.0015717820497229695,0.0020646045450121164,0.0034016475547105074,0.007085059303790331,0.001082997303456068
134,0.007959536998847744,0.5445064306259155,0.8333333333333334,0.7956487956487956,0.7996031746031745,0.9292902786416938,0.8354312354312353,0.9579150080680847,1.183605432510376,0.0010264333104714751,0.0006976620061323047,0.0004130298038944602,0.0016039087204262614,0.0074176727794110775,0.0004369307716842741
135,0.007926330236239594,0.5596129298210144,0.8333333333333334,0.7956487956487956,0.7996031746031745,0.9214778986300213,0.8354312354312353,0.957058310508728,1.184873342514038,0.0057042911648750305,0.0038265970069915056,0.00366220367141068,0.005543706938624382,0.02350996620953083,0.004652261268347502
136,0.00789292688028057,0.5452584028244019,0.8166666666666667,0.7824786324786325,0.7891865079365079,0.9156800626435061,0.818354700854701,0.9564672708511353,1.1861339807510376,0.0013519878266379237,0.0008733916911296546,0.0004822423798032105,0.0030991612002253532,0.004734287038445473,0.0005765815149061382
137,0.00785932921404568,0.5831958055496216,0.8166666666666667,0.7815309417823165,0.7837301587301587,0.9183396639174942,0.8182857641616478,0.9563832879066467,1.1883995532989502,0.016591472551226616,0.00646935123950243,0.005926224403083324,0.016009671613574028,0.042297668755054474,0.006684678141027689
138,0.007825539533890782,0.5230816602706909,0.8166666666666667,0.7815309417823165,0.7837301587301587,0.9130545980487019,0.8182857641616478,0.9563440084457397,1.190421223640442,0.003824933199211955,0.007527323439717293,0.0021519570145756006,0.008844590745866299,0.008670451119542122,0.0019509157864376903
139,0.007791560149295626,0.5259629487991333,0.8166666666666667,0.7815309417823165,0.7837301587301587,0.9143250944548115,0.8182857641616478,0.9561173319816589,1.1922266483306885,0.0023029108997434378,0.0015899254940450191,0.0010548115242272615,0.0025267433375120163,0.007194028701633215,0.0009919641306623816
140,0.007757393382706014,0.6204996109008789,0.8333333333333334,0.7956487956487956,0.7996031746031745,0.9019776356156073,0.8354312354312353,0.9554691314697266,1.1937490701675415,0.007876903750002384,0.005152239929884672,0.003901782678440213,0.010637630708515644,0.027466576546430588,0.004898871295154095
141,0.00772304156937506,0.5582178831100464,0.8333333333333334,0.8152841781874041,0.8422619047619048,0.8987711275447124,0.8348118279569893,0.9544699788093567,1.1946511268615723,0.007837562821805477,0.004312791861593723,0.005321278236806393,0.009963536635041237,0.02617950737476349,0.004480831325054169
142,0.00768850705720357,0.5672287940979004,0.8333333333333334,0.8076455388356893,0.847718253968254,0.9133174324801684,0.8360997112023104,0.9537497162818909,1.195343255996704,0.0016760689904913306,0.0016055959276854992,0.0009980301838368177,0.004813213367015123,0.012949044816195965,0.0009892511880025268
143,0.00765379220657958,0.6653403639793396,0.8333333333333334,0.8076455388356893,0.847718253968254,0.9308347683937307,0.8360997112023104,0.9533014297485352,1.1959028244018555,0.005927966441959143,0.005117698572576046,0.0044223107397556305,0.0059498571790754795,0.04006097465753555,0.004054956138134003
144,0.007618899390217016,0.5841363668441772,0.85,0.8210344246988414,0.8581349206349206,0.9436225244008263,0.8536644165863067,0.9536223411560059,1.196334958076477,0.006497648544609547,0.004783494397997856,0.0018138200975954533,0.006479726172983646,0.013166237622499466,0.0030276330653578043
145,0.007583830992993526,0.5429433584213257,0.85,0.8207192188616338,0.8472222222222222,0.9538983247709663,0.8549980154004923,0.9535367488861084,1.1968655586242676,0.00436420738697052,0.0024387978482991457,0.001600824878551066,0.005954768043011427,0.007401765324175358,0.00303971441462636
146,0.007548589411787477,0.556410551071167,0.8333333333333334,0.8145833333333333,0.8368055555555555,0.9576330814538362,0.8349999999999999,0.9525258541107178,1.1979206800460815,0.007979112677276134,0.004939509090036154,0.002164213452488184,0.003754053730517626,0.024447746574878693,0.0021575256250798702
147,0.007513177055314133,0.5570864081382751,0.85,0.8371794871794872,0.8472222222222222,0.9362053859400558,0.8503205128205129,0.951580286026001,1.198777198791504,0.0021281717345118523,0.0021215227898210287,0.0020126185845583677,0.006019545253366232,0.009779450483620167,0.0018219661433249712
148,0.0074775963439610155,0.5299830436706543,0.85,0.8371794871794872,0.8472222222222222,0.9404870494198324,0.8503205128205129,0.9512218236923218,1.1997096538543701,0.007562266197055578,0.0023223767057061195,0.0019823191687464714,0.004993299022316933,0.007646614219993353,0.0013953112065792084
149,0.007441849709622487,0.5475339889526367,0.85,0.8371794871794872,0.8472222222222222,0.9426065232374196,0.8503205128205129,0.951212465763092,1.2006505727767944,0.004093430005013943,0.0012847882462665439,0.000970078690443188,0.00379172689281404,0.0032618758268654346,0.0012952176621183753
150,0.007405939595533515,0.5468775033950806,0.8333333333333334,0.8145833333333333,0.8368055555555555,0.9408445546417245,0.8349999999999999,0.951633632183075,1.2015269994735718,0.004174037370830774,0.003580395132303238,0.0013248223112896085,0.00571678439155221,0.011080330237746239,0.0022570129949599504
151,0.007369868456102699,0.5481639504432678,0.8333333333333334,0.8135300372142478,0.8313492063492064,0.944219046371169,0.8347620946305156,0.95273756980896,1.2026842832565308,0.007401005364954472,0.006815019994974136,0.0014870386803522706,0.007176659535616636,0.010417813435196877,0.002088182605803013
152,0.0073336387567445056,0.5629729628562927,0.8666666666666667,0.8416666666666667,0.8630952380952381,0.9318373308644535,0.8691666666666668,0.9541425108909607,1.2041518688201904,0.004205286502838135,0.002789526479318738,0.0012375686783343554,0.0023176141548901796,0.0100508201867342,0.0013972793240100145
153,0.007297252973710758,0.5366271138191223,0.8166666666666667,0.7902064767736409,0.7837301587301587,0.921793887890586,0.8162839647914275,0.9558042883872986,1.205458641052246,0.002773938002064824,0.003671092912554741,0.002086585620418191,0.010308182798326015,0.0173273216933012,0.001286997925490141
154,0.007260713593921394,0.5279923677444458,0.8166666666666667,0.7872722780061551,0.7410714285714285,0.8962160960981715,0.8118684996742817,0.9576607942581177,1.2066402435302734,0.0025673871859908104,0.0013870298862457275,0.0009178928448818624,0.00128136295825243,0.0044587706215679646,0.0008558406843803823
155,0.007224023114794484,0.6107088923454285,0.7833333333333333,0.7651186790505676,0.7946428571428571,0.9205743265295151,0.7853353973168214,0.9588645696640015,1.2075010538101196,0.00491613894701004,0.00409169914200902,0.0011846742127090693,0.0032840417698025703,0.011432042345404625,0.0012409825576469302
156,0.00718718404407554,0.5535411834716797,0.8,0.7932504873294347,0.8422619047619048,0.915155173704702,0.8003898635477583,0.9588624835014343,1.2083876132965088,0.009264296852052212,0.0038999775424599648,0.001954486360773444,0.006225413642823696,0.021902352571487427,0.002950455294921994
157,0.0071501988996661115,0.559809684753418,0.8166666666666667,0.807895807895808,0.8581349206349206,0.9181031669239217,0.8181318681318681,0.959430456161499,1.2091805934906006,0.004030625335872173,0.0010791070526465774,0.0009213523590005934,0.0017990819178521633,0.007491478696465492,0.0008759868214838207
158,0.007113070209451689,0.5554223656654358,0.8166666666666667,0.8004273504273504,0.8209325396825397,0.9152183475591494,0.8177564102564102,0.96010422706604,1.20998215675354,0.001967223361134529,0.001263254089280963,0.0008545179152861238,0.002449885243549943,0.0036366377025842667,0.0004120400990359485
159,0.007075800511128927,0.5193181037902832,0.8,0.7684537684537686,0.7733134920634921,0.9338612939733223,0.8013209013209014,0.960411787033081,1.2107126712799072,0.003415145445615053,0.0008348992560058832,0.0005126570467837155,0.0015296979108825326,0.0011949593899771571,0.0005097025423310697
160,0.0070383923520322,0.5578919649124146,0.8,0.7684537684537686,0.7733134920634921,0.942333369809785,0.8013209013209014,0.9607890248298645,1.2112329006195068,0.001001133001409471,0.0008673908305354416,0.0006971692782826722,0.001472950796596706,0.004412871319800615,0.0006716229836456478
161,0.007000848288959491,0.5606141090393066,0.8,0.7684537684537686,0.7733134920634921,0.9450774428663579,0.8013209013209014,0.9614932537078857,1.2117838859558105,0.0039199041202664375,0.0037491859402507544,0.0034652180038392544,0.005315537564456463,0.00988845806568861,0.0013954730238765478
162,0.006963170887997639,0.5425072312355042,0.8166666666666667,0.7824786324786325,0.7891865079365079,0.9504811171969191,0.818354700854701,0.9623749852180481,1.211704134941101,0.002246010350063443,0.003773269010707736,0.00031734537333250046,0.0019398763542994857,0.010140404105186462,0.00029476129566319287
163,0.006925362724346952,0.53936767578125,0.8333333333333334,0.7800402212166918,0.7624007936507936,0.942950229801645,0.8318250377073907,0.9633581638336182,1.211687684059143,0.001448378199711442,0.001138645107857883,0.0003779490361921489,0.0006229224964044988,0.0021274518221616745,0.00029795171576552093
164,0.006887426382145193,0.5248227119445801,0.8166666666666667,0.7374581939799331,0.714781746031746,0.9434971365985517,0.8117707172054998,0.9643531441688538,1.2117904424667358,0.0012995890574529767,0.0016424519708380103,0.00030231138225644827,0.0006477858987636864,0.002930805552750826,0.00035164403379894793
165,0.006849364454290958,0.5303454399108887,0.8166666666666667,0.7374581939799331,0.714781746031746,0.9449629740018892,0.8117707172054998,0.9652453064918518,1.2118370532989502,0.0013554181205108762,0.0032166019082069397,0.0006294099148362875,0.0005669312668032944,0.002253836952149868,0.0005549322813749313
166,0.006811179542266458,0.5342569351196289,0.8166666666666667,0.7374581939799331,0.714781746031746,0.9511679303837323,0.8117707172054998,0.9657087326049805,1.2117154598236084,0.0036690058186650276,0.0035623060539364815,0.002173813059926033,0.002754444954916835,0.01218672376126051,0.0013889713445678353
167,0.006772874255959703,0.5223846435546875,0.8333333333333334,0.7956487956487956,0.7996031746031745,0.9558498149300036,0.8354312354312353,0.9652423858642578,1.2113133668899536,0.007012543734163046,0.006303288508206606,0.0013041183119639754,0.0107605941593647,0.010840125381946564,0.001752087497152388
168,0.006734451213486133,0.5324767827987671,0.85,0.8094017094017095,0.8154761904761904,0.9492515368104991,0.8522649572649573,0.9638422727584839,1.2106704711914062,0.007461767178028822,0.010049141943454742,0.0022372922394424677,0.006399067584425211,0.018937254324555397,0.00214722310192883
169,0.006695913041009662,0.5558304786682129,0.85,0.8094055307170062,0.8263888888888888,0.9401967376613602,0.8506044047027653,0.962989330291748,1.210228681564331,0.004322910215705633,0.0033711488358676434,0.0011568710906431079,0.005246121436357498,0.0066286190412938595,0.0016515181632712483
170,0.006657262372563185,0.5757172107696533,0.85,0.8095238095238094,0.8209325396825397,0.9429988850684605,0.8515873015873014,0.9650658369064331,1.2111529111862183,0.05039156228303909,0.022401252761483192,0.025806793943047523,0.028878655284643173,0.12255513668060303,0.013589395210146904
171,0.006618501849868548,0.5391083359718323,0.8666666666666667,0.8228319783197833,0.8313492063492064,0.9468035949462837,0.8688346883468835,0.9670745134353638,1.2119429111480713,0.0024728337302803993,0.0026288721710443497,0.0010503296507522464,0.00499687111005187,0.005072999745607376,0.0011620871955528855
172,0.006579634122155991,0.5305848121643066,0.8333333333333334,0.7733134920634921,0.7733134920634921,0.9488036203838092,0.8333333333333334,0.96831214427948,1.2132444381713867,0.005552021786570549,0.012047447264194489,0.0024923747405409813,0.003920658491551876,0.01785171963274479,0.0024203446228057146
173,0.006540661845983073,0.5262657999992371,0.8333333333333334,0.7733044733044734,0.7678571428571428,0.940372460567036,0.8341919191919193,0.9696888327598572,1.2145071029663086,0.004537054803222418,0.0093738017603755,0.0016110389260575175,0.004532800521701574,0.00847332552075386,0.0016259143594652414
174,0.0065015876850531016,0.6016783714294434,0.8166666666666667,0.7600821942285357,0.7574404761904762,0.9349815049991937,0.8170606629143216,0.9687569737434387,1.2150732278823853,0.051401495933532715,0.07460616528987885,0.008682993240654469,0.02580564096570015,0.051386114209890366,0.02137419767677784
175,0.006462414310033072,0.5966370701789856,0.8166666666666667,0.7815309417823165,0.7837301587301587,0.9390105930495082,0.8182857641616478,0.9681506156921387,1.2156682014465332,0.00548511790111661,0.004277288913726807,0.002687327563762665,0.0037316540256142616,0.016723763197660446,0.0024975831620395184
176,0.0064231443983711325,0.559470534324646,0.8166666666666667,0.7929189489561007,0.8209325396825397,0.9374738425445973,0.8201667063586568,0.9673682451248169,1.216303825378418,0.0029420224018394947,0.000993759254924953,0.00044499558862298727,0.0012254056055098772,0.005221514496952295,0.0007785026100464165
177,0.006383780634113578,0.5791880488395691,0.8,0.7746031746031745,0.8214285714285715,0.9388424894026309,0.8044444444444444,0.9660588502883911,1.2169435024261475,0.009644722566008568,0.0050423964858055115,0.001225457526743412,0.007457525469362736,0.025344042107462883,0.002279181033372879
178,0.006344325707721409,0.6001709699630737,0.85,0.8287266488753335,0.8581349206349206,0.9398041358536643,0.8514471343245648,0.9654501080513,1.2175464630126953,0.009421020746231079,0.007265035528689623,0.0023455170448869467,0.010494623333215714,0.014204454608261585,0.0023615381214767694
179,0.006304782315886434,0.552263617515564,0.8666666666666667,0.841919191919192,0.8740079365079364,0.943004704502346,0.8679040404040405,0.964912474155426,1.218169927597046,0.0023473012261092663,0.00344286160543561,0.0012739201774820685,0.002495009917765856,0.007465971168130636,0.0016272554639726877
180,0.0062651531613469565,0.5820026993751526,0.8,0.7684537684537686,0.7733134920634921,0.9422129615231031,0.8013209013209014,0.9648392200469971,1.2189682722091675,0.014476889744400978,0.0175011046230793,0.0036212692502886057,0.009944542311131954,0.026514319702982903,0.007033973000943661
181,0.00622544095270305,0.553905189037323,0.8166666666666667,0.7824786324786325,0.7891865079365079,0.9444433045553328,0.818354700854701,0.9645780920982361,1.2194204330444336,0.0058355629444122314,0.013719853013753891,0.0010944352252408862,0.009893259033560753,0.01208572369068861,0.004412283655256033
182,0.006185648404231421,0.5580697655677795,0.85,0.8095238095238094,0.8209325396825397,0.9428707375346527,0.8515873015873014,0.9641616344451904,1.219428539276123,0.004629045724868774,0.005020894110202789,0.0015669938875362277,0.003512976225465536,0.011561403051018715,0.003303567413240671
183,0.0061457782356999025,0.5567499399185181,0.8666666666666667,0.8277603622431208,0.8794642857142857,0.9493213700171248,0.8716388018112156,0.9638338685035706,1.2189900875091553,0.00346939405426383,0.00462016835808754,0.0016647856682538986,0.005179126281291246,0.017734931781888008,0.004040211904793978
184,0.006105833172181549,0.5325117111206055,0.85,0.8094098883572567,0.8690476190476191,0.940610397420539,0.8568979266347687,0.9640160799026489,1.2189360857009888,0.009037555195391178,0.0024872554931789637,0.0016075029270723462,0.002894181292504072,0.015841053798794746,0.003983937669545412
185,0.006065815943868391,0.5614044666290283,0.9,0.8681818181818182,0.9002976190476191,0.9488094398176946,0.9015909090909091,0.9645962715148926,1.2193632125854492,0.005611510947346687,0.006365170702338219,0.002413734793663025,0.004197994247078896,0.017640814185142517,0.005415808875113726
186,0.006025729285884828,0.5363998413085938,0.9,0.8681818181818182,0.9002976190476191,0.9521576541034089,0.9015909090909091,0.9653890132904053,1.219995379447937,0.0035912729799747467,0.0024281726218760014,0.0013038375182077289,0.013762915506958961,0.027594927698373795,0.0036929016932845116
187,0.005985575938100685,0.5249909162521362,0.8666666666666667,0.8419098822324629,0.8685515873015873,0.9596680834888383,0.8686827956989248,0.9661844968795776,1.220588207244873,0.001642925781197846,0.00274727214127779,0.0006640901556238532,0.0011723501374945045,0.0018452132353559136,0.0006144377985037863
188,0.005945358644943944,0.5317157506942749,0.85,0.8095238095238094,0.8209325396825397,0.951420625801522,0.8515873015873014,0.9668881297111511,1.2212885618209839,0.0015934242401272058,0.004934819880872965,0.0007477994076907635,0.002797269495204091,0.00730502512305975,0.0033874367363750935
189,0.005905080155213171,0.5492454767227173,0.85,0.828397212543554,0.8526785714285715,0.952136476163599,0.8519599303135889,0.967371940612793,1.221961498260498,0.004596619866788387,0.007659128401428461,0.0013324241153895855,0.020607734099030495,0.016462456434965134,0.005985597148537636
190,0.005864743221889634,0.5241439342498779,0.85,0.828397212543554,0.8526785714285715,0.95715528793359,0.8519599303135889,0.9677248597145081,1.22251296043396,0.001919425674714148,0.0015278840437531471,0.001452734344638884,0.0029837056063115597,0.005975489038974047,0.002447296166792512
191,0.005824350601949144,0.5184470415115356,0.8666666666666667,0.8419098822324629,0.8685515873015873,0.9429919857396273,0.8686827956989248,0.9680700302124023,1.222856879234314,0.001122659188695252,0.0017343176295980811,0.0008935003424994648,0.0007442627684213221,0.006731833331286907,0.0023793939035385847
192,0.0057839050561736185,0.522233247756958,0.8666666666666667,0.8419098822324629,0.8685515873015873,0.9397632198339746,0.8686827956989248,0.9684417247772217,1.2232956886291504,0.0015903799794614315,0.000909633410628885,0.00035159679828211665,0.002475903369486332,0.008754847571253777,0.002200739225372672
193,0.005743409348962387,0.5163715481758118,0.8666666666666667,0.8419098822324629,0.8685515873015873,0.9396087948564364,0.8686827956989248,0.9686670303344727,1.2236766815185547,0.002296636812388897,0.0010738794226199389,0.00014859922521281987,0.0021498382557183504,0.0013918237527832389,0.0004258299886714667
194,0.005702866248143243,0.5267927050590515,0.8666666666666667,0.8419098822324629,0.8685515873015873,0.9394893464763748,0.8686827956989248,0.9687688946723938,1.223827600479126,0.0026712825056165457,0.004288631957024336,0.0009255282930098474,0.0015039524296298623,0.009732676669955254,0.00487293116748333
195,0.005662278524783272,0.5194429159164429,0.85,0.8095238095238094,0.8209325396825397,0.941419418718947,0.8515873015873014,0.9688133001327515,1.2239654064178467,0.0016809917287901044,0.0011057429946959019,0.0008249206584878266,0.00020238448632881045,0.0016932240687310696,0.0003514147247187793
196,0.005621648952999453,0.5136885643005371,0.8666666666666667,0.8226223222472284,0.8368055555555555,0.9405559227198378,0.8678753021588731,0.9688815474510193,1.2241154909133911,0.00039196902071125805,0.0003415317041799426,0.00021165153884794563,0.00039311294676735997,0.002012270502746105,0.0007532697054557502
197,0.005580980309769044,0.5191184878349304,0.8833333333333333,0.8354860076171552,0.8526785714285715,0.9401489223128374,0.8839998344096703,0.969199001789093,1.224050760269165,0.0038474653847515583,0.001823769765906036,0.0006789218168705702,0.0029220986180007458,0.010275822132825851,0.0014231798704713583
198,0.005540275374739791,0.5161347985267639,0.8833333333333333,0.8354860076171552,0.8526785714285715,0.9389628976893128,0.8839998344096703,0.9695600271224976,1.2241069078445435,0.0016577431233599782,0.001650441437959671,0.0008664253982715309,0.005729005206376314,0.00935972947627306,0.0025464037898927927
199,0.0054995369300399315,0.5369829535484314,0.85,0.8095238095238094,0.8209325396825397,0.9358255028950784,0.8515873015873014,0.9706401228904724,1.2242485284805298,0.011380283161997795,0.00452573923394084,0.0029653834644705057,0.003973814658820629,0.025808008387684822,0.00840811338275671
200,0.005458767760088046,0.537006676197052,0.8333333333333334,0.7961551490514905,0.8050595238095237,0.947538943411585,0.8350948509485094,0.9717164635658264,1.2244465351104736,0.007085377350449562,0.022201044484972954,0.0014290049439296126,0.008520194329321384,0.008325399830937386,0.002116050338372588
201,0.0054179706514027445,0.5282350778579712,0.8666666666666667,0.8228319783197833,0.8313492063492064,0.9466054942175225,0.8688346883468835,0.9711159467697144,1.224397897720337,0.0066994065418839455,0.009523133747279644,0.002329189097508788,0.008082590065896511,0.04444333538413048,0.013399346731603146
202,0.005377148392412213,0.5279900431632996,0.8666666666666667,0.8228319783197833,0.8313492063492064,0.9567268696101244,0.8688346883468835,0.9706292152404785,1.2242891788482666,0.002590104006230831,0.0018530342495068908,0.0012224455131217837,0.0014819774078205228,0.007870540954172611,0.002499069320037961
203,0.005336303773263628,0.5265464186668396,0.8833333333333333,0.8354860076171552,0.8526785714285715,0.957470917229172,0.8839998344096703,0.969790518283844,1.224568486213684,0.009350484237074852,0.00737790996208787,0.001976656960323453,0.004937098827213049,0.025770919397473335,0.008106093853712082
204,0.005295439585632452,0.5178326964378357,0.9,0.8573523250942606,0.8630952380952381,0.9517379349336897,0.8991446725317693,0.9691162109375,1.224821925163269,0.0011832143645733595,0.000761144096031785,0.0002813756000250578,0.0010204180143773556,0.0022362854797393084,0.0006333321798592806
205,0.005254558622531626,0.5364804863929749,0.9,0.8573523250942606,0.8630952380952381,0.9512464627441043,0.8991446725317693,0.9686392545700073,1.2249345779418945,0.0038446367252618074,0.00277400529012084,0.0014243051409721375,0.003908070269972086,0.008407987654209137,0.002626193920150399
206,0.005213663678120677,0.5273200273513794,0.8666666666666667,0.8226223222472284,0.8368055555555555,0.9460100521421276,0.8678753021588731,0.9684107303619385,1.2249083518981934,0.01114747580140829,0.00466286251321435,0.0016585534904152155,0.004769406747072935,0.010649739764630795,0.0027204002253711224
207,0.005172757547514729,0.5217986702919006,0.8666666666666667,0.8226223222472284,0.8368055555555555,0.9426192420001382,0.8678753021588731,0.9684520363807678,1.2248706817626953,0.005082530435174704,0.00234178826212883,0.0014158409321680665,0.0026479975786060095,0.004751961678266525,0.0021577156148850918
208,0.0051318430265934745,0.5125758647918701,0.8666666666666667,0.8226223222472284,0.8368055555555555,0.9430458604986907,0.8678753021588731,0.9683736562728882,1.2247833013534546,0.0014264637138694525,0.0027089023496955633,0.0007369702216237783,0.004747665952891111,0.004364645574241877,0.0015124615747481585
209,0.005090922911810069,0.5292384624481201,0.8333333333333334,0.7961551490514905,0.8050595238095237,0.9333529034295543,0.8350948509485094,0.9684295654296875,1.2246553897857666,0.019227808341383934,0.0038455415051430464,0.0020151303615421057,0.02791186422109604,0.014333273284137249,0.006813524290919304
210,0.005050000000000001,0.5118352770805359,0.8,0.7425874291545934,0.736111111111111,0.932321303783568,0.7996172981247608,0.9684644341468811,1.2245445251464844,0.0005438901134766638,0.0016454937867820263,0.00018456962425261736,0.0006386787281371653,0.0016331576043739915,0.0005561196012422442
211,0.005009077088189933,0.527712345123291,0.8,0.7425874291545934,0.736111111111111,0.9328477525706299,0.7996172981247608,0.9679244756698608,1.2245762348175049,0.015960076823830605,0.009244442917406559,0.001373568084090948,0.009288446046411991,0.012121282517910004,0.006160150747746229
212,0.004968156973406526,0.5171289443969727,0.8166666666666667,0.7566378066378067,0.751984126984127,0.9342376973568012,0.8166919191919192,0.9674191474914551,1.2245924472808838,0.0004885981907136738,0.00038028450217098,0.000499686342664063,0.00042066496098414063,0.0017956127412617207,0.0006513406988233328
213,0.0049272424524852716,0.5124832987785339,0.8166666666666667,0.7566378066378067,0.751984126984127,0.9327146255212293,0.8166919191919192,0.9670184850692749,1.2246272563934326,0.0006533678388223052,0.0005562123842537403,0.0001887385151349008,0.0007913911831565201,0.0012882152805104852,0.0003649924183264375
214,0.004886336321879326,0.515550434589386,0.8333333333333334,0.770338604484946,0.7678571428571428,0.9273868438078344,0.8334709193245778,0.9666392803192139,1.224698781967163,0.004022243898361921,0.002554199192672968,0.0006608315743505955,0.0008951514028012753,0.004216367844492197,0.0008800635696388781
215,0.004845441377468376,0.5227562785148621,0.8333333333333334,0.770338604484946,0.7678571428571428,0.9263339462337105,0.8334709193245778,0.966339647769928,1.2246893644332886,0.006023185793310404,0.003395245410501957,0.002284000860527158,0.01009842474013567,0.005737941712141037,0.0012700391234830022
216,0.004804560414367551,0.5273804068565369,0.8333333333333334,0.770338604484946,0.7678571428571428,0.9223680320378432,0.8334709193245778,0.9662792086601257,1.224755883216858,0.010401842184364796,0.0013769088545814157,0.0009748307056725025,0.0014387519331648946,0.009243927896022797,0.0024493883829563856
217,0.004763696226736375,0.5155417919158936,0.8,0.7425874291545934,0.736111111111111,0.9238287699372605,0.7996172981247608,0.9664647579193115,1.225045919418335,0.05428711697459221,0.017585672438144684,0.008358558639883995,0.01981334201991558,0.1147378608584404,0.014225422404706478
218,0.0047228516075877875,0.5159343481063843,0.8166666666666667,0.7629462041226747,0.7465277777777777,0.9326804888420455,0.8138763197586727,0.9666668772697449,1.2254022359848022,0.009387114085257053,0.001690229750238359,0.0020367465913295746,0.006047408562153578,0.009395311586558819,0.001430309610441327
219,0.004682029348597257,0.5135040879249573,0.8,0.7504018369690012,0.736111111111111,0.942710493123229,0.7975660160734788,0.9669800400733948,1.2257198095321655,0.003634950378909707,0.004337375983595848,0.0006824738229624927,0.0011403250973671675,0.0019689674954861403,0.001439933548681438
220,0.004641232239911956,0.5135804414749146,0.8166666666666667,0.7643792521841303,0.751984126984127,0.9467904562244186,0.8145640267591486,0.9672789573669434,1.2260323762893677,0.001748727634549141,0.00227131019346416,0.0008198104915209115,0.0031346117611974478,0.0025345664471387863,0.0005896387156099081
221,0.00460046306996007,0.5122056603431702,0.8333333333333334,0.7872022003802127,0.7624007936507936,0.9452960016049637,0.8297132225053593,0.9677025675773621,1.2262763977050781,0.001021072268486023,0.0007854417199268937,0.00025332992663607,0.0013548205606639385,0.0027887090109288692,0.0017463176045566797
222,0.00455972462526021,0.5304559469223022,0.8333333333333334,0.778021978021978,0.7678571428571428,0.9457379786094409,0.8312820512820512,0.9680111408233643,1.2264248132705688,0.010092156007885933,0.003429147880524397,0.0010879769688472152,0.0030810285825282335,0.006850486621260643,0.001349290949292481
223,0.0045190196902309574,0.5252028107643127,0.8333333333333334,0.778021978021978,0.7678571428571428,0.9459418987720875,0.8312820512820512,0.9683977365493774,1.2266737222671509,0.006324860267341137,0.003002776298671961,0.001767511130310595,0.0010487203253433108,0.010302774608135223,0.00363524304702878
224,0.00447835104700055,0.5175285339355469,0.8333333333333334,0.778021978021978,0.7678571428571428,0.9339740830012055,0.8312820512820512,0.9684174060821533,1.2266913652420044,0.012231914326548576,0.005228697322309017,0.0019466440426185727,0.002529151737689972,0.015612023882567883,0.004464966244995594
225,0.004437721475216731,0.5400009751319885,0.8333333333333334,0.770764119601329,0.7733134920634921,0.9230728434737868,0.8331118493909192,0.9682394862174988,1.2266783714294434,0.015050046145915985,0.008063389919698238,0.004556623753160238,0.005741955246776342,0.010442330501973629,0.004259283654391766
226,0.00439713375185676,0.5382106900215149,0.85,0.7838290741516548,0.7891865079365079,0.9268348375070073,0.8493646138807429,0.9679367542266846,1.2266559600830078,0.007064840290695429,0.0023721379693597555,0.005022483412176371,0.0093922708183527,0.006329089403152466,0.0029624325688928366
227,0.004356590651037616,0.5319077968597412,0.8333333333333334,0.770764119601329,0.7733134920634921,0.9217673704702006,0.8331118493909192,0.9677951335906982,1.2266474962234497,0.010134140029549599,0.0038801152259111404,0.001661678426899016,0.003262400859966874,0.01041204109787941,0.003104472067207098
228,0.004316094943826382,0.5124685764312744,0.8333333333333334,0.770764119601329,0.7733134920634921,0.92235699311171,0.8331118493909192,0.967910885810852,1.226671814918518,0.005336242727935314,0.0019892032723873854,0.0014222520403563976,0.0030573545955121517,0.0036931736394762993,0.0038754220586270094
229,0.0042756493980508565,0.5110790729522705,0.8333333333333334,0.765079365079365,0.7733134920634921,0.9303221182643352,0.8360317460317461,0.9680572748184204,1.226691722869873,0.0005311721470206976,0.0002536483807489276,0.00019057297322433442,0.0008576014661230147,0.0025389131624251604,0.00020025367848575115
230,0.0042352567781103675,0.5243073105812073,0.8166666666666667,0.751710704607046,0.7574404761904762,0.9261881004215909,0.8195392953929539,0.9685385227203369,1.2269054651260376,0.014949294738471508,0.0241127647459507,0.007664271630346775,0.00799613818526268,0.024658316746354103,0.008077889680862427
231,0.004194919844786831,0.5258103013038635,0.8333333333333334,0.7961551490514905,0.8050595238095237,0.9193390466975373,0.8350948509485094,0.9688061475753784,1.2265926599502563,0.011109333485364914,0.008154154755175114,0.0035647873301059008,0.0036317661870270967,0.029120152816176414,0.005665562115609646
232,0.004154641355056057,0.5269756317138672,0.85,0.8095238095238094,0.8209325396825397,0.9184610321107961,0.8515873015873014,0.9690925478935242,1.226407527923584,0.0042601232416927814,0.0039435336366295815,0.0019148314604535699,0.0027144697960466146,0.013035878539085388,0.0022586893755942583
233,0.004114424061899316,0.5165139436721802,0.8333333333333334,0.7961551490514905,0.8050595238095237,0.914501897255435,0.8350948509485094,0.9693660736083984,1.2261488437652588,0.007293732836842537,0.005885586142539978,0.0026505545247346163,0.006600115913897753,0.007132648956030607,0.0021122354082763195
234,0.004074270714115174,0.5331089496612549,0.85,0.7862679955703212,0.7891865079365079,0.9139114346956329,0.849390919158361,0.9697005748748779,1.2259281873703003,0.005864037200808525,0.0036251584533602,0.0011516137747094035,0.0015334972413256764,0.008390073664486408,0.0013689303305000067
235,0.004034184056131611,0.5161941647529602,0.85,0.7862679955703212,0.7891865079365079,0.9123875229417683,0.849390919158361,0.9700366258621216,1.2256776094436646,0.006742026191204786,0.0028535923920571804,0.0010196116054430604,0.0010874663712456822,0.005749011877924204,0.0016697498504072428
236,0.003994166827818454,0.5366296172142029,0.85,0.7862679955703212,0.7891865079365079,0.9173218629291743,0.849390919158361,0.9703459143638611,1.2253974676132202,0.0031230049207806587,0.0016771716764196754,0.0014430155279114842,0.0017363849328830838,0.010468052700161934,0.0015465936157852411
237,0.003954221764300101,0.5223859548568726,0.85,0.7862679955703212,0.7891865079365079,0.9222852400918439,0.849390919158361,0.9706136584281921,1.2250802516937256,0.0023921607062220573,0.0019153658067807555,0.0012914128601551056,0.0016697094542905688,0.007781457621604204,0.0026141998823732138
238,0.003914351595768582,0.5270549058914185,0.8,0.7465367965367965,0.7415674603174603,0.927500352765683,0.800530303030303,0.9709886312484741,1.2248880863189697,0.004076049197465181,0.0033290095161646605,0.0022393306717276573,0.0018411348573863506,0.0068542007356882095,0.002445441670715809
239,0.0038745590472969507,0.5129187703132629,0.8,0.745687748783724,0.736111111111111,0.9289943874259913,0.8006191950464395,0.9712780714035034,1.2246663570404053,0.0005796929472126067,0.0008864109986461699,0.0009370227344334126,0.0007273200317285955,0.006097704172134399,0.00098699564114213
240,0.0038348468386530444,0.5512067675590515,0.8,0.7650793650793651,0.7624007936507936,0.9240813453667226,0.7996825396825398,0.9714404940605164,1.2243043184280396,0.00559920072555542,0.005992674268782139,0.002725035883486271,0.0024548606015741825,0.01488895621150732,0.002650865586474538
241,0.0037952176841135675,0.5180355310440063,0.8,0.7650793650793651,0.7624007936507936,0.9262366357000791,0.7996825396825398,0.9715840816497803,1.223974585533142,0.0031546568498015404,0.0024008573964238167,0.001403847592882812,0.0016270843334496021,0.005887607578188181,0.0015457741683349013
242,0.0037556742922785925,0.5153316259384155,0.75,0.7192920532472771,0.7311507936507936,0.9302093292364519,0.751711879790238,0.971733808517456,1.2237025499343872,0.0011388669954612851,0.0009926519123837352,0.001094686915166676,0.003541807411238551,0.004935014992952347,0.000907747307792306
243,0.003716219365886423,0.5149267911911011,0.7833333333333333,0.7485042735042735,0.7628968253968255,0.928510894460187,0.7867628205128205,0.9718863368034363,1.2233792543411255,0.012181876227259636,0.004006544128060341,0.003590152831748128,0.005142464302480221,0.03450252115726471,0.0020066832657903433
244,0.0036768556016288706,0.5141496658325195,0.8,0.7625000000000001,0.7787698412698413,0.927158086061388,0.8037499999999999,0.9720699191093445,1.2230921983718872,0.001128123258240521,0.001580019248649478,0.0012784654973074794,0.002340984530746937,0.0020598198752850294,0.000921530881896615
245,0.00363758568996693,0.528735876083374,0.8166666666666667,0.7761485352948766,0.7946428571428571,0.9293329944862965,0.8204453800490386,0.9722447991371155,1.2228572368621826,0.003991610836237669,0.0027320331428200006,0.001490891445428133,0.002392931841313839,0.00411011790856719,0.002436386188492179
246,0.0035984123149469,0.5126731395721436,0.8333333333333334,0.7894905273937532,0.810515873015873,0.9378395669669254,0.8368951612903227,0.9724326729774475,1.2226605415344238,0.0033943511079996824,0.0012435693060979247,0.0006684836116619408,0.003345913253724575,0.004552510567009449,0.0010913326404988766
247,0.003559338154016929,0.5219271183013916,0.8333333333333334,0.7894905273937532,0.810515873015873,0.9399663000783285,0.8368951612903227,0.9726371169090271,1.2225401401519775,0.0033730408176779747,0.001531301997601986,0.0014608335914090276,0.003100775880739093,0.0068715764209628105,0.0018911573570221663
248,0.003520365877844012,0.5103757977485657,0.8333333333333334,0.7894905273937532,0.810515873015873,0.9394398512912664,0.8368951612903227,0.9728208184242249,1.2223831415176392,0.0009356907103210688,0.0002703517966438085,0.000444077595602721,0.0002699580800253898,0.003836114192381501,0.0004261805734131485
249,0.0034814981501314545,0.5125440955162048,0.8333333333333334,0.7894905273937532,0.810515873015873,0.9396292528662812,0.8368951612903227,0.973080575466156,1.2222603559494019,0.004382721148431301,0.0020208992063999176,0.001639735302887857,0.0015500191366299987,0.0030775743070989847,0.0011818519560620189
250,0.0034427376274368173,0.5132304430007935,0.8333333333333334,0.7894905273937532,0.810515873015873,0.9391028040792192,0.8368951612903227,0.9734101295471191,1.222182273864746,0.0032766994554549456,0.0012846417957916856,0.0014182886807247996,0.0005263338098302484,0.0033989124931395054,0.0012572843115776777
251,0.003404086958990339,0.5180181264877319,0.8333333333333334,0.7894905273937532,0.810515873015873,0.939474827888743,0.8368951612903227,0.9737328886985779,1.2220690250396729,0.00038997604860924184,0.0003578747564461082,0.00034595237229950726,0.0007401412585750222,0.0028968038968741894,0.00023625479661859572
252,0.003365548786513867,0.5238388776779175,0.8333333333333334,0.7894905273937532,0.810515873015873,0.9374253072661092,0.8368951612903227,0.9740636348724365,1.2217450141906738,0.009280422702431679,0.004504624754190445,0.003609634004533291,0.003093740437179804,0.027769403532147408,0.003180387429893017
253,0.003327125744040297,0.5109474062919617,0.8333333333333334,0.7894905273937532,0.810515873015873,0.9373903306686326,0.8368951612903227,0.974382221698761,1.2214534282684326,0.0007807956426404417,0.0006533844280056655,0.0003013914974872023,0.0013658080715686083,0.0010057325707748532,0.0004600561806000769
254,0.0032888204577335442,0.5155903100967407,0.8333333333333334,0.7894905273937532,0.810515873015873,0.9375097790486943,0.8368951612903227,0.9746176600456238,1.221184492111206,0.0010857495944947004,0.0006726044812239707,0.0005989762139506638,0.0012066444614902139,0.0031467052176594734,0.0013215014478191733
255,0.0032506355457090426,0.5231843590736389,0.8333333333333334,0.7894905273937532,0.810515873015873,0.9454767040262323,0.8368951612903227,0.974826455116272,1.2209333181381226,0.004438344389200211,0.0025701522827148438,0.001789955305866897,0.0028960718773305416,0.008692269213497639,0.0010406391229480505
256,0.0032125736178548075,0.5095539093017578,0.8333333333333334,0.7894905273937532,0.810515873015873,0.9461857750478034,0.8368951612903227,0.975020170211792,1.2206908464431763,0.0014522786950692534,0.0008732426213100553,0.000886683352291584,0.0018009665654972196,0.0007110500009730458,0.0005727957468479872
257,0.0031746372756530482,0.5113058090209961,0.8333333333333334,0.7894905273937532,0.810515873015873,0.9458137512382795,0.8368951612903227,0.9751161932945251,1.220406174659729,0.007800086867064238,0.0018937770510092378,0.0017524573486298323,0.006722551770508289,0.0073144277557730675,0.0021309400908648968
258,0.0031368291120023616,0.509960412979126,0.8333333333333334,0.7894905273937532,0.810515873015873,0.9450697036192319,0.8368951612903227,0.9751811623573303,1.220122218132019,0.007152816280722618,0.006994699127972126,0.0012684072135016322,0.0006255004554986954,0.005528486333787441,0.0013826159993186593
259,0.0030991517110405113,0.5135293006896973,0.8333333333333334,0.7894905273937532,0.810515873015873,0.9407598428824843,0.8368951612903227,0.9752459526062012,1.2198787927627563,0.003717531682923436,0.0040109106339514256,0.001675912062637508,0.0015195561572909355,0.004443617537617683,0.0009144675568677485
260,0.0030616076479678023,0.5109128952026367,0.8333333333333334,0.7894905273937532,0.810515873015873,0.9406403945024229,0.8368951612903227,0.9753111600875854,1.2196249961853027,0.0017354052979499102,0.0007943730452097952,0.00031996495090425014,0.0009362008422613144,0.00382947432808578,0.0008447688305750489
261,0.0030241994888710747,0.510694682598114,0.8333333333333334,0.7894905273937532,0.810515873015873,0.939741921905837,0.8368951612903227,0.9753775000572205,1.2194013595581055,0.0020468186121433973,0.0005645949859172106,0.0004266688192728907,0.0006608929834328592,0.001306207268498838,0.0007286379695869982
262,0.0029869297905483136,0.5106652975082397,0.8333333333333334,0.7894905273937532,0.810515873015873,0.9383170005221891,0.8368951612903227,0.9754608869552612,1.2192567586898804,0.0016605467535555363,0.0007109898142516613,0.0011760364286601543,0.0008879139204509556,0.0059741586446762085,9.573671559337527e-05
263,0.00294980110033389,0.5255825519561768,0.8333333333333334,0.7894905273937532,0.810515873015873,0.9383170005221891,0.8368951612903227,0.9756108522415161,1.2191641330718994,0.005377795081585646,0.0025509586557745934,0.0018471016082912683,0.0026070293970406055,0.007036699913442135,0.0015206987736746669
264,0.0029128159559244607,0.5096560120582581,0.8333333333333334,0.7894905273937532,0.810515873015873,0.9395874969282988,0.8368951612903227,0.9757665395736694,1.2190752029418945,0.0013397809816524386,0.0005216725403442979,0.00018303646356798708,0.0019466052763164043,0.0018208279507234693,9.640302596380934e-05
265,0.0028759768852055175,0.5146952867507935,0.85,0.8095238095238094,0.8209325396825397,0.9488249183119466,0.8515873015873014,0.9759567975997925,1.2191040515899658,0.011849778704345226,0.0038120411336421967,0.0025596199557185173,0.001979622058570385,0.015736887231469154,0.0021518629509955645
266,0.002839286406078608,0.5091620683670044,0.85,0.8095238095238094,0.8209325396825397,0.9570307400496079,0.8515873015873014,0.9761474132537842,1.2191158533096313,9.755844803294167e-05,4.861276829615235e-05,2.7871757993125357e-05,4.967169661540538e-05,0.00028848290094174445,5.739316839026287e-05
267,0.0028027470262892437,0.5125281810760498,0.85,0.8095238095238094,0.8209325396825397,0.9631657432364981,0.8515873015873014,0.9764436483383179,1.2191779613494873,0.007155278231948614,0.014777859672904015,0.00273567414842546,0.013930628076195717,0.006726158782839775,0.002603149274364114
268,0.002766361243255496,0.5125689506530762,0.8833333333333333,0.8554334554334555,0.841765873015873,0.9629908602491151,0.8823076923076923,0.9767138361930847,1.2192217111587524,0.0006105655338615179,0.0012269496219232678,0.0006138731841929257,0.001402110094204545,0.0006189218256622553,0.0006767454906366765
269,0.002730131543897301,0.5091284513473511,0.8833333333333333,0.8554334554334555,0.841765873015873,0.9616649292356841,0.8823076923076923,0.9769649505615234,1.2192432880401611,0.0005899325478821993,0.00017308637325186282,7.467205432476476e-05,0.00013433389540296048,0.0006560836918652058,0.00016824557678774
270,0.0026940604044664858,0.5105851292610168,0.9,0.8823953823953824,0.8521825396825397,0.959187950196205,0.8987373737373737,0.9771948456764221,1.2192469835281372,0.0007080212817527354,0.00020032509928569198,0.00015978024748619646,0.00015317242650780827,0.0006941900355741382,0.00023441569646820426
271,0.002658150290377515,0.5110830664634705,0.8833333333333333,0.8689681672936133,0.8363095238095237,0.9721420100252648,0.8821512356914615,0.9774335026741028,1.2187254428863525,0.013533496297895908,0.04353031888604164,0.0004586847499012947,0.023183386772871017,0.0409664660692215,0.0025571647565811872
272,0.0026224036560389846,0.50968998670578,0.8833333333333333,0.8665355496341413,0.8253968253968255,0.9719593877907556,0.8806760986338451,0.977660596370697,1.2182559967041016,0.0006071878597140312,0.00022537510085385293,0.0002241228212369606,0.00033839669777080417,0.002545122057199478,0.00018356733198743314
273,0.0025868229446858685,0.5112788677215576,0.8833333333333333,0.8665355496341413,0.8253968253968255,0.9719593877907556,0.8806760986338451,0.9778687357902527,1.217831015586853,0.0020277989096939564,0.0005624201730825007,0.00035362160997465253,0.0013679148396477103,0.0013450502883642912,0.00041232354124076664
274,0.0025514105882125234,0.5188230276107788,0.8833333333333333,0.8665355496341413,0.8253968253968255,0.9692502913316593,0.8806760986338451,0.9780325293540955,1.2173436880111694,0.014854644425213337,0.007980708964169025,0.005002543330192566,0.006505124736577272,0.015570953488349915,0.0023250023368746042
275,0.002516169007006475,0.5090906620025635,0.8333333333333334,0.8266499582289056,0.7886904761904763,0.9632152384216063,0.8306808688387636,0.9781857132911682,1.2169150114059448,0.002075641416013241,0.0014167089248076081,0.000646862608846277,0.0013984352117404342,0.0020388346165418625,0.0006930083618499339
276,0.0024811006097829845,0.5086787939071655,0.85,0.8411371237458193,0.8045634920634921,0.9588781403345082,0.8481698253437384,0.9783357977867126,1.2165191173553467,0.0002659307501744479,9.160904301097617e-05,0.00013856706209480762,0.00015285015979316086,0.0003444531175773591,4.783349868375808e-05
277,0.002446207793420422,0.5092223882675171,0.8666666666666667,0.8552287581699346,0.8204365079365079,0.9608781657720337,0.8653104575163398,0.9784771800041199,1.2161532640457153,0.007771255914121866,0.005602568853646517,0.0015466660261154175,0.0060129063203930855,0.0007756646373309195,0.00032803002977743745
278,0.002411492942796432,0.5089601278305054,0.8666666666666667,0.8552287581699346,0.8204365079365079,0.9613201427765107,0.8653104575163398,0.9786152839660645,1.2158321142196655,0.00028893258422613144,0.0002906259323935956,0.00019829462689813226,0.0009653159650042653,0.003160464344546199,0.0003294596972409636
279,0.0023769584306249435,0.5084718465805054,0.9,0.8823953823953824,0.8521825396825397,0.9625061674000354,0.8987373737373737,0.9787546992301941,1.2155359983444214,0.0013564788969233632,0.00019522261573001742,0.0002789147838484496,0.00017847282288130373,0.000589847331866622,0.0003149719850625843
280,0.0023426066172939877,0.5076520442962646,0.9,0.8823953823953824,0.8521825396825397,0.959965174587816,0.8987373737373737,0.9788904190063477,1.2152581214904785,7.960623770486563e-05,7.940881914692e-05,5.805813998449594e-05,9.109115489991382e-05,0.0005490028997883201,6.871372897876427e-05
281,0.002308439850704377,0.5259228348731995,0.8666666666666667,0.8313492063492064,0.8313492063492064,0.9562721738429286,0.8666666666666667,0.9789050817489624,1.2149953842163086,0.00916222669184208,0.0034388620406389236,0.0026855941396206617,0.0030871862545609474,0.020551834255456924,0.0032084453850984573
282,0.002274460466109219,0.5082665681838989,0.8166666666666667,0.7824786324786325,0.7891865079365079,0.9413768228626719,0.818354700854701,0.9789329171180725,1.2147489786148071,0.00011766780517064035,5.51659832126461e-05,2.7561676688492298e-05,8.332805009558797e-05,0.00015918049030005932,4.2602048779372126e-05
283,0.0022406707859543205,0.5091592669487,0.8166666666666667,0.7824786324786325,0.7891865079365079,0.9326795289354252,0.818354700854701,0.9789746403694153,1.21451735496521,0.0010357358260080218,0.00042801396921277046,0.0002806591510307044,0.0002827686839736998,0.0008177700219675899,0.00013277886318974197
284,0.002207073119719429,0.5151959657669067,0.8333333333333334,0.8145833333333333,0.8368055555555555,0.9333604027000253,0.8349999999999999,0.9790570139884949,1.214267611503601,0.00398730905726552,0.014923935756087303,0.0038298573344945908,0.010915093123912811,0.009662589989602566,0.0034869348164647818
285,0.0021736697637604056,0.5144174098968506,0.85,0.8210344246988414,0.8581349206349206,0.9385055621789112,0.8536644165863067,0.9791144132614136,1.214037299156189,0.008826474659144878,0.003921923227608204,0.002789229154586792,0.0036913754884153605,0.0073501188308000565,0.002025984227657318
286,0.0021404630011522584,0.5146145820617676,0.85,0.8210344246988414,0.8581349206349206,0.9362034661268153,0.8536644165863067,0.9790788292884827,1.2139875888824463,0.07373518496751785,0.06530455499887466,0.009749509394168854,0.021318066865205765,0.020534662529826164,0.012364393100142479
287,0.0021074551015331003,0.5159372687339783,0.8333333333333334,0.8075469369494455,0.8422619047619048,0.9369824903433394,0.8369818423041916,0.9791052341461182,1.2140597105026245,0.009381921961903572,0.006421405356377363,0.0023326342925429344,0.004526665899902582,0.02137686498463154,0.002151227556169033
288,0.0020746483209490257,0.5110297203063965,0.85,0.8210344246988414,0.8581349206349206,0.935768268462844,0.8536644165863067,0.9791002869606018,1.2141342163085938,0.007295678835362196,0.0034379875287413597,0.004285747185349464,0.004621804691851139,0.0028410940431058407,0.00254629272967577
289,0.002042044901699908,0.5122194886207581,0.8333333333333334,0.8075469369494455,0.8422619047619048,0.9327008268635627,0.8369818423041916,0.9791411757469177,1.2142009735107422,0.008348067291080952,0.0034572724252939224,0.0016506653046235442,0.004162327852100134,0.0032820608466863632,0.0028648620937019587
290,0.0020096470721861445,0.5169302821159363,0.8333333333333334,0.8075469369494455,0.8422619047619048,0.9294789602867434,0.8369818423041916,0.9791805744171143,1.214255690574646,0.004632143769413233,0.002290952019393444,0.0007964333053678274,0.0017374983290210366,0.0011859970400109887,0.00255844765342772
291,0.0019774570467563477,0.5185263156890869,0.8333333333333334,0.7894905273937532,0.810515873015873,0.9276470384960951,0.8368951612903227,0.979231059551239,1.2142797708511353,0.004474707879126072,0.0015150110702961683,0.0006328582530841231,0.0008016134379431605,0.0052519687451422215,0.0013870957773178816
292,0.001945477025555992,0.5085338950157166,0.85,0.8095238095238094,0.8209325396825397,0.9271700848941414,0.8515873015873014,0.9792883992195129,1.2142908573150635,0.00021453149383887649,0.00014441418170463294,7.379027374554425e-05,0.00010319983266526833,0.00027450520428828895,6.45684776827693e-05
293,0.0019137091943770502,0.513860285282135,0.85,0.8095238095238094,0.8209325396825397,0.9246785872670307,0.8515873015873014,0.9793732166290283,1.2143306732177734,0.00912213884294033,0.00400968873873353,0.0015993580454960465,0.0017265593633055687,0.006967141758650541,0.0011011636815965176
294,0.0018821557245085828,0.5077113509178162,0.85,0.8095238095238094,0.8209325396825397,0.9310523672257163,0.8515873015873014,0.9794619083404541,1.2143559455871582,0.000316631980240345,0.00014710954565089196,0.00017361277423333377,8.679561869939789e-05,0.00020049462909810245,9.335540380561724e-05
295,0.0018508187725883422,0.5080821514129639,0.8333333333333334,0.7961551490514905,0.8050595238095237,0.9381557962041454,0.8350948509485094,0.9795526266098022,1.214370608329773,0.0010228222236037254,0.0006470199441537261,0.0002468332531861961,0.00020875186601188034,0.0007581867976114154,0.00028847387875430286
296,0.0018197004804553652,0.5097979307174683,0.8333333333333334,0.7961551490514905,0.8050595238095237,0.9391387405833161,0.8350948509485094,0.9796337485313416,1.2143694162368774,0.0004787755315192044,0.000354913470800966,0.0005290806293487549,0.00030227715615183115,0.0007701230933889747,0.0004403278580866754
297,0.0017888029750035847,0.5241924524307251,0.8333333333333334,0.7961551490514905,0.8050595238095237,0.937545715552791,0.8350948509485094,0.9797208905220032,1.2144129276275635,0.0031878564041107893,0.008207490667700768,0.002527662320062518,0.003730061696842313,0.006513734348118305,0.0019376851851120591
298,0.0017581283680364525,0.5116800665855408,0.8333333333333334,0.7961551490514905,0.8050595238095237,0.9373076587109606,0.8350948509485094,0.979826807975769,1.2144443988800049,0.004446530714631081,0.00241997092962265,0.0037553913425654173,0.003272057045251131,0.007607411593198776,0.002253415761515498
299,0.0017276787561226095,0.5109639763832092,0.85,0.8179576521039936,0.8154761904761904,0.9468539300496848,0.8501375859912446,0.9799289703369141,1.214465618133545,0.0017664209008216858,0.0020679363515228033,0.0005364804528653622,0.0019736881367862225,0.0009087931248359382,0.0005863522528670728
300,0.0016974562204525828,0.508334755897522,0.85,0.8179576521039936,0.8154761904761904,0.9463274812626228,0.8501375859912446,0.9800292253494263,1.2144759893417358,0.00010013060091296211,0.0002762561198323965,4.325217378209345e-05,5.119365960126743e-05,0.0001922316150739789,2.794792271743063e-05
301,0.0016674628266965387,0.5099526047706604,0.85,0.8179576521039936,0.8154761904761904,0.9490016011242427,0.8501375859912446,0.9801281094551086,1.2144770622253418,0.00029233621899038553,0.00031839910661801696,0.00033218416501767933,0.000409390137065202,0.00048521714052185416,7.548848952865228e-05
302,0.0016377006248631,0.5099502205848694,0.85,0.8179576521039936,0.8154761904761904,0.9554786310387725,0.8501375859912446,0.980222761631012,1.2144659757614136,0.00014980832929722965,5.684294592356309e-05,0.00011305349471513182,0.00015973334666341543,0.0006758052622899413,0.00013117081834934652
303,0.001608171649159226,0.510210394859314,0.85,0.8179576521039936,0.8154761904761904,0.9541731580351863,0.8501375859912446,0.9803065061569214,1.2144311666488647,0.0008245259523391724,0.000992874032817781,0.0013087736442685127,0.0008349937270395458,0.00532167311757803,0.0004985249834135175
304,0.0015788779178511816,0.5169650912284851,0.8666666666666667,0.8420224761688176,0.8258928571428571,0.9532746854386005,0.8657475316011902,0.9803768396377563,1.2143815755844116,0.01979737915098667,0.028013156726956367,0.008384392596781254,0.027856949716806412,0.02738560363650322,0.007182991597801447
305,0.0015498214331265902,0.5110057592391968,0.8666666666666667,0.8420224761688176,0.8258928571428571,0.9525528956543109,0.8657475316011902,0.9804425239562988,1.2143245935440063,0.0004064377280883491,0.0007066268008202314,0.00023678436991758645,0.00010307714546797797,0.0018131071701645851,0.0003008541534654796
306,0.001521004180957585,0.5216947793960571,0.8666666666666667,0.8420224761688176,0.8258928571428571,0.9512269646408797,0.8657475316011902,0.9804858565330505,1.2142763137817383,0.00483931927010417,0.016517292708158493,0.006068433169275522,0.004474170506000519,0.006837598979473114,0.0016857886221259832
307,0.001492428130965072,0.5111081600189209,0.8833333333333333,0.8549177190968237,0.8363095238095237,0.9508199642338794,0.8823555300420973,0.9805371165275574,1.2142328023910522,0.003659846493974328,0.004793643951416016,0.0006062283646315336,0.0007647816091775894,0.0015425763558596373,0.0009002835722640157
308,0.0014640952362841098,0.5082007646560669,0.8833333333333333,0.8549177190968237,0.8363095238095237,0.9513464130209414,0.8823555300420973,0.9805874824523926,1.2141869068145752,0.0021065608598291874,0.0001911975268740207,4.5912933273939416e-05,7.893882866483182e-05,0.00020780946942977607,0.00019376301497686654
309,0.0014360074334304135,0.50810706615448,0.8833333333333333,0.8549177190968237,0.8363095238095237,0.9521953904324186,0.8823555300420973,0.9806402921676636,1.214138388633728,0.00035128381568938494,0.00044428661931306124,0.00013611602480523288,0.00024414825020357966,0.00020874345500487834,0.0001344547199551016
310,0.0014081666421679989,0.5115278959274292,0.8666666666666667,0.8310245310245311,0.8258928571428571,0.9506023654018937,0.867020202020202,0.9806963205337524,1.2141101360321045,0.001441868720576167,0.0040955208241939545,0.0005363511154428124,0.008721565827727318,0.004779753275215626,0.0002789729041978717
311,0.0013805747653779662,0.5125038623809814,0.85,0.8094017094017095,0.8154761904761904,0.9509394126139409,0.8522649572649573,0.9807530641555786,1.214078664779663,0.00047424956574104726,0.00014032480248715729,9.790412877919152e-05,0.0002349912974750623,0.0004332655807957053,7.122009992599487e-05
312,0.00135323368892844,0.5084123015403748,0.85,0.8094017094017095,0.8154761904761904,0.9536485090730373,0.8522649572649573,0.9808114767074585,1.2140437364578247,6.744439451722428e-05,7.941689545987174e-05,0.00011216900020372123,0.00011205841292394325,0.00028167059645056725,4.368651207187213e-05
313,0.001326145281545679,0.5113185048103333,0.85,0.8094017094017095,0.8154761904761904,0.9536485090730373,0.8522649572649573,0.9808581471443176,1.2140142917633057,0.0034027621150016785,0.0017087481683120131,0.0013472024584189057,0.0077119856141507626,0.004979942459613085,0.0012410434428602457
314,0.0012993113946863431,0.5092579126358032,0.8333333333333334,0.7961551490514905,0.8050595238095237,0.9537184622679905,0.8350948509485094,0.9809074401855469,1.2139813899993896,5.074596992926672e-05,0.00018516484124120325,5.2248735300963745e-05,6.518055306514725e-05,0.00020048879378009588,5.2562860219040886e-05
315,0.0012727338624109576,0.506442666053772,0.8333333333333334,0.7961551490514905,0.8050595238095237,0.9583149151250566,0.8350948509485094,0.9809589982032776,1.2139486074447632,0.00011519648978719488,0.00025376121629960835,8.741525380173698e-05,7.53709246055223e-05,0.0007309075444936752,6.976586882956326e-05
316,0.0012464145012585474,0.507906436920166,0.8333333333333334,0.7961551490514905,0.8050595238095237,0.9560682536802819,0.8350948509485094,0.9810116291046143,1.213912844657898,0.00022679725952912122,0.00024803989799693227,6.493210821645334e-05,0.00029489040025509894,0.0006857246626168489,3.127729723928496e-05
317,0.0012203551101224882,0.5147930383682251,0.8333333333333334,0.7961551490514905,0.8050595238095237,0.9561382068752352,0.8350948509485094,0.9810665249824524,1.2138710021972656,0.0038672739174216986,0.004134499002248049,0.0005107211763970554,0.002998489188030362,0.004218278918415308,0.0010862608905881643
318,0.001194557470127544,0.5077790021896362,0.8333333333333334,0.7961551490514905,0.8050595238095237,0.9565452072822356,0.8350948509485094,0.9811224937438965,1.2138274908065796,0.0002788676938507706,0.00034643441904336214,8.349367271875963e-05,0.0004072275769431144,0.00030721150687895715,9.699514339445159e-05
319,0.001169023344508143,0.5203843116760254,0.8333333333333334,0.7961551490514905,0.8050595238095237,0.9549871588491872,0.8350948509485094,0.9811660647392273,1.2137575149536133,0.0031827527564018965,0.002240919740870595,0.002532698679715395,0.007324207108467817,0.009650930762290955,0.001990373246371746
320,0.0011437544784878525,0.5079292058944702,0.8333333333333334,0.7961551490514905,0.8050595238095237,0.9488821527441811,0.8350948509485094,0.9812097549438477,1.2136889696121216,0.00026385686942376196,0.00010479700722498819,5.485246583702974e-05,0.00029031591839157045,9.744659473653883e-05,9.241242514690384e-05
321,0.0011187525991600985,0.5091429948806763,0.8333333333333334,0.7961551490514905,0.8050595238095237,0.9476116563380715,0.8350948509485094,0.9812511801719666,1.2136340141296387,0.0019800898153334856,0.001482663443312049,0.0005559804849326611,0.0005082450225017965,0.0020393042359501123,0.00033535779220983386
322,0.001094019415370123,0.5083637237548828,0.8333333333333334,0.7961551490514905,0.8050595238095237,0.9481031285276568,0.8350948509485094,0.9812943339347839,1.2135794162750244,4.2551288061076775e-05,6.851186481071636e-05,2.969882007164415e-05,4.072700903634541e-05,0.00021456790273077786,2.701499943214003e-05
323,0.0010695566175981828,0.5086212158203125,0.8333333333333334,0.7961551490514905,0.8050595238095237,0.947731104718133,0.8350948509485094,0.9813339114189148,1.2135250568389893,0.0012588945683091879,0.0014514414360746741,0.0007257382967509329,0.0031491040717810392,0.0010308069176971912,0.0005337254842743278
324,0.0010453658778440107,0.5080384016036987,0.8333333333333334,0.7961551490514905,0.8050595238095237,0.9486645539121955,0.8350948509485094,0.9813765287399292,1.213472843170166,0.00043171446304768324,0.00020340677292551845,0.00016112320008687675,0.00012687782873399556,0.0005013376357965171,0.00015001700376160443
325,0.0010214488495125353,0.5071969032287598,0.8333333333333334,0.7961551490514905,0.8050595238095237,0.9490715543191959,0.8350948509485094,0.9814253449440002,1.2134275436401367,0.002412833971902728,0.0023494199849665165,0.0018772691255435348,0.004256146959960461,0.0031275867950171232,0.001125678769312799
326,0.0009978071673008729,0.5078521370887756,0.8333333333333334,0.7961551490514905,0.8050595238095237,0.948699530509672,0.8350948509485094,0.9814742207527161,1.2133817672729492,6.895083788549528e-05,5.67491224501282e-05,3.216299955965951e-05,6.27645495114848e-05,0.00016080372733995318,3.049275437660981e-05
327,0.0009744424470865977,0.5106326341629028,0.8333333333333334,0.7961551490514905,0.8050595238095237,0.9490715543191959,0.8350948509485094,0.9815166592597961,1.2133281230926514,0.008774043060839176,0.0015612238785251975,0.0011139011476188898,0.0027183133643120527,0.0024099338334053755,0.0007344523328356445
328,0.0009513562858173009,0.5106601715087891,0.8333333333333334,0.7961551490514905,0.8050595238095237,0.9490715543191959,0.8350948509485094,0.9815557599067688,1.2132716178894043,0.0005114270024932921,0.0018348103621974587,0.00063635892001912,0.000441288691945374,0.0028586257249116898,0.0003459732106421143
329,0.0009285502614014378,0.5076955556869507,0.8333333333333334,0.7961551490514905,0.8050595238095237,0.9490715543191959,0.8350948509485094,0.9815955758094788,1.2132165431976318,4.039557825308293e-05,4.4979060476180166e-05,2.5957910111173987e-05,2.4142651454894803e-05,0.0001289757783524692,1.5794064893270843e-05
330,0.0009060259326004838,0.5087070465087891,0.85,0.8095238095238094,0.8209325396825397,0.9503420507253054,0.8515873015873014,0.981635570526123,1.213162899017334,0.00013007086818106472,0.00027649253024719656,3.261606252635829e-05,0.00013685716839972883,0.00020175121608190238,3.191030555171892e-05
331,0.000883784838922391,0.5066097378730774,0.85,0.8095238095238094,0.8209325396825397,0.945505741201496,0.8515873015873014,0.9816760420799255,1.2131108045578003,7.437507883878425e-05,0.00010365305934101343,4.2992807721020654e-05,0.00010458607721375301,0.00019026707741431892,3.62782011507079e-05
332,0.0008618285005163704,0.509619414806366,0.85,0.8095238095238094,0.8209325396825397,0.9443896697729245,0.8515873015873014,0.9817277193069458,1.2130675315856934,0.005212107673287392,0.0007778844446875155,0.0007142250542528927,0.006351683288812637,0.002672735834494233,0.0011250741081312299
333,0.0008401584180689843,0.5087968111038208,0.85,0.8095238095238094,0.8209325396825397,0.9431191733668148,0.8515873015873014,0.9817786812782288,1.2130262851715088,0.0002798674686346203,0.0002192737883888185,0.00012319516099523753,0.00022129288117866963,0.0006894972175359726,9.911515371641144e-05
334,0.000818776072701583,0.5086652636528015,0.85,0.8095238095238094,0.8209325396825397,0.9431191733668148,0.8515873015873014,0.9818282127380371,1.2129855155944824,0.0001685126917436719,0.00011585001630010083,4.921023719361983e-05,0.00021878082770854235,0.00016157694335561246,4.920768697047606e-05
335,0.0007976829258690679,0.5072929859161377,0.85,0.8095238095238094,0.8209325396825397,0.9431191733668148,0.8515873015873014,0.9818788170814514,1.212944746017456,0.0007693020743317902,0.0008408601861447096,0.0008323505171574652,0.0005325893289409578,0.0004763664328493178,0.0005132115911692381
336,0.0007768804192600093,0.5077224969863892,0.85,0.8095238095238094,0.8209325396825397,0.9442352447953862,0.8515873015873014,0.9819279909133911,1.2129050493240356,8.137123950291425e-05,0.00012184905062895268,5.2484090701909736e-05,6.0685899370582774e-05,0.00031716047669760883,4.327934584580362e-05
337,0.0007563699746980984,0.517236053943634,0.85,0.8095238095238094,0.8209325396825397,0.9494435781287196,0.8515873015873014,0.9819819927215576,1.2128610610961914,0.0021730023436248302,0.0038611756172031164,0.0018978269072249532,0.0027384688146412373,0.006844634190201759,0.0016339553985744715
338,0.0007361529940449782,0.5077410340309143,0.85,0.8095238095238094,0.8209325396825397,0.9503420507253054,0.8515873015873014,0.9820335507392883,1.2128181457519531,3.4285010769963264e-05,5.689303725375794e-05,1.3432717423711438e-05,2.454322384437546e-05,0.00013192903134040534,1.3279961422085762e-05
339,0.0007162308591044182,0.5164814591407776,0.85,0.8095238095238094,0.8209325396825397,0.9503420507253054,0.8515873015873014,0.9820831418037415,1.2127619981765747,0.0032494456972926855,0.0021252380684018135,0.0003867869090754539,0.0031162172090262175,0.00955797266215086,0.00034366550971753895
340,0.0006966049315278798,0.508277952671051,0.85,0.8095238095238094,0.8209325396825397,0.9506790979373528,0.8515873015873014,0.9821286797523499,1.2127134799957275,0.003084242343902588,0.0017478959634900093,0.0020915206987410784,0.002743826014921069,0.001802887418307364,0.0014734171563759446
341,0.0006772765527214417,0.5090234279632568,0.85,0.8095238095238094,0.8209325396825397,0.9506790979373528,0.8515873015873014,0.9821730852127075,1.2126684188842773,0.00026509497547522187,0.00032180084963329136,0.00014532217755913734,8.660262392368168e-05,0.0007982057286426425,0.00011233792611164972
342,0.0006582470437541217,0.5096608400344849,0.85,0.8095238095238094,0.8209325396825397,0.9506790979373528,0.8515873015873014,0.9822160601615906,1.2126260995864868,0.00029474595794454217,0.0001397357991663739,0.00016261180280707777,0.00010972131713060662,0.0008123748702928424,9.428176417713985e-05
343,0.0006395177052675795,0.5094531774520874,0.85,0.8095238095238094,0.8209325396825397,0.9506790979373528,0.8515873015873014,0.9822593927383423,1.212587833404541,0.008395567536354065,0.005708332639187574,0.003661327762529254,0.0055794003419578075,0.0038474255707114935,0.0015456461114808917
344,0.0006210898173872209,0.5088772773742676,0.85,0.8095238095238094,0.8209325396825397,0.9506790979373528,0.8515873015873014,0.9823024272918701,1.212551474571228,0.0010620559332892299,0.0025190096348524094,0.0005373314488679171,0.00045092080836184323,0.000421992561314255,0.0004063786764163524
345,0.0006029646396347048,0.5071402192115784,0.85,0.8095238095238094,0.8209325396825397,0.9492541765537048,0.8515873015873014,0.9823435544967651,1.2125157117843628,2.731938184297178e-05,3.630736318882555e-05,1.128322855947772e-05,1.5765350326546468e-05,3.770270268432796e-05,1.0049439879367128e-05
346,0.000585143410841854,0.5071679949760437,0.85,0.8095238095238094,0.8209325396825397,0.9488821527441811,0.8515873015873014,0.9823829531669617,1.2124807834625244,5.227923975326121e-05,4.595705104293302e-05,1.7627107808948494e-05,2.1627896785503253e-05,7.948273560032248e-05,1.4403327440959401e-05
347,0.0005676273490659822,0.5085431337356567,0.85,0.8095238095238094,0.8209325396825397,0.9492541765537048,0.8515873015873014,0.9824205636978149,1.2124465703964233,0.0005186480120755732,0.0013099025236442685,0.00045586025225929916,0.001004324178211391,0.001359104411676526,0.00026419508503749967
348,0.0005504176515066467,0.508256733417511,0.85,0.8095238095238094,0.8209325396825397,0.9492541765537048,0.8515873015873014,0.9824551343917847,1.2124130725860596,0.0003053286054637283,0.00048625265480950475,0.0002161556767532602,0.00014225588529370725,0.0006808126345276833,0.0002047606249107048
349,0.0005335154944238117,0.5088821053504944,0.85,0.8095238095238094,0.8209325396825397,0.9492541765537048,0.8515873015873014,0.982488214969635,1.2123831510543823,0.0009154296712949872,0.001699750660918653,0.00019642336701508611,0.0033626386430114508,0.0012912824749946594,0.00019708916079252958
350,0.0005169220330574664,0.5086790323257446,0.85,0.8095238095238094,0.8209325396825397,0.9496262003632286,0.8515873015873014,0.9825187921524048,1.212354063987732,0.0034411612432450056,0.002271950012072921,0.0013274240773171186,0.0012853274820372462,0.0012536977883428335,0.0011296294396743178
351,0.0005006384015486492,0.5080061554908752,0.85,0.8095238095238094,0.8209325396825397,0.9496262003632286,0.8515873015873014,0.9825475811958313,1.212324857711792,0.0006644693785347044,0.0004048211267217994,0.00015348281885962933,0.000494527630507946,0.0012640533968806267,0.00015520377201028168
352,0.00048466571286194553,0.5095258355140686,0.8333333333333334,0.7961551490514905,0.8050595238095237,0.9496262003632286,0.8350948509485094,0.9825722575187683,1.2123024463653564,0.0045288498513400555,0.00960003025829792,0.0046454621478915215,0.0020974117796868086,0.0029196664690971375,0.002176635665819049
353,0.00046900505870941026,0.5078084468841553,0.8333333333333334,0.7961551490514905,0.8050595238095237,0.9505246729598144,0.8350948509485094,0.9825965166091919,1.2122801542282104,6.539722380694002e-05,3.3322467061225325e-05,3.558805838110857e-05,0.0001977999636437744,0.0001899100316222757,1.581205833645072e-05
354,0.00045365750947594944,0.511869490146637,0.8333333333333334,0.7961551490514905,0.8050595238095237,0.9505246729598144,0.8350948509485094,0.9826270341873169,1.2122631072998047,0.009163608774542809,0.0060725221410393715,0.002734816400334239,0.0027982410974800587,0.003175852121785283,0.001888559083454311
355,0.00043862411414616955,0.5093857049942017,0.8333333333333334,0.7961551490514905,0.8050595238095237,0.9505246729598144,0.8350948509485094,0.9826586246490479,1.2122511863708496,0.005922612268477678,0.009192315861582756,0.0016878752503544092,0.00928971916437149,0.005567106418311596,0.0009255014592781663
356,0.0004239059002326682,0.5081338882446289,0.8333333333333334,0.7961551490514905,0.8050595238095237,0.9505246729598144,0.8350948509485094,0.9826881885528564,1.2122361660003662,0.00038197985850274563,0.0009504436748102307,0.0005327697726897895,0.0005346160032786429,0.002012142911553383,0.0004137852811254561
357,0.00040950387370581904,0.5094179511070251,0.8333333333333334,0.7961551490514905,0.8050595238095237,0.9505246729598144,0.8350948509485094,0.9827150702476501,1.2122187614440918,0.0006693270988762379,0.0022005534265190363,0.0008833604515530169,0.0007482557557523251,0.0031357365660369396,0.00024302869860548526
358,0.00039541901892500223,0.508175253868103,0.8333333333333334,0.7961551490514905,0.8050595238095237,0.9505246729598144,0.8350948509485094,0.9827404618263245,1.212200403213501,0.0002445414138492197,0.00018506257038097829,8.320426422869787e-05,9.308412700193003e-05,0.0010532806627452374,5.82962493353989e-05
359,0.00038165229857133195,0.5093146562576294,0.8333333333333334,0.7961551490514905,0.8050595238095237,0.9505246729598144,0.8350948509485094,0.9827647805213928,1.2121832370758057,0.00039826708962209523,0.0005620293668471277,0.00020622534793801606,0.0008476079092361033,0.0007807743968442082,0.00036194027052260935
360,0.00036820465358185857,0.5102781057357788,0.8333333333333334,0.7961551490514905,0.8050595238095237,0.9505246729598144,0.8350948509485094,0.9827882051467896,1.212166666984558,0.0006119819008745253,0.0006152766291052103,9.554729331284761e-05,0.0008398158825002611,0.0012440946884453297,0.0001466949179302901
361,0.00035507700308525403,0.5099467039108276,0.8333333333333334,0.7961551490514905,0.8050595238095237,0.9505246729598144,0.8350948509485094,0.9828127026557922,1.212152123451233,0.004412128124386072,0.0013599904486909509,0.0012301420792937279,0.0008485841099172831,0.0015045087784528732,0.0006840373971499503
362,0.00034227024433899005,0.5082908272743225,0.8333333333333334,0.7961551490514905,0.8050595238095237,0.9505246729598144,0.8350948509485094,0.9828402996063232,1.2121466398239136,0.0032622565049678087,0.004876676481217146,0.0016542382072657347,0.009318763390183449,0.0059767174534499645,0.0010666955495253205
363,0.00032978525266801593,0.510694146156311,0.8333333333333334,0.7961551490514905,0.8050595238095237,0.9505246729598144,0.8350948509485094,0.9828649163246155,1.2121460437774658,0.003960267174988985,0.0059880358166992664,0.0031064751092344522,0.010966741479933262,0.007407178170979023,0.001813724054954946
364,0.0003176228814049297,0.5084441304206848,0.8333333333333334,0.7961551490514905,0.8050595238095237,0.9505246729598144,0.8350948509485094,0.9828886985778809,1.2121449708938599,0.0033977199345827103,0.004068166017532349,0.0011049240129068494,0.0028430698439478874,0.002759422641247511,0.00042681078775785863
365,0.0003057839618316491,0.5071957111358643,0.8333333333333334,0.7961551490514905,0.8050595238095237,0.9505246729598144,0.8350948509485094,0.9829122424125671,1.2121423482894897,0.001476920093409717,3.6133416870143265e-05,0.0005353983142413199,0.00037543251528404653,0.0004304462345317006,0.0004323543980717659
366,0.00029426930312260227,0.5067316293716431,0.8333333333333334,0.7961551490514905,0.8050595238095237,0.9505246729598144,0.8350948509485094,0.9829343557357788,1.2121381759643555,4.597932638716884e-05,3.101750189671293e-05,1.3343398677534424e-05,3.8003876397851855e-05,7.60801849537529e-05,1.585238533152733e-05
367,0.00028307969228941415,0.5068225860595703,0.8333333333333334,0.7961551490514905,0.8050595238095237,0.9505246729598144,0.8350948509485094,0.9829551577568054,1.2121325731277466,1.5635640011169016e-05,1.4839186405879445e-05,5.38828953722259e-06,1.2272792446310632e-05,4.197979797027074e-05,6.502486940007657e-06
368,0.00027221589412712463,0.5076264142990112,0.8333333333333334,0.7961551490514905,0.8050595238095237,0.9496262003632286,0.8350948509485094,0.9829745292663574,1.2121244668960571,0.0006381260463967919,0.0006724848062731326,0.0009924473706632853,0.0007456950261257589,0.002861298155039549,0.0006689428118988872
369,0.0002616786511619041,0.5082078576087952,0.8333333333333334,0.7961551490514905,0.8050595238095237,0.9496262003632286,0.8350948509485094,0.9829943180084229,1.212117314338684,0.002678623655810952,0.0036779099609702826,0.001096437918022275,0.006775933783501387,0.001799620920792222,0.0009251741576008499
370,0.00025146868360031467,0.5116807818412781,0.8333333333333334,0.7961551490514905,0.8050595238095237,0.9496262003632286,0.8350948509485094,0.9830132722854614,1.2121098041534424,0.0011139019625261426,0.0017834063619375229,0.00048044012510217726,0.0006745451246388257,0.0007344918558374047,0.0003861483419314027
371,0.00024158668928007498,0.510722279548645,0.8333333333333334,0.7961551490514905,0.8050595238095237,0.9496262003632286,0.8350948509485094,0.9830291867256165,1.2121002674102783,0.006074170116335154,0.0019121916266158223,0.0015521898167207837,0.008202235214412212,0.004875783808529377,0.001203132444061339
372,0.00023203334362237158,0.5078544616699219,0.8333333333333334,0.7961551490514905,0.8050595238095237,0.9496262003632286,0.8350948509485094,0.9830437898635864,1.2120896577835083,0.0007655366789549589,0.0011015620548278093,0.00015273653843905777,0.0009301800164394081,0.0030794839840382338,0.0008039009990170598
373,0.00022280929958568842,0.5173815488815308,0.8333333333333334,0.7961551490514905,0.8050595238095237,0.9496262003632286,0.8350948509485094,0.9830610156059265,1.2120898962020874,0.010130025446414948,0.009140202775597572,0.005116957239806652,0.0022490539122372866,0.03309425711631775,0.0025264399591833353
374,0.00021391518762118363,0.5072875618934631,0.8333333333333334,0.7961551490514905,0.8050595238095237,0.9496262003632286,0.8350948509485094,0.9830771088600159,1.2120888233184814,3.6860503314528614e-05,2.4459106498397887e-05,1.405872535542585e-05,5.5374999647028744e-05,0.0001707570772850886,1.2596378837770317e-05
375,0.00020535161562959536,0.5087854862213135,0.8333333333333334,0.7961551490514905,0.8050595238095237,0.9483557039571191,0.8350948509485094,0.9830916523933411,1.2120857238769531,0.0006747166044078767,0.00042224611388519406,0.0006040500593371689,0.0004141070239711553,0.003488703165203333,0.0003106859512627125
376,0.0001971191689196937,0.5098413228988647,0.8333333333333334,0.7961551490514905,0.8050595238095237,0.9487627043641195,0.8350948509485094,0.9831095933914185,1.2120853662490845,0.0019860530737787485,0.004512896295636892,0.0014619543217122555,0.004165321588516235,0.005821754224598408,0.0017934206407517195
377,0.0001892184101682762,0.5085136294364929,0.8333333333333334,0.7961551490514905,0.8050595238095237,0.9487627043641195,0.8350948509485094,0.983125627040863,1.212084174156189,0.0023573306389153004,0.0015248249983415008,0.0007668631733395159,0.0015075928531587124,0.0005275162402540445,0.0009387348545715213
378,0.0001816498793817073,0.5074736475944519,0.8333333333333334,0.7961551490514905,0.8050595238095237,0.9487627043641195,0.8350948509485094,0.9831405878067017,1.2120819091796875,5.850294837728143e-05,4.73248292109929e-05,2.9882567105232738e-05,5.687987868441269e-05,9.771967597771436e-05,2.9130907932994887e-05
379,0.00017441409385901422,0.5069468021392822,0.8333333333333334,0.7961551490514905,0.8050595238095237,0.9487627043641195,0.8350948509485094,0.9831545948982239,1.2120788097381592,6.161954661365598e-05,9.12197501747869e-05,3.3150528906844556e-05,2.4811641196720302e-05,0.00018969007942359895,3.6227622331352904e-05
380,0.00016751154815652453,0.5086463093757629,0.8333333333333334,0.7961551490514905,0.8050595238095237,0.9487627043641195,0.8350948509485094,0.9831664562225342,1.2120726108551025,0.0041852169670164585,0.0005618171999230981,0.001862528850324452,0.005817227065563202,0.009544352069497108,0.0011434939224272966
381,0.0001609427140540686,0.5071280002593994,0.8333333333333334,0.7961551490514905,0.8050595238095237,0.9487627043641195,0.8350948509485094,0.9831778407096863,1.2120665311813354,0.0016316573601216078,0.0010126749984920025,0.0003329200844746083,0.0007152202888391912,0.0017531773773953319,0.00030224616057239473
382,0.00015470804052273096,0.5093310475349426,0.8333333333333334,0.7961551490514905,0.8050595238095237,0.9483906805545956,0.8350948509485094,0.9831886887550354,1.2120603322982788,7.976924098329619e-05,6.031896191416308e-05,4.7211669880198315e-05,0.00010827239748323336,0.00016207377484533936,3.0749124562134966e-05
383,0.00014880795369416665,0.5089535713195801,0.8333333333333334,0.7961551490514905,0.8050595238095237,0.9483906805545956,0.8350948509485094,0.9831992983818054,1.2120553255081177,0.0037868651561439037,0.0031551665160804987,0.0005503003485500813,0.0009456294937990606,0.0023971665650606155,0.0004343373002484441
384,0.0001432428568314728,0.5060741901397705,0.8333333333333334,0.7961551490514905,0.8050595238095237,0.9483906805545956,0.8350948509485094,0.9832092523574829,1.2120500802993774,0.00023494038032367826,0.00020046011195518076,4.215650915284641e-05,0.0003528690431267023,0.00016317880363203585,6.298090011114255e-05
385,0.00013801313030162716,0.5071256756782532,0.8333333333333334,0.7961551490514905,0.8050595238095237,0.9483906805545956,0.8350948509485094,0.9832191467285156,1.2120449542999268,0.0005396204069256783,0.0004699011624325067,0.00015529233496636152,0.0006670927396044135,0.00047905390965752304,0.00027453977963887155
386,0.0001331191315494912,0.5164625644683838,0.8333333333333334,0.7961551490514905,0.8050595238095237,0.9483906805545956,0.8350948509485094,0.9832369089126587,1.2120505571365356,0.021590368822216988,0.013531707227230072,0.004189263563603163,0.011835120618343353,0.045643456280231476,0.005788667127490044
387,0.00012856119507337867,0.5067325234413147,0.8333333333333334,0.7961551490514905,0.8050595238095237,0.9475766797405948,0.8350948509485094,0.9832530617713928,1.21205472946167,0.0001099477885873057,0.00017603309242986143,2.6817351681529544e-05,0.0003260208759456873,0.00037440183223225176,1.6970614524325356e-05
388,0.0001243396324021935,0.5093477964401245,0.8333333333333334,0.7961551490514905,0.8050595238095237,0.9472046559310711,0.8350948509485094,0.9832686185836792,1.2120583057403564,0.005462959874421358,0.00745595246553421,0.002011829288676381,0.008465108461678028,0.014769898727536201,0.0008755425806157291
389,0.00012045473207413647,0.5092265605926514,0.8333333333333334,0.7961551490514905,0.8050595238095237,0.9472046559310711,0.8350948509485094,0.9832829833030701,1.2120609283447266,0.002081614453345537,0.0005753617733716965,0.0004482451477088034,0.00020584053709171712,0.0019047179957851768,0.00025847775395959616
390,0.00011690675961698426,0.5162312388420105,0.8333333333333334,0.7961551490514905,0.8050595238095237,0.9468326321215472,0.8350948509485094,0.9832867980003357,1.2120699882507324,0.07508747279644012,0.038722045719623566,0.020548127591609955,0.09878891706466675,0.01960640773177147,0.016102442517876625
391,0.00011369595752994128,0.5116559267044067,0.8333333333333334,0.7961551490514905,0.8050595238095237,0.9468326321215472,0.8350948509485094,0.9832916855812073,1.212083101272583,0.00479888916015625,0.0029069408774375916,0.001998196355998516,0.0010371498065069318,0.013843288645148277,0.0009098565205931664
392,0.00011082254526706605,0.5094692707061768,0.85,0.8179576521039936,0.8154761904761904,0.9468326321215472,0.8501375859912446,0.9832965731620789,1.2120939493179321,0.00027947797207161784,7.151415047701448e-05,4.2889332689810544e-05,0.0001497659250162542,0.00035727964132092893,3.7165373214520514e-05
393,0.00010828671922226878,0.5072042346000671,0.85,0.8179576521039936,0.8154761904761904,0.9468326321215472,0.8501375859912446,0.9833019375801086,1.2121028900146484,0.0010390799725428224,0.00046766226296313107,0.00015066830383148044,0.00026599556440487504,0.0005237562581896782,0.00030996985151432455
394,0.00010608865271589101,0.5098642706871033,0.85,0.8179576521039936,0.8154761904761904,0.9468326321215472,0.8501375859912446,0.9833078980445862,1.2121105194091797,0.0045764450915157795,0.0038237329572439194,0.0017247545765712857,0.0018192967399954796,0.0027396990917623043,0.0007531996234320104
395,0.00010422849598285996,0.5064884424209595,0.85,0.8179576521039936,0.8154761904761904,0.9472046559310711,0.8501375859912446,0.9833135604858398,1.2121168375015259,0.0009200290078297257,0.0005116334068588912,0.00031790652428753674,0.001488222274929285,0.0005094461957924068,0.0004830755351576954
396,0.00010270637616241606,0.5064386129379272,0.85,0.8179576521039936,0.8154761904761904,0.9463061833344852,0.8501375859912446,0.9833191633224487,1.212121844291687,0.00014463711704593152,0.00012888915080111474,4.102709499420598e-05,5.203273758525029e-05,0.0002876687503885478,4.399643148644827e-05
397,0.00010152239728942829,0.5078088641166687,0.85,0.8179576521039936,0.8154761904761904,0.9463061833344852,0.8501375859912446,0.9833242893218994,1.212125301361084,0.0004677361575886607,0.0002993314992636442,0.0002956742246169597,0.0002239100867882371,0.0013027404202148318,0.00029679646831937134
398,0.00010067664028727843,0.5073256492614746,0.85,0.8179576521039936,0.8154761904761904,0.9463061833344852,0.8501375859912446,0.9833294749259949,1.2121278047561646,4.517344495980069e-05,3.200173523509875e-05,1.694358252279926e-05,6.575504085049033e-05,9.566013613948599e-05,1.2977227925148327e-05
399,0.00010016916296233584,0.5066544413566589,0.85,0.8179576521039936,0.8154761904761904,0.9463061833344852,0.8501375859912446,0.9833346009254456,1.2121293544769287,0.00018405004811938852,3.907324207830243e-05,3.1655279599362984e-05,0.00034597679041326046,0.00017022118845488876,2.1594441932393238e-05
400,0.0001,0.5079078674316406,0.85,0.8179576521039936,0.8154761904761904,0.9454077107378994,0.8501375859912446,0.9833398461341858,1.2121303081512451,0.000444505043560639,0.0002402155369054526,9.165390656562522e-05,9.837698598857969e-05,0.00029269594233483076,9.713148028822616e-05
