epoch,lr,loss,acc,macro_f1,bacc,macro_auc,weighted_f1,beta_min,beta_max,adapter_gradient_MRI,adapter_gradient_PET,adapter_gradient_CSF,adapter_gradient_Risk,adapter_gradient_COG,adapter_gradient_ROI
1,0.01,3.3096041679382324,0.3389830508474576,0.1687763713080169,0.3333333333333333,0.7658757382191919,0.17163698777086464,1.0,1.0,0.058025941252708435,0.05989675596356392,0.0736694186925888,0.061484936624765396,0.0333661250770092,0.04827539622783661
2,0.01,2.8816490173339844,0.3389830508474576,0.1687763713080169,0.3333333333333333,0.4814418240414445,0.17163698777086464,0.9962804317474365,1.0037058591842651,0.021697837859392166,0.021895216777920723,0.020022723823785782,0.02263309806585312,0.016341425478458405,0.0200406052172184
3,0.01,6.369246482849121,0.2711864406779661,0.15920398009950248,0.17204301075268816,0.4350152798919402,0.25094864659752086,0.9927576184272766,1.0005310773849487,0.16812504827976227,0.18494269251823425,0.21173347532749176,0.17950916290283203,0.16505609452724457,0.15137530863285065
4,0.01,4.560383319854736,0.3559322033898305,0.19444444444444445,0.22580645161290322,0.5223563122519479,0.306497175141243,0.9893929958343506,0.9982871413230896,0.08807916194200516,0.07709256559610367,0.08037158846855164,0.08783511072397232,0.07571624219417572,0.08319567143917084
5,0.01,4.428216934204102,0.5084745762711864,0.4073429951690821,0.5389784946236559,0.631505075148339,0.4047948906902481,0.9862832427024841,0.9959989190101624,0.021877937018871307,0.02435518242418766,0.019325025379657745,0.019520998001098633,0.028806569054722786,0.026964407414197922
6,0.01,3.0899949073791504,0.5254237288135594,0.4136752136752137,0.5188172043010753,0.8402385933695231,0.4181660147761843,0.98372483253479,0.9941481351852417,0.010072777047753334,0.013652164489030838,0.01010843738913536,0.010174857452511787,0.01322076003998518,0.010221941396594048
7,0.01,3.736708164215088,0.5423728813559322,0.4299355984898956,0.5295698924731184,0.8735297013760013,0.43148635373028144,0.9819492101669312,0.9927064180374146,0.018958572298288345,0.02057546377182007,0.015311826951801777,0.01579398848116398,0.015428813174366951,0.015584098175168037
8,0.01,2.6581082344055176,0.559322033898305,0.44722222222222224,0.5403225806451614,0.8401763848632919,0.44505649717514123,0.980634331703186,0.9917588233947754,0.006413754541426897,0.00837860256433487,0.00521830702200532,0.004635082557797432,0.009230528958141804,0.006132722366601229
9,0.01,2.4343416690826416,0.5932203389830508,0.49259259259259264,0.592741935483871,0.9240557513327912,0.4732580037664783,0.979400098323822,0.9913075566291809,0.0064566549845039845,0.008816374465823174,0.004445444326847792,0.005057123489677906,0.007266466040164232,0.005273968912661076
10,0.01,2.4639339447021484,0.6101694915254238,0.5169886742171885,0.6344086021505376,0.9332779596536712,0.48663602795876193,0.9785683155059814,0.9917070269584656,0.007732367143034935,0.009760553948581219,0.005437457002699375,0.0047611696645617485,0.011629262939095497,0.0063939508982002735
11,0.01,2.3908724784851074,0.5932203389830508,0.49743589743589745,0.6236559139784946,0.9262358293193208,0.4722294654498044,0.977876603603363,0.9926621913909912,0.0016347438795492053,0.0030661888886243105,0.001527830259874463,0.0014250370441004634,0.005910537671297789,0.0020492831245064735
12,0.01,2.287126064300537,0.4915254237288136,0.4861111111111111,0.6155913978494624,0.9123620002177878,0.3898305084745763,0.9775266647338867,0.9938087463378906,0.004323776811361313,0.006258324254304171,0.002682669786736369,0.003332685213536024,0.005623266566544771,0.003481246531009674
13,0.01,2.154637575149536,0.4576271186440678,0.45157456922162803,0.5940860215053764,0.8847752500503924,0.3269585183842412,0.9771479368209839,0.994908332824707,0.007459855638444424,0.007700668182224035,0.004622912500053644,0.004475567489862442,0.006843765266239643,0.005332085303962231
14,0.01,2.394155740737915,0.4915254237288136,0.4899579264904343,0.646505376344086,0.8769152574181037,0.37033030463266076,0.9770455360412598,0.9971405863761902,0.010373610071837902,0.013163197785615921,0.008255710825324059,0.0067478930577635765,0.02270263060927391,0.011838049627840519
15,0.01,2.0675859451293945,0.8135593220338984,0.8070981459178971,0.8508064516129031,0.9188262401734888,0.810331128030779,0.9773512482643127,1.0002449750900269,0.0043293205089867115,0.005838037468492985,0.003214570926502347,0.002806840930134058,0.00780244218185544,0.003696194151416421
16,0.01,3.572317123413086,0.6440677966101694,0.5601070950468541,0.625,0.9385960339470776,0.5190388673337418,0.9775561690330505,1.0027921199798584,0.0359516516327858,0.0443614162504673,0.024706359952688217,0.021511679515242577,0.043687596917152405,0.030937165021896362
17,0.01,3.7126617431640625,0.6440677966101694,0.5601070950468541,0.625,0.951534418564779,0.5190388673337418,0.9776266813278198,1.0049238204956055,0.03821050003170967,0.04570312052965164,0.024306032806634903,0.02074492909014225,0.04427549988031387,0.029180461540818214
18,0.01,2.5511128902435303,0.6271186440677966,0.537962962962963,0.6451612903225806,0.9169488639128107,0.5014595103578154,0.9778532981872559,1.00617516040802,0.007456191349774599,0.010582862421870232,0.006733928807079792,0.0052417065016925335,0.019717935472726822,0.008599658496677876
19,0.01,2.575045347213745,0.576271186440678,0.47907647907647904,0.6129032258064516,0.9048277623704569,0.45814072932717004,0.9784490466117859,1.006820559501648,0.010433590970933437,0.013782850466668606,0.006195587571710348,0.006184390280395746,0.017319217324256897,0.0073685115203261375
20,0.01,2.314875602722168,0.576271186440678,0.47907647907647904,0.6129032258064516,0.9088846373950737,0.45814072932717004,0.9791010022163391,1.0074076652526855,0.0013739806599915028,0.002245489973574877,0.0012929626973345876,0.0010626515140756965,0.0063045090064406395,0.002813526662066579
21,0.009999830837037664,2.165520668029785,0.576271186440678,0.47907647907647904,0.6129032258064516,0.8999916012724363,0.45814072932717004,0.9794439673423767,1.0086405277252197,0.004831965081393719,0.008546330034732819,0.002748842118307948,0.003352266503497958,0.01181690115481615,0.0040551116690039635
22,0.009999323359712722,2.1058249473571777,0.5932203389830508,0.49743589743589745,0.6236559139784946,0.8999744562837542,0.4722294654498044,0.9800283312797546,1.0093352794647217,0.004501388408243656,0.006162344943732023,0.005243366118520498,0.004192491993308067,0.015076417475938797,0.005312866065651178
23,0.009998477602710573,2.2034850120544434,0.559322033898305,0.44722222222222224,0.5403225806451614,0.8961778259690973,0.44505649717514123,0.9809870719909668,1.010055661201477,0.006352565251290798,0.009263976477086544,0.004116452299058437,0.005005222279578447,0.014130444265902042,0.0044905818067491055
24,0.009997293623837585,1.9344185590744019,0.576271186440678,0.47346213635354206,0.581989247311828,0.9080074627038575,0.45906119084452174,0.9821702241897583,1.0120717287063599,0.002936068456619978,0.00414313143119216,0.0019521916983649135,0.0018531725509092212,0.01129470020532608,0.0032484952826052904
25,0.00999577150401714,2.131709098815918,0.576271186440678,0.47346213635354206,0.581989247311828,0.9182576752785482,0.45906119084452174,0.9830353856086731,1.0144001245498657,0.004708027001470327,0.0060074771754443645,0.003207138739526272,0.0036517148837447166,0.012526356615126133,0.0038813806604593992
26,0.009993911347284109,1.924126386642456,0.7966101694915254,0.7864046154073155,0.8223118279569892,0.9171168384640871,0.7977340608867038,0.9833988547325134,1.0172489881515503,0.0038790563121438026,0.00633314298465848,0.002794615924358368,0.0028799332212656736,0.010456499643623829,0.0031106318347156048
27,0.009991713280777732,1.7867746353149414,0.8135593220338984,0.8073348746543361,0.8389784946236558,0.9398724667699999,0.8132873242098808,0.9839783906936646,1.019828200340271,0.0021663240622729063,0.0026236562989652157,0.0013355276314541698,0.0017497001681476831,0.0047430917620658875,0.0016069795237854123
28,0.009989177454732934,1.7775781154632568,0.847457627118644,0.8409258440218191,0.8486559139784946,0.9554675137217831,0.8474876123509172,0.9848634600639343,1.0219285488128662,0.00349778332747519,0.004462207201868296,0.0024453436490148306,0.0028436859138309956,0.007775547448545694,0.0024683179799467325
29,0.00998630404247006,1.5794976949691772,0.7457627118644068,0.7622125773386278,0.8077956989247311,0.9473104378227717,0.7370009281417913,0.9851995706558228,1.0246716737747192,0.001809024135582149,0.002857294399291277,0.0018884985474869609,0.001691467477940023,0.006320006214082241,0.0022588404826819897
30,0.009983093240383016,1.611088752746582,0.8305084745762712,0.8298008092125739,0.8556451612903225,0.9600758086526587,0.8295154219880042,0.985714316368103,1.028355360031128,0.0018558718729764223,0.0024301381781697273,0.0014778886688873172,0.0016359431901946664,0.00899561308324337,0.002695616567507386
31,0.009979545267925863,1.4639277458190918,0.8305084745762712,0.8287103459269888,0.8438172043010752,0.9479921248896582,0.8306260081543986,0.9862996935844421,1.0304673910140991,0.001986890798434615,0.002465159399434924,0.0019330307841300964,0.001693030702881515,0.012027743272483349,0.0027965670451521873
32,0.009975660367597807,1.3726507425308228,0.7796610169491526,0.7899710198544826,0.8233870967741935,0.96599795418581,0.7765727973312766,0.9867463111877441,1.0331834554672241,0.0015662674559280276,0.0016425569774582982,0.0012718818616122007,0.0007666159071959555,0.006242023315280676,0.00209629675373435
33,0.009971438804926623,1.6774928569793701,0.9152542372881356,0.9187093416601614,0.9094086021505375,0.9525062382273007,0.9156088331414811,0.9873844385147095,1.0368036031723022,0.006207178812474012,0.007090613711625338,0.005583477672189474,0.005577269475907087,0.031199362128973007,0.006840849295258522
34,0.00996688086845051,1.2958042621612549,0.8813559322033898,0.8619876594246169,0.8879032258064515,0.971498657362035,0.8827261268878129,0.9880327582359314,1.040391445159912,0.0014516104711219668,0.0015945615014061332,0.0010945870308205485,0.0012810153421014547,0.0070868912152945995,0.0017431548330932856
35,0.009961986869698373,1.344181776046753,0.8813559322033898,0.8619876594246169,0.8879032258064515,0.9703353467110584,0.8827261268878129,0.9885587692260742,1.0430008172988892,0.0033910118509083986,0.0035555821377784014,0.003038092516362667,0.0031776318792253733,0.017418531700968742,0.003662977833300829
36,0.009956757143168527,1.2397350072860718,0.7796610169491526,0.7725486809723242,0.8233870967741935,0.9163329765322176,0.7764864811463456,0.9889777898788452,1.045339822769165,0.003065437311306596,0.0024374991189688444,0.002047962276265025,0.0028148118872195482,0.011513374745845795,0.0032123110722750425
37,0.009951192046305833,1.1992404460906982,0.7627118644067796,0.7600757284045695,0.7817204301075269,0.9280269014139981,0.7611259406224914,0.9893971085548401,1.048079490661621,0.001532051246613264,0.0015764626441523433,0.0012174175353720784,0.0009321533725596964,0.009520898573100567,0.004085554275661707
38,0.009945291959477269,1.1284525394439697,0.8135593220338984,0.7986365486365486,0.796236559139785,0.9367689342072644,0.8135179321619999,0.9899913668632507,1.0508434772491455,0.001586618018336594,0.0013577515492215753,0.0013453135034069419,0.0013818835141137242,0.006445859558880329,0.00233119516633451
39,0.009939057285945933,1.2160890102386475,0.8305084745762712,0.8119517543859649,0.806989247311828,0.9458368955522656,0.8304805976806422,0.9905977249145508,1.0529685020446777,0.0046961926855146885,0.004797803238034248,0.00462194113060832,0.005054892972111702,0.02365538850426674,0.007895363494753838
40,0.009932488451843476,1.0931060314178467,0.8305084745762712,0.8208356139390621,0.8497311827956988,0.9469833508258555,0.830851725065635,0.9911967515945435,1.0545341968536377,0.0032720344606786966,0.002734863432124257,0.0025897424202412367,0.003324780147522688,0.01641327328979969,0.005159908905625343
41,0.009925585906140986,0.9917405247688293,0.847457627118644,0.8344280617947423,0.8604838709677418,0.9435929293139919,0.8483793944518014,0.9918039441108704,1.0564714670181274,0.0019759656861424446,0.0014359040651470423,0.0010603229748085141,0.0016318100970238447,0.009559545665979385,0.0021016329992562532
42,0.009918350120618293,0.9265260696411133,0.864406779661017,0.8544647588765235,0.8594086021505376,0.932120846684414,0.8645852981595753,0.9923499822616577,1.0595909357070923,0.002652054652571678,0.0023694150149822235,0.0027795087080448866,0.0027796528302133083,0.015443067066371441,0.004908175207674503
43,0.009910781589831726,1.0107474327087402,0.847457627118644,0.8419961427193828,0.8545698924731183,0.9290315050751482,0.8477027932595655,0.9928049445152283,1.0623835325241089,0.0052122557535767555,0.003196558216586709,0.0037174553144723177,0.004468486178666353,0.01666579581797123,0.005699569825083017
44,0.009902880831080306,0.8824943900108337,0.7627118644067796,0.7763616557734204,0.8008064516129032,0.8846352519502426,0.7618533289021824,0.993247926235199,1.064369559288025,0.002997773000970483,0.002651175484061241,0.00245477887801826,0.0023335071746259928,0.013932495377957821,0.006168462801724672
45,0.009894648384370404,0.8651557564735413,0.8135593220338984,0.8068684641648677,0.8330645161290322,0.9179690486616483,0.8140326620157899,0.9938061237335205,1.0667001008987427,0.001812390168197453,0.001553465612232685,0.0016387735959142447,0.002138220239430666,0.00953146256506443,0.0024989156518131495
46,0.009886084812378817,0.8279883861541748,0.8813559322033898,0.8690517142529526,0.8760752688172043,0.9370804980387524,0.8820089439284486,0.9943884015083313,1.069362998008728,0.001645028474740684,0.0015938986325636506,0.0015695884358137846,0.0014607752673327923,0.012544192373752594,0.0034584817476570606
47,0.009877190700414313,0.7798312902450562,0.847457627118644,0.8340105553220307,0.8545698924731183,0.9330693236765343,0.8488872740053623,0.9948991537094116,1.0716639757156372,0.0033104431349784136,0.00298577849753201,0.002662999788299203,0.0027349661104381084,0.01447383500635624,0.003690574551001191
48,0.00986796665637763,0.7208503484725952,0.7796610169491526,0.7733924611973393,0.8424731182795698,0.9239373003130119,0.7809538126197904,0.9955195784568787,1.0730211734771729,0.0011249369708821177,0.0010674367658793926,0.0008733523427508771,0.0010671857744455338,0.005562696605920792,0.0016999684739857912
49,0.009858413310719925,0.8821807503700256,0.7796610169491526,0.7697628458498024,0.8424731182795698,0.93288889583956,0.7836939773564681,0.995975136756897,1.0751384496688843,0.002307767979800701,0.0023612049408257008,0.00198331568390131,0.001735162572003901,0.016361283138394356,0.005258634686470032
50,0.009848531316399685,0.867709755897522,0.8135593220338984,0.7653846153846154,0.7403225806451613,0.9387301818990624,0.808083441981747,0.9961299896240234,1.0782355070114136,0.0012374138459563255,0.0014860095689073205,0.0015456079272553325,0.0013589151203632355,0.010008290410041809,0.003352545667439699
51,0.009838321348838096,0.9383909106254578,0.8135593220338984,0.7896502774551554,0.7712365591397851,0.9226307479153779,0.811643273817726,0.9965176582336426,1.0802205801010132,0.0020038695074617863,0.0020287130028009415,0.002031728159636259,0.0022177372593432665,0.014346418902277946,0.005455162841826677
52,0.009827784105872876,0.8352534770965576,0.8305084745762712,0.8203703703703704,0.8438172043010752,0.9328136548250402,0.8314500941619586,0.9971398115158081,1.080853819847107,0.0015268037095665932,0.0016447047237306833,0.0016669488977640867,0.0016951319994404912,0.012868833728134632,0.004325387999415398
53,0.009816920307710586,0.7380660176277161,0.847457627118644,0.8276246170983014,0.8486559139784946,0.9495640191560494,0.8515922574798579,0.9975268244743347,1.08291494846344,0.001713731442578137,0.002087852917611599,0.0017630144720897079,0.0016528128180652857,0.011609193868935108,0.00359359011054039
54,0.0098057306968774,0.7328007221221924,0.8813559322033898,0.8682419976537624,0.8701612903225806,0.9523556982760019,0.8818229073463371,0.9976128339767456,1.0852323770523071,0.0012755729258060455,0.0014281488256528974,0.0011542066931724548,0.00111705856397748,0.004873241763561964,0.0017349185654893517
55,0.009794216038168352,0.708003044128418,0.8813559322033898,0.8737484737484738,0.8451612903225807,0.9419434192204591,0.8805860805860807,0.9979544281959534,1.087167739868164,0.0008416497148573399,0.0014577697729691863,0.0009902085876092315,0.0005515747470781207,0.005555472802370787,0.0018286712002009153
56,0.009782377118595071,0.6735714673995972,0.8983050847457628,0.9037927350427349,0.8868279569892473,0.9453509857210047,0.8982426119078663,0.9984739422798157,1.0898752212524414,0.00104360596742481,0.0009747751755639911,0.0005883853300474584,0.0008498650277033448,0.008081409148871899,0.0008440423407591879
57,0.009770214747331984,0.6730750799179077,0.9152542372881356,0.9170490328385066,0.8975806451612903,0.9464712601334994,0.9148608156636702,0.9988635778427124,1.0925875902175903,0.0008754347800277174,0.0005845388513989747,0.0009201951324939728,0.0004096973570995033,0.005145087838172913,0.0016007226658985019
58,0.009757729755661011,0.6549957394599915,0.8983050847457628,0.8919956140350878,0.8868279569892473,0.9499443367090427,0.8981099464763603,0.9992800354957581,1.0954196453094482,0.0007242332212626934,0.0007785949856042862,0.0006923298933543265,0.0009542184416204691,0.005388503894209862,0.0009132482227869332
59,0.009744922996914747,0.6626794338226318,0.8813559322033898,0.8785612535612536,0.8760752688172043,0.9322267285739771,0.8812110676517455,0.9994540214538574,1.0982447862625122,0.0017955440562218428,0.0022096598986536264,0.00113682821393013,0.0017081970581784844,0.010781272314488888,0.0023069321177899837
60,0.00973179534641814,0.6733197569847107,0.8305084745762712,0.8294416403289463,0.8497311827956988,0.9421423242580739,0.8302981992274979,0.9992050528526306,1.1018924713134766,0.0018895297544077039,0.0018569245003163815,0.0020769701804965734,0.0015414751833304763,0.014433304779231548,0.0023444639518857002
61,0.009718347701428667,0.7668617367744446,0.8305084745762712,0.8294416403289463,0.8497311827956988,0.9342772923892468,0.8302981992274979,0.9990447163581848,1.1049388647079468,0.0027832987252622843,0.0020990045741200447,0.0021105834748595953,0.002476361347362399,0.025725599378347397,0.0024827567394822836
62,0.009704580981074998,0.7940277457237244,0.7796610169491526,0.7537466547725246,0.7806451612903226,0.9368946255094263,0.7834258153283238,0.9990130066871643,1.107810139656067,0.003456229344010353,0.0016886588418856263,0.0012566836085170507,0.002746206009760499,0.034195639193058014,0.001303181634284556
63,0.009690496126294182,0.7083691358566284,0.847457627118644,0.8256692247265695,0.7868279569892472,0.9522310495745031,0.8446063103818039,0.9993152022361755,1.1106382608413696,0.0012706604320555925,0.0015478968853130937,0.0010315858526155353,0.001079411362297833,0.00833191443234682,0.0026295629795640707
64,0.009676094099767331,0.6734784841537476,0.864406779661017,0.8607142857142858,0.8344086021505377,0.9494241369004177,0.8641041162227604,0.9990715384483337,1.114120602607727,0.0021659338381141424,0.002194659085944295,0.00200310698710382,0.0014908435987308621,0.011766276322305202,0.003086799755692482
65,0.009661375885853831,0.6117071509361267,0.864406779661017,0.8653225806451613,0.8653225806451613,0.9263251454427924,0.864406779661017,0.9986343383789062,1.1184002161026,0.001778141246177256,0.001383840455673635,0.0015939846634864807,0.001179984537884593,0.009209761396050453,0.003570262808352709
66,0.00964634249052405,0.5944237112998962,0.847457627118644,0.8522424363587898,0.8545698924731183,0.8995812799892496,0.8476541586755129,0.9983481764793396,1.1229206323623657,0.0009703788673505187,0.000627538189291954,0.0007230609189718962,0.0008755504386499524,0.007864722982048988,0.0008793805027380586
67,0.009630994941290591,0.6513591408729553,0.8305084745762712,0.8214209401709401,0.806989247311828,0.8971356284449263,0.8299407866145154,0.9984405040740967,1.1277683973312378,0.013846904039382935,0.011919875629246235,0.012457498349249363,0.0065321833826601505,0.021486565470695496,0.0053117661736905575
68,0.009615334287138054,0.6118701696395874,0.864406779661017,0.8607142857142858,0.8344086021505377,0.8921734864334486,0.8641041162227604,0.9988013505935669,1.132991909980774,0.0029595112428069115,0.0022408796939998865,0.0023348568938672543,0.001450165407732129,0.015036463737487793,0.0015068022767081857
69,0.00959936159845135,0.5630825757980347,0.864406779661017,0.8607142857142858,0.8344086021505377,0.8784902794864844,0.8641041162227604,0.999001681804657,1.1377696990966797,0.0007575912168249488,0.0006289810407906771,0.0005739490152336657,0.0008451557368971407,0.005943083204329014,0.0011672487016767263
70,0.009583077966942534,0.5892888307571411,0.847457627118644,0.8357142857142857,0.8236559139784947,0.8622574505401829,0.8469733656174333,0.998884916305542,1.1431738138198853,0.0020645945332944393,0.001007670070976019,0.001330018974840641,0.0014351087156683207,0.009959196671843529,0.002114407252520323
71,0.009566484505576189,0.5943400859832764,0.8305084745762712,0.8129032258064517,0.8129032258064517,0.8698138726127341,0.8305084745762712,0.9988459348678589,1.14839506149292,0.0013209371827542782,0.0008646512869745493,0.001089680939912796,0.0008217823342420161,0.01276316400617361,0.0011208137730136514
72,0.009549582348493355,0.5770713090896606,0.8305084745762712,0.8129032258064517,0.8129032258064517,0.8784961875569085,0.8305084745762712,0.9978951215744019,1.1529536247253418,0.0025172436144202948,0.0013587640132755041,0.0011273385025560856,0.0013527837581932545,0.011201534420251846,0.0022088405676186085
73,0.009532372650934018,0.5701640844345093,0.847457627118644,0.8263125763125764,0.8236559139784947,0.9005270925574531,0.8475817967343391,0.9987906813621521,1.1572320461273193,0.0027516214177012444,0.002403284888714552,0.003067811718210578,0.0016774279065430164,0.009144905023276806,0.002281847642734647
74,0.009514856589158148,0.591163158416748,0.864406779661017,0.848931623931624,0.8344086021505377,0.9100787626878709,0.8637440243372447,0.9998092651367188,1.161521315574646,0.0013852993724867702,0.0004158782830927521,0.0011018592631444335,0.001063911709934473,0.010174619033932686,0.0010498157935217023
75,0.009497035360365296,0.5617896318435669,0.864406779661017,0.8403225806451613,0.8403225806451613,0.913361970098213,0.864406779661017,1.0014972686767578,1.166735291481018,0.0017083472339436412,0.002367636188864708,0.0012985154753550887,0.0017043383559212089,0.01683165691792965,0.0017021975945681334
76,0.00947891018261278,0.5800392031669617,0.864406779661017,0.8403225806451613,0.8403225806451613,0.9262472400043557,0.864406779661017,1.0022882223129272,1.1710238456726074,0.0014091790653765202,0.0011769114062190056,0.0013370128581300378,0.0013780969893559813,0.013354698196053505,0.001349937287159264
77,0.00946048229473242,0.583309531211853,0.847457627118644,0.8263125763125764,0.8236559139784947,0.9342928155546751,0.8475817967343391,1.0011872053146362,1.175782322883606,0.0012389629846438766,0.0038524761330336332,0.002945901360362768,0.008621182292699814,0.023523015901446342,0.0010262520518153906
78,0.009441752956245879,0.5981465578079224,0.8305084745762712,0.8129032258064517,0.8129032258064517,0.940243053383471,0.8305084745762712,0.9997567534446716,1.17990243434906,0.0020124115981161594,0.0007602011901326478,0.0020210607908666134,0.0037200276274234056,0.019168592989444733,0.0016540801152586937
79,0.009422723447278559,0.5675521492958069,0.864406779661017,0.8607142857142858,0.8344086021505377,0.9458419347888039,0.8641041162227604,0.9975754618644714,1.1836029291152954,0.0028652928303927183,0.0017280924366787076,0.0034242812544107437,0.0031988483387976885,0.00929272174835205,0.0016605553682893515
80,0.00940339506847212,0.6243720054626465,0.847457627118644,0.8357142857142857,0.8236559139784947,0.9355365802234873,0.8469733656174333,0.9961554408073425,1.1868510246276855,0.0020618699491024017,0.001564946724101901,0.0029021569062024355,0.002401667181402445,0.012720522470772266,0.0017933835042640567
81,0.009383769140895582,0.5472406148910522,0.864406779661017,0.8496721741410963,0.8403225806451613,0.9243979560393223,0.8637453493178999,0.9948588609695435,1.1902414560317993,0.0003466582566034049,0.00022351769439410418,0.00032401649514213204,0.00043578134500421584,0.0061287167482078075,0.00038468962884508073
82,0.009363847005955023,0.5850792527198792,0.864406779661017,0.8496721741410963,0.8403225806451613,0.9254502876419385,0.8637453493178999,0.9936442375183105,1.1939809322357178,0.001477466314099729,0.0005460315733216703,0.0028993880841881037,0.0011941053671762347,0.021336011588573456,0.0010887085227295756
83,0.009343630025301902,0.5803284049034119,0.864406779661017,0.848931623931624,0.8344086021505377,0.924819977618839,0.8637440243372447,0.9923756122589111,1.195800542831421,0.0008261824841611087,0.0008908956660889089,0.0014792712172493339,0.004053003154695034,0.010529614053666592,0.001317506073974073
84,0.00932311958073999,0.5978215932846069,0.864406779661017,0.848931623931624,0.8344086021505377,0.9245338416590788,0.8637440243372447,0.9920498132705688,1.19847571849823,0.0035143420100212097,0.0018399546388536692,0.0029657112900167704,0.0027790223248302937,0.023389307782053947,0.002835536375641823
85,0.009302317074130931,0.6362870931625366,0.864406779661017,0.848931623931624,0.8344086021505377,0.9246317302768915,0.8637440243372447,0.992290735244751,1.200634241104126,0.0022109104320406914,0.002280143555253744,0.004004449583590031,0.004745722282677889,0.04402586817741394,0.0017913084011524916
86,0.009281223927298419,0.5756390690803528,0.847457627118644,0.8268359322937492,0.8295698924731183,0.9202715743038324,0.8472407647110647,0.9929907917976379,1.202809453010559,0.002016546204686165,0.0009392356150783598,0.003011682303622365,0.002008062321692705,0.02268374338746071,0.0011966224992647767
87,0.009259841581931017,0.6258360743522644,0.8305084745762712,0.8134920634920636,0.8188172043010752,0.9044192366773012,0.8301049233252624,0.9931153059005737,1.2049837112426758,0.0043967105448246,0.0029983408749103546,0.01436986681073904,0.005783746484667063,0.05676077678799629,0.004509989637881517
88,0.00923817149948363,0.6503557562828064,0.8305084745762712,0.8129032258064517,0.8129032258064517,0.898782937492615,0.8305084745762712,0.9925959706306458,1.2067036628723145,0.0029459744691848755,0.0024774023331701756,0.0074400887824594975,0.008081399835646152,0.03520692512392998,0.002335200086236
89,0.00921621516107761,0.5913978219032288,0.864406779661017,0.848931623931624,0.8344086021505377,0.9243667359416885,0.8637440243372447,0.9916167855262756,1.2076479196548462,0.002975017763674259,0.0016613403568044305,0.004790839273482561,0.00505691347643733,0.01891501620411873,0.0011384751414880157
90,0.009193974067399517,0.5801636576652527,0.8983050847457628,0.8760032760032761,0.8559139784946237,0.9242787520301752,0.8976304501728231,0.9908410906791687,1.2084317207336426,0.0010860578622668982,0.0020423035603016615,0.001858297036960721,0.0031637893989682198,0.010274523869156837,0.001755240955390036
91,0.009171449738598562,0.717331051826477,0.8983050847457628,0.8760032760032761,0.8559139784946237,0.9283091565824013,0.8976304501728231,0.9904687404632568,1.2094539403915405,0.0034495259169489145,0.0034230698365718126,0.00549443019554019,0.014318783767521381,0.05429113656282425,0.003433674806728959
92,0.009148643714182699,0.7509377598762512,0.8813559322033898,0.8623481781376517,0.8451612903225807,0.9246303980649332,0.8806148356549784,0.99050372838974,1.2107347249984741,0.004391679540276527,0.0033380575478076935,0.0030996885616332293,0.01363446470350027,0.05530262738466263,0.002964604180306196
93,0.009125557552913402,0.6033480167388916,0.8983050847457628,0.8764423076923077,0.8618279569892473,0.937685438112383,0.897547262059974,0.9910832047462463,1.21344792842865,0.0042340559884905815,0.002218314679339528,0.002829071134328842,0.009794080629944801,0.04231420159339905,0.002035371260717511
94,0.009102192832699127,0.6204020380973816,0.8813559322033898,0.862962962962963,0.8510752688172043,0.9341369467555426,0.8806026365348398,0.9919941425323486,1.21589195728302,0.0010781569872051477,0.0010712123475968838,0.0016601165989413857,0.005226940847933292,0.009640729986131191,0.0012305882992222905
95,0.009078551150487465,0.6666654944419861,0.847457627118644,0.8365339578454333,0.8295698924731183,0.9260606144856619,0.8469336720517604,0.9923251271247864,1.2172441482543945,0.0037467987276613712,0.003135180100798607,0.0026039988733828068,0.014607123099267483,0.04372721165418625,0.0021848822943866253
96,0.00905463412215599,0.6197559833526611,0.864406779661017,0.848931623931624,0.8344086021505377,0.9314971397988475,0.8637440243372447,0.9927887916564941,1.2184691429138184,0.00115312694106251,0.0008014456834644079,0.0009152101702056825,0.002993437461555004,0.01016665156930685,0.0008470977772958577
97,0.009030443382401818,0.5852919816970825,0.864406779661017,0.848931623931624,0.8344086021505377,0.9414992134157218,0.8637440243372447,0.9931849837303162,1.2199620008468628,0.0009215442114509642,0.0008471570909023285,0.0011939607793465257,0.006320274900645018,0.013496700674295425,0.0002702512720134109
98,0.009005980584629878,0.5853006839752197,0.864406779661017,0.8292701450596187,0.8034946236559141,0.9449666715321365,0.8618889287934782,0.9938504695892334,1.2215828895568848,0.0027241657953709364,0.00370512786321342,0.0007253706571646035,0.007006023544818163,0.00535335810855031,0.0012380130356177688
99,0.008981247400839902,0.5636845827102661,0.864406779661017,0.8292701450596187,0.8034946236559141,0.9538166714162918,0.8618889287934782,0.9939501285552979,1.2223786115646362,0.001816771226003766,0.0014901711838319898,0.0014275560388341546,0.0031387917697429657,0.01650957018136978,0.0023622876033186913
100,0.00895624552151215,0.5914702415466309,0.864406779661017,0.8292701450596187,0.8034946236559141,0.9486398115904757,0.8618889287934782,0.9935962557792664,1.2236294746398926,0.0013627662556245923,0.0009117125300690532,0.0009432712104171515,0.003978302236646414,0.008590718731284142,0.0007524386746808887
101,0.008930976655491857,0.5770552158355713,0.9152542372881356,0.890148448043185,0.8725806451612903,0.9498295927138433,0.9146229328209703,0.9933549165725708,1.2240948677062988,0.005030025728046894,0.00041681824950501323,0.0006974971038289368,0.009813198819756508,0.02464240975677967,0.00045037223026156425
102,0.008905442529872458,0.5554261803627014,0.8983050847457628,0.8764423076923077,0.8618279569892473,0.9482445500946449,0.897547262059974,0.9931507110595703,1.224500298500061,0.000339118909323588,0.00012921412417199463,0.0002097129327012226,0.0009045028127729893,0.00470378203317523,0.00034320514532737434
103,0.008879644889877513,0.568534255027771,0.864406779661017,0.8297619047619048,0.8094086021505377,0.9446749171132472,0.861682808716707,0.9934379458427429,1.225479245185852,0.005048778839409351,0.0016052576247602701,0.001429379335604608,0.008720392361283302,0.01279574353247881,0.0012855203822255135
104,0.008853585498741453,0.554767906665802,0.864406779661017,0.8297619047619048,0.8094086021505377,0.9422728810299968,0.861682808716707,0.9934491515159607,1.2255604267120361,0.001203143154270947,0.0006834659725427628,0.0008457417716272175,0.0012901164591312408,0.011114520020782948,0.0006722412072122097
105,0.008827266137589043,0.5510010719299316,0.864406779661017,0.8297619047619048,0.8094086021505377,0.9409475038981681,0.861682808716707,0.9934995770454407,1.22537362575531,0.002228437690064311,0.000272810400929302,0.0002228173689218238,0.0011608620407059789,0.005602268502116203,0.00031475856667384505
106,0.008800688605313658,0.556117832660675,0.8813559322033898,0.8432234432234432,0.8201612903225807,0.9387184816027321,0.8785993667349601,0.9936654567718506,1.2248491048812866,0.001462093903683126,0.00021527198259718716,0.0005833951872773468,0.0009858302073553205,0.006690694950520992,0.0004487749538384378
107,0.008773854718454323,0.5548185110092163,0.864406779661017,0.8292701450596187,0.8034946236559141,0.9372933623408007,0.8618889287934782,0.9942976832389832,1.2248435020446777,0.0020835932809859514,0.001130694174207747,0.0008678851881995797,0.0018935863627120852,0.008726456202566624,0.0008400039514526725
108,0.008746766311071562,0.5576319098472595,0.864406779661017,0.8292701450596187,0.8034946236559141,0.9392381021887664,0.8618889287934782,0.9949509501457214,1.2251445055007935,0.002879507839679718,0.0007890285924077034,0.0012583562638610601,0.003220371436327696,0.008931995369493961,0.0009141147020272911
109,0.008719425234622036,0.5513954162597656,0.847457627118644,0.815873015873016,0.7927419354838711,0.9415347776827853,0.8450487365741605,0.995698094367981,1.22542142868042,0.0012467257911339402,0.00019974673341494054,0.0004163575067650527,0.0007280041463673115,0.0008642503526061773,0.00010059538180939853
110,0.008691833357832001,0.6066243648529053,0.8983050847457628,0.8764423076923077,0.8618279569892473,0.9489481317754561,0.897547262059974,0.9952746629714966,1.2257710695266724,0.014415455050766468,0.0030024778097867966,0.007813490927219391,0.004229895304888487,0.023474721238017082,0.0024501315783709288
111,0.008663992566569587,0.5973695516586304,0.8983050847457628,0.8764423076923077,0.8618279569892473,0.9504842300857481,0.897547262059974,0.994870662689209,1.2264909744262695,0.0014715122524648905,0.00027915326063521206,0.0009276373311877251,0.004346055444329977,0.012647738680243492,0.0004381769394967705
112,0.00863590476371589,0.5789122581481934,0.8983050847457628,0.8764423076923077,0.8618279569892473,0.9504842300857481,0.897547262059974,0.9946119785308838,1.227144479751587,0.002254858613014221,0.0007129294681362808,0.0009334046626463532,0.0011637412244454026,0.015783775597810745,0.0006229195278137922
113,0.008607571869034929,0.5835443735122681,0.8983050847457628,0.8678728070175438,0.8618279569892473,0.9562130890404134,0.8990020071364853,0.9945060610771179,1.2270686626434326,0.007246135268360376,0.0036265733651816845,0.002441287972033024,0.007626181934028864,0.02313060313463211,0.0023690867237746716
114,0.008578995819042416,0.5627319812774658,0.8813559322033898,0.8537422037422037,0.8451612903225807,0.9489636549408846,0.8820324888121499,0.9944142699241638,1.2271490097045898,0.0032844850793480873,0.002057035220786929,0.000966221559792757,0.002036380348727107,0.0121273472905159,0.0014145452296361327
115,0.00855017856687341,0.5809164047241211,0.864406779661017,0.8392255892255892,0.828494623655914,0.9537789640256432,0.8647491867830851,0.9944335222244263,1.2267162799835205,0.004668704234063625,0.0017686173086985946,0.0013743171002715826,0.0032127329614013433,0.015409979037940502,0.0016035931184887886
116,0.00852112208214882,0.5478652119636536,0.8813559322033898,0.8614704256495301,0.839247311827957,0.9655537483810729,0.8803215560615003,0.9934889078140259,1.2263816595077515,0.004104910884052515,0.004509280901402235,0.003495613345876336,0.004126823041588068,0.013649732805788517,0.000473720021545887
117,0.008491828350840775,0.5463411808013916,0.8983050847457628,0.8760032760032761,0.8559139784946237,0.9651753422626288,0.8976304501728231,0.9923341870307922,1.226610541343689,0.005917903035879135,0.0009359804098494351,0.0009431453654542565,0.0024486538022756577,0.01064369548112154,0.0011588805355131626
118,0.0084622993751369,0.5747745037078857,0.8813559322033898,0.8537422037422037,0.8451612903225807,0.9715796906024611,0.8820324888121499,0.9910998344421387,1.227034568786621,0.020164506509900093,0.0071629928424954414,0.002502301475033164,0.007933483459055424,0.023462355136871338,0.0027086911723017693
119,0.008432537173303462,0.5547686815261841,0.8983050847457628,0.8678728070175438,0.8618279569892473,0.9453739229355929,0.8990020071364853,0.98961341381073,1.2274847030639648,0.0026957381051033735,0.000916415243409574,0.0007937959744594991,0.0027812642510980368,0.00891153048723936,0.0010156107600778341
120,0.00840254377954742,0.5801382660865784,0.8983050847457628,0.8678728070175438,0.8618279569892473,0.9411175636507706,0.8990020071364853,0.9881994128227234,1.227232813835144,0.005717867985367775,0.0023802670184522867,0.0013399649178609252,0.004157162271440029,0.02021004445850849,0.0012579738395288587
121,0.008372321243877393,0.5857323408126831,0.8813559322033898,0.8537422037422037,0.8451612903225807,0.9457370954999039,0.8820324888121499,0.9877719283103943,1.2268480062484741,0.009759888052940369,0.00299365958198905,0.0017594448290765285,0.0029092601034790277,0.01853247359395027,0.000827961543109268
122,0.00834187163196355,0.6191559433937073,0.9152542372881356,0.890148448043185,0.8725806451612903,0.9431505190992858,0.9146229328209703,0.98647540807724,1.22720205783844,0.007740905974060297,0.004373692441731691,0.002996991388499737,0.003985748626291752,0.032889705151319504,0.0018580702599138021
123,0.008311197024996417,0.5683789253234863,0.8983050847457628,0.8569150148097516,0.8309139784946237,0.9403813138158489,0.8956520731721445,0.9847989678382874,1.2277073860168457,0.004324621055275202,0.0012258582282811403,0.00038547447184100747,0.001342969131655991,0.007603216916322708,0.0005701345507986844
124,0.008280299519544634,0.5700253248214722,0.864406779661017,0.8215811965811967,0.8094086021505377,0.948455271273108,0.8630486744893525,0.9830427765846252,1.2283532619476318,0.0009030748624354601,0.0008170048240572214,0.0005855580093339086,0.0011587486369535327,0.005409319885075092,0.00016121994121931493
125,0.008249181227411657,0.6169679760932922,0.864406779661017,0.8215811965811967,0.8094086021505377,0.9375118451019778,0.8630486744893525,0.9829421043395996,1.2287993431091309,0.0017899690428748727,0.003533159615471959,0.000990027328953147,0.00200001266784966,0.00810322817414999,0.0008910406031645834
126,0.008217844275491416,0.5719448328018188,0.864406779661017,0.8399122807017544,0.8344086021505377,0.9381932425575689,0.8647413024085637,0.9833356738090515,1.2293870449066162,0.00361577863804996,0.001941358670592308,0.0003993810387328267,0.0031674536876380444,0.008118892088532448,0.0006186131504364312
127,0.008186290805622951,0.560404896736145,0.8135593220338984,0.7806878306878305,0.7712365591397851,0.9381988610166978,0.812214151197202,0.9798792600631714,1.230324149131775,0.016103483736515045,0.011503996327519417,0.0037819696590304375,0.014207224361598492,0.018049003556370735,0.0021573358681052923
128,0.008154522974444009,0.5605828762054443,0.8135593220338984,0.7806878306878305,0.7712365591397851,0.9154367454177702,0.812214151197202,0.9769586324691772,1.2310115098953247,0.003073947736993432,0.0020997445099055767,0.0009020739234983921,0.0028378404676914215,0.008014731109142303,0.0007359646842814982
129,0.008122542953243656,0.5528635382652283,0.8305084745762712,0.7944750415246088,0.7879032258064517,0.9185899752787798,0.8287171007303292,0.9736948013305664,1.2315665483474731,0.005628705024719238,0.008145163767039776,0.002612798009067774,0.005457746330648661,0.02911994233727455,0.0029019112698733807
130,0.008090352927813856,0.5606985092163086,0.8305084745762712,0.7944750415246088,0.7879032258064517,0.9244369956419293,0.8287171007303292,0.9711018204689026,1.232309341430664,0.002983667189255357,0.0019701430574059486,0.0024006383027881384,0.0041491566225886345,0.00815187580883503,0.0007870950503274798
131,0.008057955098300092,0.6162167191505432,0.8305084745762712,0.7944750415246088,0.7879032258064517,0.9148363812026051,0.8287171007303292,0.9689690470695496,1.2338993549346924,0.003018246963620186,0.0014138373080641031,0.0012367963790893555,0.00522160017862916,0.017891019582748413,0.000844793685246259
132,0.008025351679050973,0.5649096369743347,0.864406779661017,0.8215811965811967,0.8094086021505377,0.9331073206784781,0.8630486744893525,0.96734219789505,1.2353668212890625,0.0026336319278925657,0.0016346491174772382,0.0010811641113832593,0.00473953178152442,0.012095657177269459,0.0013306254986673594
133,0.0079925448984669,0.6002772450447083,0.847457627118644,0.8192540173964322,0.8236559139784947,0.9415730063737652,0.8493766819841229,0.9663363099098206,1.2366162538528442,0.0029908185824751854,0.0026382121723145247,0.001809299224987626,0.007021641358733177,0.01468646340072155,0.001146597322076559
134,0.007959536998847744,0.5994388461112976,0.847457627118644,0.8192540173964322,0.8236559139784947,0.944818506393459,0.8493766819841229,0.9653831124305725,1.2378960847854614,0.0025883251801133156,0.001183930435217917,0.0011628795182332397,0.002444266574457288,0.013787537813186646,0.0009782558772712946
135,0.007926330236239594,0.580525279045105,0.864406779661017,0.8215811965811967,0.8094086021505377,0.9484814521342035,0.8630486744893525,0.9645211696624756,1.2391936779022217,0.0010915782768279314,0.000638615689240396,0.00029042779351584613,0.0011521659325808287,0.005884149577468634,0.0003265971317887306
136,0.00789292688028057,0.5624228119850159,0.8813559322033898,0.8432234432234432,0.8201612903225807,0.9379714582276252,0.8785993667349601,0.9637003540992737,1.2404779195785522,0.0018096009735018015,0.0012884809402748942,0.0007178122759796679,0.00236940523609519,0.0064717731438577175,0.0006962904008105397
137,0.00785932921404568,0.6073709726333618,0.8813559322033898,0.8539886039886039,0.8510752688172043,0.9293704661351722,0.8816456613066782,0.9628949761390686,1.241990566253662,0.0016414347337558866,0.0011535664089024067,0.0008758874027989805,0.002982007572427392,0.013004451990127563,0.0010276518296450377
138,0.007825539533890782,0.6032164096832275,0.864406779661017,0.8403225806451613,0.8403225806451613,0.9140151014913823,0.864406779661017,0.9626051783561707,1.2432494163513184,0.0029908763244748116,0.0028308420442044735,0.0017133929068222642,0.005564137827605009,0.01423543132841587,0.001625910634174943
139,0.007791560149295626,0.5866292715072632,0.847457627118644,0.8079365079365078,0.7986559139784947,0.9423148746678159,0.8458434221146084,0.962645947933197,1.2444143295288086,0.001815648516640067,0.0017835033359006047,0.0016238684765994549,0.0036333000753074884,0.014367079362273216,0.002043752931058407
140,0.007757393382706014,0.5594654679298401,0.8305084745762712,0.7940705128205128,0.7819892473118281,0.9390316672574737,0.8292454367666233,0.9627227783203125,1.2451376914978027,0.008232645690441132,0.0006293745245784521,0.0008335676393471658,0.0026091320905834436,0.026321103796362877,0.0008296211017295718
141,0.00772304156937506,0.588585376739502,0.847457627118644,0.8076473234367971,0.7927419354838711,0.9576397722033395,0.8463688556462865,0.9629954099655151,1.2463258504867554,0.004503540229052305,0.0008933034259825945,0.0010684322332963347,0.007500014267861843,0.02108614332973957,0.0007734688115306199
142,0.00768850705720357,0.5639444589614868,0.847457627118644,0.8076473234367971,0.7927419354838711,0.9646142493391071,0.8463688556462865,0.9629108309745789,1.247617244720459,0.002329985611140728,0.0022854867856949568,0.0019747933838516474,0.006053514778614044,0.010386948473751545,0.002342677442356944
143,0.00765379220657958,0.5550523996353149,0.847457627118644,0.8076473234367971,0.7927419354838711,0.9720278930430734,0.8463688556462865,0.9628150463104248,1.2491071224212646,0.0013755211839452386,0.0008336064638569951,0.00047408841783180833,0.0014202655293047428,0.006271207705140114,0.0004984035040251911
144,0.007618899390217016,0.5479138493537903,0.847457627118644,0.8079365079365078,0.7986559139784947,0.9725418951699787,0.8458434221146084,0.9624837636947632,1.2502509355545044,0.006887892261147499,0.0016986832488328218,0.0008717961609363556,0.004403155762702227,0.010277602821588516,0.0019956505857408047
145,0.007583830992993526,0.5605617761611938,0.864406779661017,0.8215811965811967,0.8094086021505377,0.9733155627842535,0.8630486744893525,0.9627913236618042,1.2515997886657715,0.012443117797374725,0.0030731339938938618,0.003331645391881466,0.010298650711774826,0.011669729836285114,0.002333225216716528
146,0.007548589411787477,0.5524333715438843,0.8813559322033898,0.8539886039886039,0.8510752688172043,0.9733155627842535,0.8816456613066782,0.9632111191749573,1.252841591835022,0.0014007537392899394,0.0005052844644524157,0.00014614342944696546,0.0028288480825722218,0.003938379231840372,0.0008258199668489397
147,0.007513177055314133,0.5612488985061646,0.8813559322033898,0.8539886039886039,0.8510752688172043,0.9733155627842534,0.8816456613066782,0.9638656377792358,1.2538931369781494,0.0014473081100732088,0.0021788268350064754,0.0014008842408657074,0.006855099927634001,0.011089738458395004,0.0018132710829377174
148,0.0074775963439610155,0.5409188866615295,0.8813559322033898,0.8354475933423302,0.8201612903225807,0.9741758820980833,0.8803769528122785,0.9644802808761597,1.2547227144241333,0.0009476851555518806,0.0003165507805533707,0.00020218123972881585,0.0009024098981171846,0.001672324724495411,0.00017497685621492565
149,0.007441849709622487,0.5491238832473755,0.8813559322033898,0.8354475933423302,0.8201612903225807,0.9749872571030066,0.8803769528122785,0.9650358557701111,1.2554792165756226,0.0013033824507147074,0.0014988483162596822,0.0009197230101563036,0.002334500662982464,0.012740223668515682,0.0007899599731899798
150,0.007405939595533515,0.5319706201553345,0.8983050847457628,0.8569150148097516,0.8309139784946237,0.9733155627842535,0.8956520731721445,0.9658085703849792,1.2555664777755737,0.002773597603663802,0.001466822810471058,0.0018135916907340288,0.0155722014605999,0.04548497125506401,0.0022212646435946226
151,0.007369868456102699,0.5436192750930786,0.8813559322033898,0.7971245637149527,0.7583333333333333,0.9757288357857618,0.8672216482789341,0.9664228558540344,1.255676507949829,0.0038976038340479136,0.0023939693346619606,0.0014778164913877845,0.002198863308876753,0.015245908871293068,0.0017102417768910527
152,0.0073336387567445056,0.7748637199401855,0.8813559322033898,0.7971245637149527,0.7583333333333333,0.9707190816773359,0.8672216482789341,0.9667013883590698,1.2560030221939087,0.005979603156447411,0.0044855037704110146,0.003916547168046236,0.014244947582483292,0.040388498455286026,0.0035031114239245653
153,0.007297252973710758,0.6214123964309692,0.9152542372881356,0.897177584484086,0.9034946236559139,0.9835449233456824,0.9165302755059799,0.9667978882789612,1.2564789056777954,0.006932113319635391,0.0040116747841238976,0.003961327951401472,0.017808999866247177,0.042022742331027985,0.0039846040308475494
154,0.007260713593921394,0.5865343809127808,0.8813559322033898,0.8491228070175438,0.8819892473118279,0.9787031437885328,0.8889384478144513,0.9668253064155579,1.2571265697479248,0.0030826881993561983,0.001774585573002696,0.0019065019441768527,0.006570006720721722,0.020467210561037064,0.0018868024926632643
155,0.007224023114794484,0.6690471172332764,0.8983050847457628,0.8761240017606741,0.8927419354838709,0.9775398331375561,0.9011795024283873,0.9667725563049316,1.258199691772461,0.011498328298330307,0.00537098478525877,0.005936318077147007,0.017361517995595932,0.09961936622858047,0.004848420154303312
156,0.00718718404407554,0.6064543128013611,0.9152542372881356,0.897177584484086,0.9034946236559139,0.9779615651057777,0.9165302755059799,0.9670994281768799,1.258790373802185,0.007543161977082491,0.003698956687003374,0.004635533317923546,0.008373849093914032,0.05230313912034035,0.005489617586135864
157,0.0071501988996661115,0.526766300201416,0.8983050847457628,0.8678728070175438,0.8618279569892473,0.9797199111240857,0.8990020071364853,0.9674801230430603,1.2593108415603638,0.0008297467138618231,0.0005351057043299079,0.0006445012986660004,0.00206945464015007,0.006546747405081987,0.0005603889003396034
158,0.007113070209451689,0.5404852628707886,0.8813559322033898,0.8537422037422037,0.8451612903225807,0.9762203640761516,0.8820324888121499,0.9677301645278931,1.2597845792770386,0.002197294495999813,0.0009969323873519897,0.0013524035457521677,0.0031557183247059584,0.004856314975768328,0.0009430653299205005
159,0.007075800511128927,0.5464527606964111,0.8983050847457628,0.8828994435612083,0.8868279569892473,0.9804935787383605,0.8993281978389157,0.9676742553710938,1.260542392730713,0.010913457721471786,0.0020698411390185356,0.007106509990990162,0.019234178587794304,0.015419583767652512,0.0022695830557495356
160,0.0070383923520322,0.5537074208259583,0.9322033898305084,0.9199561403508771,0.9142473118279569,0.97763210329624,0.9323706512042819,0.9674946069717407,1.2612494230270386,0.005580960772931576,0.001220795325934887,0.001391711295582354,0.003346791723743081,0.009517575614154339,0.001016279449686408
161,0.007000848288959491,0.5509235858917236,0.9152542372881356,0.9062372812372813,0.9034946236559139,0.9776754291460173,0.9152749322240847,0.9673231840133667,1.2618236541748047,0.0013678640825673938,0.0009012696100398898,0.0012629678240045905,0.005978788249194622,0.009940151125192642,0.0005590718355961144
162,0.006963170887997639,0.5762039422988892,0.9152542372881356,0.9056652806652806,0.8975806451612903,0.9775136522764606,0.9151485253180169,0.9675185680389404,1.2628726959228516,0.009225301444530487,0.0023283688351511955,0.0031039840541779995,0.0047382875345647335,0.020509621128439903,0.0012596314772963524
163,0.006925362724346952,0.557735800743103,0.9152542372881356,0.9056652806652806,0.8975806451612903,0.9767456031213148,0.9151485253180169,0.9675276279449463,1.2640788555145264,0.010027676820755005,0.0022908940445631742,0.004893295466899872,0.01021604984998703,0.015094825066626072,0.0013368180952966213
164,0.006887426382145193,0.5340807437896729,0.9152542372881356,0.8933161102278749,0.8975806451612903,0.9731914933053454,0.9157476893643394,0.9678268432617188,1.2650375366210938,0.005973218474537134,0.0022598884534090757,0.0034658117219805717,0.006207443308085203,0.01359727792441845,0.002144845901057124
165,0.006849364454290958,0.563474714756012,0.8983050847457628,0.8828994435612083,0.8868279569892473,0.9703848702425552,0.8993281978389157,0.9685940742492676,1.266470193862915,0.010522610507905483,0.004966735374182463,0.0070027741603553295,0.009623386897146702,0.020920569077134132,0.002103226725012064
166,0.006811179542266458,0.5495061874389648,0.9322033898305084,0.9111240856971407,0.9201612903225805,0.975134379641021,0.9334816064626633,0.9690748453140259,1.2685489654541016,0.006689822766929865,0.0022335743997246027,0.0029999723192304373,0.007825979962944984,0.02625228278338909,0.0014909395249560475
167,0.006772874255959703,0.5678422451019287,0.9322033898305084,0.9111240856971407,0.9201612903225805,0.9771523911466985,0.9334816064626633,0.9697806239128113,1.2696385383605957,0.0033930442295968533,0.002576112747192383,0.002373050432652235,0.002857464598491788,0.03798622637987137,0.001896396861411631
168,0.006734451213486133,0.544402003288269,0.9152542372881356,0.897177584484086,0.9034946236559139,0.975134379641021,0.9165302755059799,0.970543384552002,1.2704415321350098,0.002745653036981821,0.0006923942128196359,0.0012428703485056758,0.003610161831602454,0.009880350902676582,0.000571270240470767
169,0.006695913041009662,0.5290576815605164,0.8983050847457628,0.8828994435612083,0.8868279569892473,0.972013238711531,0.8993281978389157,0.9712578654289246,1.2711073160171509,0.002115411451086402,0.000894762750249356,0.00040792921208776534,0.0012440331047400832,0.003463567001745105,0.00047976887435652316
170,0.006657262372563185,0.543096125125885,0.8983050847457628,0.8828994435612083,0.8868279569892473,0.9704225776332039,0.8993281978389157,0.9714513421058655,1.2719221115112305,0.0038722665049135685,0.004178165923804045,0.002639142330735922,0.013905669562518597,0.012017065659165382,0.0014892792096361518
171,0.006618501849868548,0.528896689414978,0.9322033898305084,0.9199561403508771,0.9142473118279569,0.977572211680371,0.9323706512042819,0.9717563986778259,1.272606611251831,0.0009648029808886349,0.0007662161369808018,0.00038704642793163657,0.006658439990133047,0.003909924067556858,0.0005660901078954339
172,0.006579634122155991,0.5489475727081299,0.8983050847457628,0.8639986139986139,0.8559139784946237,0.9771448612530206,0.8981993727756441,0.9719551801681519,1.2731188535690308,0.002810464473441243,0.0016577511560171843,0.0008288692333735526,0.002541078720241785,0.014797944575548172,0.002037191530689597
173,0.006540661845983073,0.5514758825302124,0.9152542372881356,0.8933161102278749,0.8975806451612903,0.9769020511430379,0.9157476893643394,0.9719404578208923,1.2731680870056152,0.003689744509756565,0.002729506464675069,0.0036013121716678143,0.011703157797455788,0.04002951830625534,0.002465507946908474
174,0.0065015876850531016,0.548267126083374,0.8983050847457628,0.8784984079101726,0.8809139784946236,0.9632386536086726,0.8979897913098311,0.971749484539032,1.273042917251587,0.0050593214109539986,0.004626961424946785,0.0026691006496548653,0.016718043014407158,0.020485371351242065,0.0034512877464294434
175,0.006462414310033072,0.5430086851119995,0.8983050847457628,0.8784984079101726,0.8809139784946236,0.9552056471885694,0.8979897913098311,0.9715864658355713,1.2731629610061646,0.006951973773539066,0.0014052364276722074,0.002215380547568202,0.004347470123320818,0.03199231997132301,0.001750060822814703
176,0.0064231443983711325,0.5422460436820984,0.8813559322033898,0.8576388888888888,0.8701612903225806,0.9473128126353932,0.8829449152542372,0.9715437889099121,1.2733650207519531,0.002256043255329132,0.0014690072275698185,0.0007096605841070414,0.002310562878847122,0.008560561574995518,0.000545825227163732
177,0.006383780634113578,0.5310204029083252,0.8983050847457628,0.8784984079101726,0.8809139784946236,0.9614046031977721,0.8979897913098311,0.9715957045555115,1.272944450378418,0.015240118838846684,0.0015587885864078999,0.003130568889901042,0.0018785097636282444,0.07954093813896179,0.0019599173683673143
178,0.006344325707721409,0.545600175857544,0.9152542372881356,0.8933161102278749,0.8975806451612903,0.9617396834664387,0.9157476893643394,0.9717985987663269,1.2722656726837158,0.00211723824031651,0.0013200897956267,0.0014693877892568707,0.006000360939651728,0.014941650442779064,0.0014112506760284305
179,0.006304782315886434,0.5218799114227295,0.9152542372881356,0.8933161102278749,0.8975806451612903,0.9659639538197412,0.9157476893643394,0.972078800201416,1.2716712951660156,0.0015591655392199755,0.0004808190860785544,0.00012242434604559094,0.0014900810783728957,0.003990337252616882,0.0005607455968856812
180,0.0062651531613469565,0.5283852815628052,0.8983050847457628,0.8784984079101726,0.8809139784946236,0.9567414558875659,0.8979897913098311,0.9725250005722046,1.2710707187652588,0.0041222115978598595,0.0016583043616265059,0.0019692955538630486,0.004554818384349346,0.020296238362789154,0.0018796974327415228
181,0.00622544095270305,0.5288481712341309,0.8813559322033898,0.8632543926661573,0.864247311827957,0.955589382154847,0.8798798409964911,0.9729508757591248,1.2705920934677124,0.0035177075769752264,0.0009895829716697335,0.0008421848178841174,0.002628327812999487,0.008405527099967003,0.0011495667276903987
182,0.006185648404231421,0.5552468299865723,0.8813559322033898,0.8632543926661573,0.864247311827957,0.9519654760167094,0.8798798409964911,0.973277747631073,1.2703819274902344,0.004717311821877956,0.0009301933459937572,0.0016336122062057257,0.0015854730736464262,0.010130149312317371,0.000824512098915875
183,0.0061457782356999025,0.5395519733428955,0.8813559322033898,0.8632543926661573,0.864247311827957,0.9492339781239211,0.8798798409964911,0.9736592173576355,1.2702878713607788,0.001157109159976244,0.0005915777292102575,0.0004702053847722709,0.0018044267781078815,0.004499558359384537,0.0007155246566981077
184,0.006105833172181549,0.5374239683151245,0.8813559322033898,0.8632543926661573,0.864247311827957,0.9528314137896681,0.8798798409964911,0.9739359021186829,1.2703338861465454,0.005134250037372112,0.001454007811844349,0.0009321655961684883,0.0011196016566827893,0.01640254817903042,0.002216218039393425
185,0.006065815943868391,0.5231626033782959,0.8983050847457628,0.8789839019347218,0.9177419354838711,0.9553578089631221,0.9023287249461187,0.974265456199646,1.2703309059143066,0.003868230152875185,0.0008093773503787816,0.0008529531769454479,0.0051421825774014,0.004338301718235016,0.001015190500766039
186,0.006025729285884828,0.5381026864051819,0.9152542372881356,0.8988360176815186,0.9284946236559141,0.9576675748876887,0.917207126841382,0.9747729301452637,1.2701928615570068,0.0032970996107906103,0.0015175484586507082,0.0012987760128453374,0.008422300219535828,0.0091432835906744,0.001975780352950096
187,0.005985575938100685,0.5219483375549316,0.9152542372881356,0.8988360176815186,0.9284946236559141,0.9592469990477581,0.917207126841382,0.9754733443260193,1.270005226135254,0.007839107885956764,0.003433405887335539,0.0030489866621792316,0.0061307791620492935,0.0019946496468037367,0.0017661431338638067
188,0.005945358644943944,0.5470708012580872,0.9322033898305084,0.9134311187805579,0.9451612903225807,0.9635205033212624,0.934908819701379,0.9761562943458557,1.2700272798538208,0.00365257915109396,0.00031134558958001435,0.0004342331667430699,0.002698777010664344,0.01592772640287876,0.00042284856317564845
189,0.005905080155213171,0.5353734493255615,0.9152542372881356,0.8988360176815186,0.9284946236559141,0.9643318783261857,0.917207126841382,0.9769565463066101,1.2700629234313965,0.003610794199630618,0.0016432511620223522,0.0012714473996311426,0.004586921073496342,0.02371073141694069,0.0014952310593798757
190,0.005864743221889634,0.5301375389099121,0.8983050847457628,0.8946759259259259,0.9118279569892472,0.9760003174139796,0.8980108286252354,0.9779247641563416,1.2698514461517334,0.007383742369711399,0.0018624947406351566,0.0034475817810744047,0.011919735930860043,0.01332020852714777,0.002048370661213994
191,0.005824350601949144,0.5162041187286377,0.8983050847457628,0.8946759259259259,0.9118279569892472,0.9681465224634106,0.8980108286252354,0.9788183569908142,1.269606351852417,0.0001257656840607524,0.0001294166431762278,5.472202610690147e-05,0.00010839300375664607,0.0013402322074398398,0.00016169594891835004
192,0.0057839050561736185,0.5353091955184937,0.8983050847457628,0.8946759259259259,0.9118279569892472,0.9661830737257683,0.8980108286252354,0.97963547706604,1.26927649974823,0.0007551635499112308,0.00028389180079102516,0.00026107003213837743,0.0018178035970777273,0.004556493833661079,0.0003583556681405753
193,0.005743409348962387,0.5219799280166626,0.8813559322033898,0.8732943469785575,0.9010752688172042,0.9669511228809142,0.8825453464168898,0.979678213596344,1.268979787826538,0.0007813083939254284,0.00047715308028273284,0.00033034797525033355,0.0003152162826154381,0.00594352837651968,0.0006987840170040727
194,0.005702866248143243,0.545068621635437,0.8813559322033898,0.8732943469785575,0.9010752688172042,0.9694718995952393,0.8825453464168898,0.9795616865158081,1.2686909437179565,0.004325647838413715,0.002278036903589964,0.002547868527472019,0.003898812457919121,0.007607071194797754,0.0025335969403386116
195,0.005662278524783272,0.5278776288032532,0.8813559322033898,0.8732943469785575,0.9010752688172042,0.9693852478956844,0.8825453464168898,0.9795475602149963,1.2681844234466553,0.004359496291726828,0.0013487300602719188,0.0004941692459397018,0.0011715148575603962,0.01485269796103239,0.0012712310999631882
196,0.005621648952999453,0.5157673358917236,0.8813559322033898,0.8732943469785575,0.9010752688172042,0.9628830109380394,0.8825453464168898,0.9795861840248108,1.2676894664764404,0.00020984120783396065,0.00014575078967027366,7.25979043636471e-05,0.00023514285567216575,0.0008604247123003006,9.921008313540369e-05
197,0.005580980309769044,0.5150883197784424,0.864406779661017,0.8532855436081243,0.8903225806451612,0.9551102492278963,0.8674199623352166,0.9796628952026367,1.2671993970870972,0.0005607017665170133,0.00012161772610852495,0.00015586741210427135,0.0007212518830783665,0.0010122889652848244,0.00014080313849262893
198,0.005540275374739791,0.51399165391922,0.864406779661017,0.8532855436081243,0.8903225806451612,0.9359541417890563,0.8674199623352166,0.979768693447113,1.2667160034179688,0.0004376388096716255,0.00015580658509861678,0.00015440251445397735,0.0004960919613949955,0.0006011193036101758,6.367841706378385e-05
199,0.0054995369300399315,0.5252965688705444,0.864406779661017,0.8532855436081243,0.8903225806451612,0.9355701172114834,0.8674199623352166,0.9798902273178101,1.2662193775177002,0.00048022193368524313,0.0001594893547007814,0.00027133297407999635,0.0004580226668622345,0.0017568853218108416,0.00012529513332992792
200,0.005458767760088046,0.5436934232711792,0.864406779661017,0.8532855436081243,0.8903225806451612,0.932307761814403,0.8674199623352166,0.9799625277519226,1.265663743019104,0.008885374292731285,0.005245368927717209,0.006181722041219473,0.005887592677026987,0.06425533443689346,0.0021689452696591616
201,0.0054179706514027445,0.518276572227478,0.864406779661017,0.8532855436081243,0.8903225806451612,0.9344386058807311,0.8674199623352166,0.9800487756729126,1.2651370763778687,0.00030165494536049664,0.0004064546665176749,0.00022347977210301906,0.0005018624942749739,0.0018164000939577818,0.00013591485912911594
202,0.005377148392412213,0.5144657492637634,0.8813559322033898,0.8732943469785575,0.9010752688172042,0.9339358406720836,0.8825453464168898,0.9801674485206604,1.2646292448043823,0.00016931345453485847,9.303895785706118e-05,6.206169200595468e-05,0.0004861513734795153,0.0006150065455585718,6.376636156346649e-05
203,0.005336303773263628,0.5284934639930725,0.8813559322033898,0.8732943469785575,0.9010752688172042,0.9424560891354061,0.8825453464168898,0.9804635047912598,1.264164686203003,0.011739760637283325,0.0022066342644393444,0.0032475683838129044,0.007536209654062986,0.027688272297382355,0.002206304343417287
204,0.005295439585632452,0.5409915447235107,0.864406779661017,0.8472222222222222,0.8594086021505376,0.9489166220665272,0.8665254237288136,0.9807219505310059,1.2635003328323364,0.0020386320538818836,0.0010255315573886037,0.0014492220943793654,0.004372765310108662,0.02290770225226879,0.0017032111063599586
205,0.005254558622531626,0.51233971118927,0.864406779661017,0.8472222222222222,0.8594086021505376,0.9514486356991102,0.8665254237288136,0.9809722304344177,1.2628041505813599,0.0003207081463187933,0.00020002861856482923,0.00019184916163794696,0.0003604679659474641,0.005880111362785101,0.00016892368148546666
206,0.005213663678120677,0.5289027690887451,0.864406779661017,0.8472222222222222,0.8594086021505376,0.9449784876729849,0.8665254237288136,0.9811481237411499,1.262044906616211,0.004127040039747953,0.0013976217014715075,0.0009528055670671165,0.002027468988671899,0.01280483789741993,0.0006022946909070015
207,0.005172757547514729,0.5270799994468689,0.864406779661017,0.8472222222222222,0.8594086021505376,0.9449784876729849,0.8665254237288136,0.9813687205314636,1.261367678642273,0.000566354370675981,0.00026328384410589933,0.0002817827626131475,0.0009329133899882436,0.0074635278433561325,0.0004625755827873945
208,0.0051318430265934745,0.5365645289421082,0.864406779661017,0.8472222222222222,0.8594086021505376,0.9465579118330542,0.8665254237288136,0.9816442131996155,1.2607617378234863,0.0009644568199291825,0.00039307682891376317,0.0005138473934493959,0.000853577337693423,0.005862777587026358,0.0004556315252557397
209,0.005090922911810069,0.5122997164726257,0.8813559322033898,0.8618618618618618,0.8760752688172043,0.9473692868379775,0.8840026467145111,0.9819318056106567,1.260189414024353,0.0007557584322057664,0.0006127093802206218,0.0007407564553432167,0.0026125593576580286,0.002024000743404031,0.0006001343717798591
210,0.005050000000000001,0.5101051330566406,0.8813559322033898,0.8618618618618618,0.8760752688172043,0.9481806618429011,0.8840026467145111,0.982225775718689,1.2596442699432373,0.00018745122360996902,4.540237205219455e-05,4.48696555395145e-05,0.00015713383618276566,0.0013191495090723038,0.00010333385580452159
211,0.005009077088189933,0.5136414766311646,0.8813559322033898,0.8618618618618618,0.8760752688172043,0.9507388563365793,0.8840026467145111,0.9825229048728943,1.2590302228927612,0.0012347130104899406,0.0003227358974982053,0.0003138277679681778,0.003443181747570634,0.007679855450987816,0.0007730391225777566
212,0.004968156973406526,0.5188257098197937,0.8813559322033898,0.8618618618618618,0.8760752688172043,0.9503171243683578,0.8840026467145111,0.982799232006073,1.2583205699920654,0.0049689882434904575,0.0010424715001136065,0.0006855663959868252,0.002461339347064495,0.018333831802010536,0.0010978610953316092
213,0.0049272424524852716,0.5108743906021118,0.8813559322033898,0.8618618618618618,0.8760752688172043,0.9495057493634343,0.8840026467145111,0.9830791354179382,1.2576472759246826,0.000189649173989892,4.931489092996344e-05,5.212459291215055e-05,0.0001655920350458473,0.0009456637781113386,5.880076787434518e-05
214,0.004886336321879326,0.523320198059082,0.864406779661017,0.8472222222222222,0.8594086021505376,0.9454264005023019,0.8665254237288136,0.9833280444145203,1.257035493850708,0.0027545762713998556,0.0021318411454558372,0.0010258296970278025,0.0024045617319643497,0.031847767531871796,0.002856780309230089
215,0.004845441377468376,0.5332103371620178,0.8813559322033898,0.8682419976537624,0.8701612903225806,0.9464033173236209,0.8818229073463371,0.9835572242736816,1.2566297054290771,0.0018959357403218746,0.0015511070378124714,0.0013347588246688247,0.007487828377634287,0.014310315251350403,0.0009036198607645929
216,0.004804560414367551,0.5430134534835815,0.8813559322033898,0.8682419976537624,0.8701612903225806,0.9486887558993823,0.8818229073463371,0.9838302135467529,1.25626802444458,0.0016178247751668096,0.0009739273809827864,0.0007335857371799648,0.000952380069065839,0.007555942516773939,0.0006861839210614562
217,0.004763696226736375,0.5164605975151062,0.8983050847457628,0.8828994435612083,0.8868279569892473,0.958165300859798,0.8993281978389157,0.9841673970222473,1.2559683322906494,0.0006465604528784752,0.0011262085754424334,0.0010948744602501392,0.0009193114237859845,0.003465905087068677,0.000874736753758043
218,0.0047228516075877875,0.5110540390014648,0.9152542372881356,0.9056652806652806,0.8975806451612903,0.9584193478880386,0.9151485253180169,0.9844884872436523,1.2556593418121338,0.00012137406156398356,7.768254727125168e-05,0.00014409952564164996,0.0003260236990172416,0.001158328726887703,0.0001793147239368409
219,0.004682029348597257,0.5145210027694702,0.9152542372881356,0.9062372812372813,0.9034946236559139,0.9520090914777822,0.9152749322240847,0.9848037958145142,1.2553454637527466,4.5209904783405364e-05,2.665442843863275e-05,2.545511415519286e-05,8.223437907872722e-05,0.0004529431462287903,3.1338986445916817e-05
220,0.004641232239911956,0.5167967081069946,0.9152542372881356,0.9062372812372813,0.9034946236559139,0.9520090914777822,0.9152749322240847,0.985087513923645,1.2548291683197021,0.000740326417144388,0.0003329153114464134,0.0005716197192668915,0.0007884789956733584,0.008887768723070621,0.00037184753455221653
221,0.00460046306996007,0.5117537975311279,0.9152542372881356,0.9062372812372813,0.9034946236559139,0.9520524173275597,0.9152749322240847,0.9853810667991638,1.2543398141860962,0.0036006777081638575,0.00026684472686611116,0.0004737823910545558,0.0009658064227551222,0.001602169475518167,0.0002974429226014763
222,0.00455972462526021,0.5273321866989136,0.9152542372881356,0.9062372812372813,0.9034946236559139,0.9516250669002093,0.9152749322240847,0.9856840968132019,1.253931999206543,0.005698873195797205,0.00028357625706121325,0.00028213224140927196,0.004710955545306206,0.004981587175279856,0.00014711692347191274
223,0.0045190196902309574,0.526002824306488,0.9322033898305084,0.9199561403508771,0.9142473118279569,0.9580730307011143,0.9323706512042819,0.9858953952789307,1.2535605430603027,0.002187684876844287,0.001086618285626173,0.0013980190269649029,0.0013163038529455662,0.011508360505104065,0.00133846967946738
224,0.00447835104700055,0.5121856331825256,0.9322033898305084,0.9199561403508771,0.9142473118279569,0.9584570552786872,0.9323706512042819,0.9861091375350952,1.2531954050064087,8.962923311628401e-05,5.256345320958644e-05,6.216939073055983e-05,6.272943574003875e-05,0.000502424722071737,4.0656050259713084e-05
225,0.004437721475216731,0.5279096364974976,0.9322033898305084,0.9199561403508771,0.9142473118279569,0.9556276687680864,0.9323706512042819,0.9863169193267822,1.2528600692749023,0.0017853649333119392,0.0006688322755508125,0.0010960550280287862,0.0026835110038518906,0.006412455812096596,0.000485024880617857
226,0.00439713375185676,0.5110377073287964,0.9152542372881356,0.9056652806652806,0.8975806451612903,0.9548596196129404,0.9151485253180169,0.9865479469299316,1.2525370121002197,0.0007137326756492257,0.000379430886823684,0.0003108445380348712,0.00035285792546346784,0.000534457853063941,0.00030360728851519525
227,0.004356590651037616,0.5111193656921387,0.8813559322033898,0.8758884150675196,0.864247311827957,0.9540915704577945,0.879729680893354,0.9867797493934631,1.2522175312042236,7.661686686333269e-05,3.3591546525713056e-05,2.681043406482786e-05,6.690257578156888e-05,0.000244079579715617,3.224898682674393e-05
228,0.004316094943826382,0.511023759841919,0.8813559322033898,0.8758884150675196,0.864247311827957,0.9537941975797763,0.879729680893354,0.9870182871818542,1.2519252300262451,0.00031946576200425625,6.90457527525723e-05,0.0001182399209938012,0.0002384652034379542,0.001539918128401041,0.00016040094487834722
229,0.0042756493980508565,0.5108347535133362,0.8813559322033898,0.8758884150675196,0.864247311827957,0.9513600725650061,0.879729680893354,0.9872639775276184,1.251640796661377,0.00032818870386108756,0.00011666682257782668,0.00017374205344822258,0.00023163419973570853,0.0014872688334435225,0.00016081094508990645
230,0.0042352567781103675,0.530548632144928,0.8813559322033898,0.8758884150675196,0.864247311827957,0.9509760479874331,0.879729680893354,0.987558901309967,1.2513465881347656,0.008475803770124912,0.00209479546174407,0.002415676135569811,0.002782596042379737,0.04172683134675026,0.002620956627652049
231,0.004194919844786831,0.5107337832450867,0.8813559322033898,0.8758884150675196,0.864247311827957,0.9544755950353675,0.879729680893354,0.9878594279289246,1.2510498762130737,0.0007684729644097388,0.00014132977230474353,0.0002531307691242546,0.00031307441531680524,0.0026975043583661318,0.00017752801068127155
232,0.004154641355056057,0.5121052861213684,0.8983050847457628,0.890993265993266,0.8809139784946236,0.9556709946178638,0.8976202705016264,0.9881595373153687,1.2507673501968384,0.0005940901464782655,0.00026523659471422434,0.00017063489940483123,0.000236753563513048,0.000953805516473949,0.00017798756016418338
233,0.004114424061899316,0.51009202003479,0.9152542372881356,0.9056652806652806,0.8975806451612903,0.9554789823290774,0.9151485253180169,0.9884259104728699,1.2505147457122803,0.0014751687413081527,0.0006342080887407064,0.0006083014886826277,0.0015164377400651574,0.002571111312136054,0.0003880878211930394
234,0.004074270714115174,0.5202880501747131,0.9152542372881356,0.9056652806652806,0.8975806451612903,0.9554789823290774,0.9151485253180169,0.9886844158172607,1.2502655982971191,0.0005648633814416826,0.00022996365441940725,0.00013840962492395192,0.0004941782099194825,0.0005481164553202689,0.0002486917655915022
235,0.004034184056131611,0.533879280090332,0.9152542372881356,0.9056652806652806,0.8975806451612903,0.9548596196129404,0.9151485253180169,0.988875687122345,1.2500709295272827,0.002603074535727501,0.001825639745220542,0.001412564073689282,0.002867000410333276,0.003996227402240038,0.0013084148522466421
236,0.003994166827818454,0.5224733352661133,0.9152542372881356,0.9056652806652806,0.8975806451612903,0.9568230683505826,0.9151485253180169,0.9890766143798828,1.2499303817749023,0.002068084664642811,0.002180125331506133,0.0007654430810362101,0.003803948173299432,0.005250332877039909,0.0006316852523013949
237,0.003954221764300101,0.5111969709396362,0.9322033898305084,0.9199561403508771,0.9142473118279569,0.9595112403935934,0.9323706512042819,0.9892765283584595,1.2497798204421997,0.00010365706839365885,5.7865956478053704e-05,5.6674824008950964e-05,0.00017373661103192717,0.00038547994336113334,3.352890780661255e-05
238,0.003914351595768582,0.5190268158912659,0.9322033898305084,0.9199561403508771,0.9142473118279569,0.9591328342751493,0.9323706512042819,0.9893331527709961,1.2498506307601929,0.0187824834138155,0.005004906561225653,0.002445111284032464,0.006068435497581959,0.0172356478869915,0.0028655945789068937
239,0.0038745590472969507,0.5222070217132568,0.9322033898305084,0.9199561403508771,0.9142473118279569,0.9596035105522773,0.9323706512042819,0.989353597164154,1.2498924732208252,0.0017941856058314443,0.0006730810273438692,0.0009196895989589393,0.0010554854525253177,0.009882109239697456,0.0008445935091003776
240,0.0038348468386530444,0.5114362239837646,0.9322033898305084,0.9199561403508771,0.9142473118279569,0.9599819166707212,0.9323706512042819,0.9894095659255981,1.2499040365219116,0.0009176405146718025,0.0010161675745621324,0.0006201663054525852,0.0013870580587536097,0.0017870997544378042,0.00081785605289042
241,0.0037952176841135675,0.511475682258606,0.9322033898305084,0.9199561403508771,0.9142473118279569,0.9599819166707212,0.9323706512042819,0.9894884824752808,1.2498782873153687,0.0003690244338940829,0.00010814102279255167,0.00024179740285035223,0.00022136890038382262,0.0007503598462790251,9.461675654165447e-05
242,0.0037556742922785925,0.5152721405029297,0.9322033898305084,0.9199561403508771,0.9142473118279569,0.9584458183604294,0.9323706512042819,0.9896466732025146,1.2499241828918457,0.006267300806939602,0.0028288911562412977,0.0028441378381103277,0.024890974164009094,0.05004195123910904,0.0030068540945649147
243,0.003716219365886423,0.5170921087265015,0.9322033898305084,0.9199561403508771,0.9142473118279569,0.957250418777933,0.9323706512042819,0.9897779822349548,1.249855875968933,0.0011260292958468199,0.001316776848398149,0.001353300060145557,0.003181562991812825,0.016098227351903915,0.0010827257065102458
244,0.0036768556016288706,0.550478458404541,0.9322033898305084,0.9199561403508771,0.9142473118279569,0.9568663942003601,0.9323706512042819,0.9898861646652222,1.2496429681777954,0.0035953184124082327,0.004209581296890974,0.0027893874794244766,0.0036938132252544165,0.030833372846245766,0.003058002097532153
245,0.00363758568996693,0.5190518498420715,0.9322033898305084,0.9199561403508771,0.9142473118279569,0.9544699765762384,0.9323706512042819,0.9901042580604553,1.2494677305221558,0.007891918532550335,0.009635250084102154,0.002994794398546219,0.006707912310957909,0.012184163555502892,0.00499940849840641
246,0.0035984123149469,0.5100761651992798,0.9152542372881356,0.9062372812372813,0.9034946236559139,0.9516951528336728,0.9152749322240847,0.9903144240379333,1.24928617477417,5.743244764744304e-05,3.573570211301558e-05,3.448962524998933e-05,8.70380608830601e-05,0.0003594642039388418,5.981394133414142e-05
247,0.003559338154016929,0.5215973854064941,0.9152542372881356,0.9062372812372813,0.9034946236559139,0.9528472265663916,0.9152749322240847,0.9905076026916504,1.2491183280944824,0.003052473533898592,0.0017679474549368024,0.001410077908076346,0.0024103200994431973,0.011817310005426407,0.0026595687959343195
248,0.003520365877844012,0.5228677988052368,0.9152542372881356,0.9062372812372813,0.9034946236559139,0.9455389434516569,0.9152749322240847,0.9906872510910034,1.2489088773727417,0.0013130276929587126,0.0004743734607473016,0.0005451538600027561,0.0009114308631978929,0.007004139944911003,0.0006623336230404675
249,0.0034814981501314545,0.5099051594734192,0.9152542372881356,0.9062372812372813,0.9034946236559139,0.9483193856533516,0.9152749322240847,0.9903267621994019,1.2486999034881592,0.00010271350765833631,0.0001264484308194369,0.00010758902499219403,0.00016587691789027303,0.0002685278304852545,7.290719804586843e-05
250,0.0034427376274368173,0.5117117166519165,0.9152542372881356,0.9062372812372813,0.9034946236559139,0.9477620576766688,0.9152749322240847,0.9898448586463928,1.2484912872314453,9.59652170422487e-05,8.865751442499459e-05,7.724475290160626e-05,0.00018384880968369544,0.0004133614129386842,7.050148997223005e-05
251,0.003404086958990339,0.5280978083610535,0.8983050847457628,0.8832773804310806,0.8927419354838709,0.9506235331187893,0.8991487077229849,0.9894371032714844,1.2482552528381348,0.00472271628677845,0.001977351028472185,0.00188904395326972,0.005433174781501293,0.01774916611611843,0.001190267619676888
252,0.003365548786513867,0.5260858535766602,0.8983050847457628,0.8832773804310806,0.8927419354838709,0.9416385164487631,0.8991487077229849,0.9891030788421631,1.248024582862854,0.000494214822538197,0.0004326445341575891,0.0003220983489882201,0.0007058911141939461,0.001816375064663589,0.0004129733715672046
253,0.003327125744040297,0.5112115144729614,0.8983050847457628,0.8832773804310806,0.8927419354838709,0.9403829356391026,0.8991487077229849,0.9888227581977844,1.2477962970733643,0.0007931225700303912,0.000143323908559978,0.0006585529772564769,0.0004857835592702031,0.00030922965379431844,0.0002707329113036394
254,0.0032888204577335442,0.5132995247840881,0.8983050847457628,0.8832773804310806,0.8927419354838709,0.9412111660214126,0.8991487077229849,0.9885998964309692,1.247546672821045,0.0006806463352404535,0.0003466197813395411,0.000458353606518358,0.0004882631474174559,0.002285673748701811,0.00039526927866972983
255,0.0032506355457090426,0.5215125679969788,0.8983050847457628,0.8832773804310806,0.8927419354838709,0.9441083505362443,0.8991487077229849,0.9887080788612366,1.2477539777755737,0.005844165105372667,0.007411419879645109,0.006990764290094376,0.02387274242937565,0.04531387239694595,0.0035613218788057566
256,0.0032125736178548075,0.5119014978408813,0.864406779661017,0.8544647588765235,0.8594086021505376,0.9449441976956208,0.8645852981595753,0.988814115524292,1.2479288578033447,8.9387918706052e-05,0.00014266632206272334,0.00014852712047286332,0.00037448710645549,0.002064846456050873,0.00015208966215141118
257,0.0031746372756530482,0.5121418833732605,0.864406779661017,0.8544647588765235,0.8594086021505376,0.953447880392852,0.8645852981595753,0.9889436960220337,1.2481122016906738,0.0005895956419408321,0.0006660938379354775,0.00032157855457626283,0.0008973685326054692,0.002969549037516117,0.0004502789524849504
258,0.0031368291120023616,0.5111305713653564,0.864406779661017,0.8544647588765235,0.8594086021505376,0.9526798312377059,0.8645852981595753,0.9890663027763367,1.2482609748840332,0.00017240887973457575,0.00023226292978506535,0.00010133229807252064,0.0006528996746055782,0.0021989813540130854,0.00011710113903973252
259,0.0030991517110405113,0.5115938186645508,0.864406779661017,0.8544647588765235,0.8594086021505376,0.9539053214337844,0.8645852981595753,0.9891745448112488,1.248380422592163,0.00029198647825978696,0.0003138995380140841,0.0005168448551557958,0.0012735414784401655,0.001934307743795216,0.0002556164108682424
260,0.0030616076479678023,0.5110770463943481,0.864406779661017,0.8544647588765235,0.8594086021505376,0.9612262605621241,0.8645852981595753,0.9892745614051819,1.2484548091888428,0.00018638405890669674,0.00022014669957570732,0.0004245014861226082,0.000711282598786056,0.0032468517310917377,0.00021169826504774392
261,0.0030241994888710747,0.5111119747161865,0.864406779661017,0.8544647588765235,0.8594086021505376,0.9540046291469442,0.8645852981595753,0.9893627762794495,1.2485253810882568,0.0004369450325611979,0.00031084075453691185,0.0005420985398814082,0.0014753657160326838,0.002737663686275482,0.00037710016476921737
262,0.0029869297905483136,0.5124642252922058,0.864406779661017,0.8544647588765235,0.8594086021505376,0.9536206045693713,0.8645852981595753,0.9897623062133789,1.2486387491226196,0.004991200286895037,0.00605965219438076,0.0030722282826900482,0.004245329182595015,0.00988734606653452,0.0007221921114251018
263,0.00294980110033389,0.5100316405296326,0.8813559322033898,0.8773908523908523,0.8701612903225806,0.9527281963240218,0.8806582332006061,0.9901692271232605,1.2487226724624634,0.0003974140272475779,0.0006137777236290276,0.00032393430592492223,0.0009218502673320472,0.0005035343347117305,8.639018051326275e-05
264,0.0029128159559244607,0.5131791234016418,0.8983050847457628,0.8919956140350878,0.8868279569892473,0.9522952274375425,0.8981099464763603,0.9904823899269104,1.2487571239471436,0.00087734468979761,0.0015950402012094855,0.0014459181111305952,0.001726256450638175,0.015541916713118553,0.00114172522444278
265,0.0028759768852055175,0.5096040964126587,0.8983050847457628,0.8919956140350878,0.8868279569892473,0.9551189954890145,0.8981099464763603,0.9907777309417725,1.2487702369689941,0.0001320912124356255,0.00011709083628375083,0.00013022588973399252,0.00025079798069782555,0.0005545320454984903,9.892848174786195e-05
266,0.002839286406078608,0.5095336437225342,0.8983050847457628,0.8919956140350878,0.8868279569892473,0.9518189327012855,0.8981099464763603,0.9910474419593811,1.2487596273422241,2.7651192795019597e-05,3.521998587530106e-05,9.491333912592381e-06,2.8636932256631553e-05,0.00022502343927044421,7.891918357927352e-06
267,0.0028027470262892437,0.5101224780082703,0.8983050847457628,0.8927419354838709,0.8927419354838709,0.951873495469321,0.8983050847457628,0.9912916421890259,1.2487106323242188,0.0004260934656485915,0.000166227575391531,9.57778247538954e-05,0.0003918450966011733,0.0019680422265082598,9.360149852000177e-05
268,0.002766361243255496,0.523658037185669,0.8983050847457628,0.8927419354838709,0.8927419354838709,0.9454744759773223,0.8983050847457628,0.9913551211357117,1.2486462593078613,0.0019677483942359686,0.003238712204620242,0.002078514313325286,0.0038439943455159664,0.0047033787705004215,0.0012637977488338947
269,0.002730131543897301,0.509335458278656,0.8983050847457628,0.8927419354838709,0.8927419354838709,0.9454688575181933,0.8983050847457628,0.9914206862449646,1.2485697269439697,0.00010419757745694369,9.553602285450324e-05,6.059636143618263e-05,0.00017493842460680753,0.0005491581978276372,6.450690125348046e-05
270,0.0026940604044664858,0.5109580755233765,0.8983050847457628,0.8927419354838709,0.8927419354838709,0.9454688575181933,0.8983050847457628,0.9914857149124146,1.248489499092102,0.0004069245478603989,0.00026895717019215226,0.0002577615960035473,0.0004030906711705029,0.0015631626592949033,0.00022217431978788227
271,0.002658150290377515,0.5098799467086792,0.8983050847457628,0.8927419354838709,0.8927419354838709,0.9449925627819367,0.8983050847457628,0.9915710687637329,1.248384714126587,0.00041340035386383533,0.0007227140013128519,0.00036635244032368064,0.0006411746144294739,0.0021962253376841545,0.00019808179058600217
272,0.0026224036560389846,0.5095140933990479,0.8983050847457628,0.8927419354838709,0.8927419354838709,0.9441378619272357,0.8983050847457628,0.9916637539863586,1.2482805252075195,0.00021263431699480861,0.00039946421748027205,0.00026959189563058317,0.0007353410474024713,0.0014211590168997645,0.00021311629097908735
273,0.0025868229446858685,0.5090551376342773,0.8813559322033898,0.8695917711346834,0.8819892473118279,0.9462369066733393,0.8818789533040223,0.9917421340942383,1.248162865638733,0.0003508980735205114,0.00023877537751104683,0.00019370947848074138,0.0005685231299139559,0.0015575775178149343,0.0001699432759778574
274,0.0025514105882125234,0.5154114961624146,0.8813559322033898,0.8695917711346834,0.8819892473118279,0.9413312388644456,0.8818789533040223,0.9918426871299744,1.2480759620666504,0.0010065604001283646,0.001292197615839541,0.0009168886463157833,0.0009551570401526988,0.004956119693815708,0.0006342164124362171
275,0.002516169007006475,0.5255289077758789,0.8813559322033898,0.8695917711346834,0.8819892473118279,0.9352282600385067,0.8818789533040223,0.9919449090957642,1.247973918914795,0.0002264382637804374,0.0002484471770003438,0.00010314914106857032,0.0001175368161057122,0.0011795968748629093,0.00011205699411220849
276,0.0024811006097829845,0.5268352031707764,0.8813559322033898,0.8695917711346834,0.8819892473118279,0.9352282600385067,0.8818789533040223,0.9920171499252319,1.2478663921356201,0.0009506501373834908,0.0004334085388109088,0.0004122561076655984,0.00029396728496067226,0.0003702118410728872,0.00016148347640410066
277,0.002446207793420422,0.5085079073905945,0.8813559322033898,0.8695917711346834,0.8819892473118279,0.9380087022402014,0.8818789533040223,0.9920870065689087,1.2477518320083618,6.55734256724827e-05,2.714740185183473e-05,6.954420678084716e-05,6.887695053592324e-05,0.00017283616762142628,5.003879050491378e-05
278,0.002411492942796432,0.5085744857788086,0.8813559322033898,0.8695917711346834,0.8819892473118279,0.9384416711266806,0.8818789533040223,0.9921557903289795,1.2476322650909424,2.3885730115580373e-05,9.513962140772492e-06,5.514895747182891e-06,4.462218203116208e-05,0.00010764474427560344,5.65242271477473e-06
279,0.0023769584306249435,0.5088808536529541,0.8813559322033898,0.8695917711346834,0.8819892473118279,0.9384416711266806,0.8818789533040223,0.992223858833313,1.2475080490112305,1.0147640750801656e-05,8.793060260359198e-06,7.295336217794102e-06,3.268597720307298e-05,7.600776007166132e-05,7.129041932785185e-06
280,0.0023426066172939877,0.5127536058425903,0.8813559322033898,0.8695917711346834,0.8819892473118279,0.9392530461316041,0.8818789533040223,0.9922743439674377,1.2473825216293335,0.0001474239834351465,0.0002810608712024987,8.46045368234627e-05,0.0005969975027255714,0.000333866075379774,0.00010379613377153873
281,0.002308439850704377,0.5181180238723755,0.8813559322033898,0.8695917711346834,0.8819892473118279,0.9396803965589545,0.8818789533040223,0.992293655872345,1.2472574710845947,0.0008580919238738716,0.0005397648201324046,0.0005736230523325503,0.0021980435121804476,0.0017907522851601243,0.0003325805882923305
282,0.002274460466109219,0.5128511786460876,0.8813559322033898,0.8695917711346834,0.8819892473118279,0.9372294161667977,0.8818789533040223,0.9923175573348999,1.2471290826797485,0.0006603561923839152,0.0004438514879439026,0.00031605965341441333,0.0009122888441197574,9.630966087570414e-05,0.0004338361613918096
283,0.0022406707859543205,0.5083808302879333,0.8813559322033898,0.8695917711346834,0.8819892473118279,0.9351191345024361,0.8818789533040223,0.9923453330993652,1.2469980716705322,2.9045177143416367e-05,1.687122494331561e-05,2.3875572878750972e-05,3.259010554756969e-05,0.00013594965275842696,1.7772617866285145e-05
284,0.002207073119719429,0.5173312425613403,0.8813559322033898,0.8695917711346834,0.8819892473118279,0.9453057484366783,0.8818789533040223,0.9925634860992432,1.246875524520874,0.00692641781643033,0.006554888561367989,0.004778508096933365,0.01212665718048811,0.035453565418720245,0.002267710631713271
285,0.0021736697637604056,0.5216628313064575,0.8983050847457628,0.8832773804310806,0.8927419354838709,0.9469397353647828,0.8991487077229849,0.9924250245094299,1.2467647790908813,0.005265446379780769,0.00646622758358717,0.003503680694848299,0.006541063077747822,0.009894496761262417,0.0009506056667305529
286,0.0021404630011522584,0.5093259811401367,0.8983050847457628,0.8832773804310806,0.8927419354838709,0.951798370299319,0.8991487077229849,0.9923078417778015,1.2466498613357544,2.0831894289585762e-05,8.851412530930247e-06,1.2820579286199063e-05,3.436461338424124e-05,0.0001008984909276478,1.0543138159846421e-05
287,0.0021074551015331003,0.5081143379211426,0.8983050847457628,0.8919956140350878,0.8868279569892473,0.9574720872633588,0.8981099464763603,0.9922124147415161,1.2465343475341797,0.00027169837267138064,0.0001733871758915484,9.87237726803869e-05,0.0001362476614303887,0.0005213070544414222,0.00012764701386913657
288,0.0020746483209490257,0.5180286765098572,0.8983050847457628,0.8919956140350878,0.8868279569892473,0.9585677447157522,0.8981099464763603,0.992117702960968,1.246416687965393,0.00029118137899786234,0.0003818775003310293,0.0003291441244073212,0.0012892271624878049,0.0008644742192700505,0.00020035123452544212
289,0.002042044901699908,0.5076448321342468,0.8983050847457628,0.8919956140350878,0.8868279569892473,0.9563633393804172,0.8981099464763603,0.9920445084571838,1.2462999820709229,0.00025169632863253355,0.00026710701058618724,0.00011138019908685237,0.0007447773823514581,0.0016862066695466638,0.00015805353177711368
290,0.0020096470721861445,0.5080771446228027,0.8983050847457628,0.8919956140350878,0.8868279569892473,0.9543453278747398,0.8981099464763603,0.9919828176498413,1.246179223060608,4.8504487494938076e-05,6.435592513298616e-05,9.734692866913974e-05,0.0001450670970370993,0.0008215834968723357,7.798366823408287e-06
291,0.0019774570467563477,0.5084763169288635,0.8983050847457628,0.8919956140350878,0.8868279569892473,0.952809229564448,0.8981099464763603,0.9919314384460449,1.2460541725158691,0.00014256537542678416,5.294129368849099e-05,5.962428986094892e-05,6.063684122636914e-05,0.000596090336330235,7.599874516017735e-05
292,0.001945477025555992,0.508289635181427,0.8983050847457628,0.8919956140350878,0.8868279569892473,0.9536262230285001,0.8981099464763603,0.9918911457061768,1.2459269762039185,1.3487511751009151e-05,1.0553049833106343e-05,7.813632691977546e-06,2.4994533305289224e-05,8.957041427493095e-05,1.6974252503132448e-05
293,0.0019137091943770502,0.5127220749855042,0.8983050847457628,0.8919956140350878,0.8868279569892473,0.9536262230285001,0.8981099464763603,0.9918074011802673,1.245768427848816,0.0014168965863063931,0.0011411744635552168,0.001455735764466226,0.0028165546245872974,0.006831304635852575,0.0006063224282115698
294,0.0018821557245085828,0.5132545232772827,0.8983050847457628,0.8919956140350878,0.8868279569892473,0.9527715221737992,0.8981099464763603,0.9912533164024353,1.245962142944336,0.032864440232515335,0.02304612100124359,0.017012881115078926,0.042568475008010864,0.045742519199848175,0.013871407136321068
295,0.0018508187725883422,0.512873649597168,0.8813559322033898,0.8785612535612536,0.8760752688172043,0.9459339153361924,0.8812110676517455,0.99074387550354,1.2461243867874146,0.000554809405002743,0.0006899685831740499,0.0007623403216712177,0.0014650719240307808,0.002735000103712082,0.0005068337777629495
296,0.0018197004804553652,0.5096103549003601,0.8813559322033898,0.8785612535612536,0.8760752688172043,0.9463179399137654,0.8812110676517455,0.9903025031089783,1.2462940216064453,0.0010994975455105305,0.001339591690339148,0.001320896320976317,0.004198778420686722,0.004786387551575899,0.0007773144170641899
297,0.0017888029750035847,0.5236321091651917,0.8813559322033898,0.8785612535612536,0.8760752688172043,0.9463179399137654,0.8812110676517455,0.990049421787262,1.2466895580291748,0.013694326393306255,0.01196806039661169,0.017138199880719185,0.04445524513721466,0.04223373532295227,0.01165626011788845
298,0.0017581283680364525,0.509913444519043,0.8813559322033898,0.8785612535612536,0.8760752688172043,0.9476433170455941,0.8812110676517455,0.9899111986160278,1.2470022439956665,0.0030411581974476576,0.00616403017193079,0.004418480675667524,0.01076998095959425,0.025522932410240173,0.004876531660556793
299,0.0017276787561226095,0.5128983855247498,0.8813559322033898,0.8785612535612536,0.8760752688172043,0.9497235080963734,0.8812110676517455,0.9897958636283875,1.2472707033157349,0.0006690192967653275,0.00017535810184199363,0.0007316071423701942,0.000986837549135089,0.0012528974330052733,0.00026242571766488254
300,0.0016974562204525828,0.5077847838401794,0.8813559322033898,0.8785612535612536,0.8760752688172043,0.9493639556732535,0.8812110676517455,0.9896963238716125,1.2474929094314575,0.00019183455151505768,0.0001470763818360865,0.00011449241719674319,0.00011457274376880378,0.0006600540946237743,0.00022740471467841417
301,0.0016674628266965387,0.5158958435058594,0.8813559322033898,0.8785612535612536,0.8760752688172043,0.9493639556732537,0.8812110676517455,0.9895619750022888,1.247632384300232,0.007471608463674784,0.0017091755289584398,0.004081923980265856,0.014749692752957344,0.018504519015550613,0.001477522193454206
302,0.0016377006248631,0.5088303685188293,0.8813559322033898,0.8785612535612536,0.8760752688172043,0.9497969245597329,0.8812110676517455,0.989448070526123,1.247743010520935,3.904683035216294e-05,3.596672831918113e-05,4.798549343831837e-05,5.16506188432686e-05,0.0005307868705131114,3.09669048874639e-05
303,0.001608171649159226,0.5080511569976807,0.8813559322033898,0.8785612535612536,0.8760752688172043,0.9497969245597329,0.8812110676517455,0.989352822303772,1.2478300333023071,1.5471190636162646e-05,1.6698635590728372e-05,2.669779678399209e-05,0.0007484382367692888,0.000302267842926085,2.8582935556187294e-05
304,0.0015788779178511816,0.5386233925819397,0.8813559322033898,0.8785612535612536,0.8760752688172043,0.9566778572471172,0.8812110676517455,0.9892644882202148,1.2478859424591064,0.0006746284780092537,0.00046223754179663956,0.0006881188019178808,0.0018959786975756288,0.0021953522227704525,0.0001536014024168253
305,0.0015498214331265902,0.5081466436386108,0.8813559322033898,0.8785612535612536,0.8760752688172043,0.9546165198916622,0.8812110676517455,0.989199161529541,1.247928261756897,0.002754513407126069,0.0006476850248873234,0.002329520881175995,0.003562559373676777,0.0027919402346014977,0.0007337935385294259
306,0.001521004180957585,0.5099678039550781,0.8813559322033898,0.8785612535612536,0.8760752688172043,0.9546165198916622,0.8812110676517455,0.9890698790550232,1.247962236404419,0.0014167350018396974,0.003093488747254014,0.001727819093503058,0.005217676982283592,0.0019668058957904577,0.00031866421340964735
307,0.001492428130965072,0.5074442625045776,0.8813559322033898,0.8785612535612536,0.8760752688172043,0.9526474526948908,0.8812110676517455,0.9889530539512634,1.2479835748672485,0.00023475072521250695,0.000296979327686131,0.00016362773021683097,0.000577715109102428,0.0009693567990325391,0.00012108736700611189
308,0.0014640952362841098,0.507668137550354,0.8813559322033898,0.8785612535612536,0.8760752688172043,0.9505804968803071,0.8812110676517455,0.9888554215431213,1.2479908466339111,6.888069765409455e-05,2.5595943952794187e-05,2.5251807528547943e-05,3.313596607767977e-05,0.00014581209688913077,1.8284679754287936e-05
309,0.0014360074334304135,0.5210980176925659,0.8813559322033898,0.8785612535612536,0.8760752688172043,0.9477454919105771,0.8812110676517455,0.9888080954551697,1.248005986213684,0.004153844900429249,0.0025779432617127895,0.0018699108622968197,0.004456414375454187,0.0069428980350494385,0.0023441275116056204
310,0.0014081666421679989,0.5233646631240845,0.8813559322033898,0.8785612535612536,0.8760752688172043,0.9419832118124338,0.8812110676517455,0.9887834787368774,1.2480183839797974,0.00032322670449502766,0.000608520582318306,0.0001762429455993697,0.003282007994130254,0.0035155017394572496,0.0009974228451028466
311,0.0013805747653779662,0.5076473951339722,0.8813559322033898,0.8785612535612536,0.8760752688172043,0.9411662183483815,0.8812110676517455,0.9887627959251404,1.2480207681655884,0.00028229516465216875,0.0003287523868493736,0.00020587994367815554,0.00014710743562318385,0.00045998062705621123,8.221140888053924e-05
312,0.00135323368892844,0.5113332867622375,0.8813559322033898,0.8785612535612536,0.8760752688172043,0.9411662183483814,0.8812110676517455,0.988707423210144,1.2481039762496948,0.002794913947582245,0.0023265592753887177,0.004793189000338316,0.0037239226512610912,0.02016388811171055,0.0017101706471294165
313,0.001326145281545679,0.5070475935935974,0.8813559322033898,0.8785612535612536,0.8760752688172043,0.9419775933533049,0.8812110676517455,0.9886626601219177,1.248171329498291,0.00018803727289196104,6.616435712203383e-05,0.00011208435898879543,0.0001413623831467703,0.0006793650100007653,6.804443546570837e-05
314,0.0012993113946863431,0.5077081918716431,0.8813559322033898,0.8785612535612536,0.8760752688172043,0.9419775933533049,0.8812110676517455,0.9886326193809509,1.248223066329956,0.000734799774363637,0.00031862626201473176,0.00039423006819561124,0.0005025730933994055,0.0007175187347456813,0.00016068304830696434
315,0.0012727338624109576,0.5077142119407654,0.8813559322033898,0.8785612535612536,0.8760752688172043,0.9351399865156981,0.8812110676517455,0.9886071681976318,1.248258113861084,0.0001094387480407022,0.00022235180949792266,0.0003781937120947987,0.0003034824912901968,0.002403148915618658,0.0002627846843097359
316,0.0012464145012585474,0.509053647518158,0.8813559322033898,0.8785612535612536,0.8760752688172043,0.9347126360883476,0.8812110676517455,0.9886212944984436,1.2482833862304688,0.002175707370042801,0.0019118409836664796,0.0008019851520657539,0.0029536483343690634,0.010411647148430347,0.0006591644487343729
317,0.0012203551101224882,0.5203448534011841,0.8813559322033898,0.8785612535612536,0.8760752688172043,0.9347126360883476,0.8812110676517455,0.9886000156402588,1.2482821941375732,0.0015010862844064832,0.002199131064116955,0.0021832173224538565,0.004286450333893299,0.005090353544801474,0.0008907383889891207
318,0.001194557470127544,0.5081853270530701,0.8813559322033898,0.8785612535612536,0.8760752688172043,0.9346693102385703,0.8812110676517455,0.9885866045951843,1.2482556104660034,0.0005659062881022692,0.0005292120622470975,0.0007388630183413625,0.0008419142104685307,0.005425086710602045,0.00015529636584687978
319,0.001169023344508143,0.5087100267410278,0.8813559322033898,0.8785612535612536,0.8760752688172043,0.9334682921969449,0.8812110676517455,0.988581657409668,1.2482463121414185,0.0017644818872213364,0.001537127885967493,0.0010513667948544025,0.0018187712412327528,0.011479310691356659,0.0008474374189972878
320,0.0011437544784878525,0.5070886611938477,0.8813559322033898,0.8785612535612536,0.8760752688172043,0.9322295667646712,0.8812110676517455,0.98858243227005,1.2482284307479858,5.01635622640606e-05,5.855819836142473e-05,0.0001274669193662703,0.00010001696500694379,0.0003503231273498386,5.976413012831472e-05
321,0.0011187525991600985,0.5075966119766235,0.8813559322033898,0.8785612535612536,0.8760752688172043,0.9318022163373207,0.8812110676517455,0.9885877370834351,1.2482043504714966,1.3221229892224073e-05,1.0476211173227057e-05,1.3142840543878265e-05,3.56956479663495e-05,9.239317296305671e-05,9.203092304232996e-06
322,0.001094019415370123,0.507982611656189,0.8813559322033898,0.8785612535612536,0.8760752688172043,0.9316102040485342,0.8812110676517455,0.98859703540802,1.2481746673583984,2.0952644263161346e-05,7.1721856329531875e-06,6.988682798692025e-06,1.4722136256750673e-05,8.65603651618585e-05,9.88486317510251e-06
323,0.0010695566175981828,0.5069255232810974,0.8813559322033898,0.8785612535612536,0.8760752688172043,0.9310341671821748,0.8812110676517455,0.9886098504066467,1.2481398582458496,2.294991645612754e-05,1.963127033377532e-05,2.4744662368902937e-05,3.33457428496331e-05,0.00010608011507429183,1.0601892427075654e-05
324,0.0010453658778440107,0.5072906017303467,0.8813559322033898,0.8785612535612536,0.8760752688172043,0.9298387675996785,0.8812110676517455,0.9886332750320435,1.248103380203247,0.0005903796409256756,0.0004761094169225544,0.000488616933580488,0.0007222620188258588,0.0009225402609445155,0.00032748220837675035
325,0.0010214488495125353,0.5071018934249878,0.8813559322033898,0.8785612535612536,0.8760752688172043,0.9282103991307027,0.8812110676517455,0.9886598587036133,1.2480639219284058,0.00028566960827447474,0.000162793934578076,0.00017091076006181538,0.00040892494143918157,0.00043556044693104923,0.00010803539771586657
326,0.0009978071673008729,0.5062395930290222,0.8813559322033898,0.8785612535612536,0.8760752688172043,0.9282103991307027,0.8812110676517455,0.9886875152587891,1.2480210065841675,2.4753535399213433e-05,9.752521691552829e-06,1.6904567019082606e-05,2.4487964765285142e-05,6.174489681143314e-05,1.305212572333403e-05
327,0.0009744424470865977,0.5242932438850403,0.8813559322033898,0.8785612535612536,0.8760752688172043,0.9280183868419162,0.8812110676517455,0.9887101054191589,1.247957706451416,0.00061756931245327,0.0009196015307679772,0.0013903737999498844,0.0015443587908521295,0.005235453136265278,0.0007903350051492453
328,0.0009513562858173009,0.5075792074203491,0.8813559322033898,0.8785612535612536,0.8760752688172043,0.9273990241257793,0.8812110676517455,0.9887326955795288,1.247895359992981,0.00016320639406330884,9.866974869510159e-05,6.299834058154374e-05,0.0001580710377311334,0.00036130010266788304,5.920626790612005e-05
329,0.0009285502614014378,0.5067631006240845,0.8813559322033898,0.8785612535612536,0.8760752688172043,0.9261546802343766,0.8812110676517455,0.9887555837631226,1.247833490371704,0.00010923722584266216,6.081287210690789e-05,6.640751962549984e-05,8.915694343158975e-05,0.00026500714011490345,3.919556547771208e-05
330,0.0009060259326004838,0.5094320178031921,0.8813559322033898,0.8785612535612536,0.8760752688172043,0.9265387048119497,0.8812110676517455,0.988789975643158,1.2477836608886719,0.0010098374914377928,0.0009450304205529392,0.0006542149931192398,0.0013703556032851338,0.007808391470462084,0.0006194086163304746
331,0.000883784838922391,0.5071825385093689,0.8813559322033898,0.8785612535612536,0.8760752688172043,0.9265387048119497,0.8812110676517455,0.9888265132904053,1.2477328777313232,0.00020014298206660897,0.0002685685467440635,0.00021142791956663132,0.0003960677422583103,0.0005942636053077877,0.00019204463751520962
332,0.0008618285005163704,0.5082045793533325,0.8813559322033898,0.8785612535612536,0.8760752688172043,0.9265387048119497,0.8812110676517455,0.9888718724250793,1.247682809829712,0.001082500210031867,0.0007931113359518349,0.0006963961641304195,0.0009883056627586484,0.0016593695618212223,0.0006838591070845723
333,0.0008401584180689843,0.5069944262504578,0.8813559322033898,0.8785612535612536,0.8760752688172043,0.9265387048119497,0.8812110676517455,0.9889155030250549,1.2476322650909424,4.88427649543155e-05,3.739228122867644e-05,3.387644756003283e-05,5.4199514124775305e-05,0.00019287483883090317,2.806105840136297e-05
334,0.000818776072701583,0.5067562460899353,0.8813559322033898,0.8785612535612536,0.8760752688172043,0.9265387048119497,0.8812110676517455,0.9889574646949768,1.2475812435150146,5.704228897229768e-05,4.103593164472841e-05,5.477219383465126e-05,7.536439079558477e-05,0.0001494206371717155,3.378084147698246e-05
335,0.0007976829258690679,0.5076746940612793,0.8813559322033898,0.8785612535612536,0.8760752688172043,0.9261546802343767,0.8812110676517455,0.9889976382255554,1.2475298643112183,3.941591057810001e-05,2.6481329769012518e-05,3.028054561582394e-05,5.880766184418462e-05,8.306655945489183e-05,2.2886573788127862e-05
336,0.0007768804192600093,0.5076203942298889,0.8813559322033898,0.8785612535612536,0.8760752688172043,0.9253621589247776,0.8812110676517455,0.9890362024307251,1.2474784851074219,3.182971340720542e-05,2.1498521164176054e-05,2.0975779989385046e-05,3.463397661107592e-05,8.655232522869483e-05,2.1478530470631085e-05
337,0.0007563699746980984,0.5099605321884155,0.8813559322033898,0.8785612535612536,0.8760752688172043,0.9249536621927513,0.8812110676517455,0.9891063570976257,1.247392177581787,0.00897191371768713,0.003994782455265522,0.0023621083237230778,0.013044482097029686,0.02200429141521454,0.0035442381631582975
338,0.0007361529940449782,0.5061690211296082,0.8813559322033898,0.8785612535612536,0.8760752688172043,0.9245263117654009,0.8812110676517455,0.9891706109046936,1.2473106384277344,5.5352396884700283e-05,4.5591379603138193e-05,4.3646614358294755e-05,5.653132757288404e-05,0.00011805728718172759,2.619519000290893e-05
339,0.0007162308591044182,0.519943118095398,0.8813559322033898,0.8785612535612536,0.8760752688172043,0.9243342994766145,0.8812110676517455,0.9892066121101379,1.2472195625305176,0.004670238588005304,0.002639129525050521,0.0018161269836127758,0.004004617687314749,0.007430561818182468,0.001329338294453919
340,0.0006966049315278798,0.507560133934021,0.8813559322033898,0.8785612535612536,0.8760752688172043,0.9243342994766145,0.8812110676517455,0.9892414808273315,1.2471363544464111,0.000571745855268091,0.0005193499382585287,0.0008322313660755754,0.001130610704421997,0.0011345699895173311,0.00046298137749545276
341,0.0006772765527214417,0.5081840753555298,0.8813559322033898,0.8785612535612536,0.8760752688172043,0.924142287187828,0.8812110676517455,0.9892745614051819,1.247058391571045,0.00012997353042010218,5.5519016314065084e-05,6.303939881036058e-05,7.174850907176733e-05,0.0002939750556834042,4.961721788276918e-05
342,0.0006582470437541217,0.5202283263206482,0.8813559322033898,0.8785612535612536,0.8760752688172043,0.924142287187828,0.8812110676517455,0.989327609539032,1.2470004558563232,0.0020909991580992937,0.0021161374170333147,0.0019889213144779205,0.0029905110131949186,0.010544409044086933,0.0010325524490326643
343,0.0006395177052675795,0.5078051090240479,0.8813559322033898,0.8785612535612536,0.8760752688172043,0.924142287187828,0.8812110676517455,0.9893761873245239,1.2469449043273926,6.495705747511238e-05,6.238689093152061e-05,2.5558350898791105e-05,8.207587234210223e-05,0.00013665383448824286,5.634664557874203e-05
344,0.0006210898173872209,0.5117104053497314,0.8813559322033898,0.8785612535612536,0.8760752688172043,0.924142287187828,0.8812110676517455,0.9893328547477722,1.2469102144241333,0.017104830592870712,0.01022256352007389,0.006615574937313795,0.017055587843060493,0.014375506900250912,0.003573694732040167
345,0.0006029646396347048,0.5065036416053772,0.8813559322033898,0.8785612535612536,0.8760752688172043,0.9247427962086406,0.8812110676517455,0.9892971515655518,1.2468743324279785,9.132763807429001e-05,2.099166340485681e-05,2.3928554583108053e-05,1.9771336155827157e-05,0.0003072500985581428,2.6046096536447294e-05
346,0.000585143410841854,0.507156252861023,0.8813559322033898,0.8785612535612536,0.8760752688172043,0.9245319302245298,0.8812110676517455,0.989267885684967,1.2468386888504028,0.0001915760658448562,4.651633935282007e-05,7.794624980306253e-05,0.00015762513794470578,0.0005106364260427654,3.435236430959776e-05
347,0.0005676273490659822,0.5067910552024841,0.8813559322033898,0.8785612535612536,0.8760752688172043,0.9253433052294532,0.8812110676517455,0.9892448782920837,1.246803641319275,0.00011071412882301956,6.888617645017803e-05,6.796885281801224e-05,0.00018341471150051802,0.000311110372422263,5.040753603680059e-05
348,0.0005504176515066467,0.5078867673873901,0.8813559322033898,0.8785612535612536,0.8760752688172043,0.9245319302245298,0.8812110676517455,0.9892268776893616,1.2467683553695679,1.3117512935423292e-05,9.695515473140404e-06,1.587001133884769e-05,2.223555202363059e-05,0.0001310035295318812,1.0952055163215846e-05
349,0.0005335154944238117,0.5079668760299683,0.8813559322033898,0.8785612535612536,0.8760752688172043,0.9245319302245298,0.8812110676517455,0.9892135262489319,1.2467321157455444,5.559383862419054e-05,6.15685130469501e-05,5.8878260460915044e-05,8.73637109179981e-05,0.0005837517674081028,6.700177618768066e-05
350,0.0005169220330574664,0.507109522819519,0.8813559322033898,0.8785612535612536,0.8760752688172043,0.9233365306420335,0.8812110676517455,0.9892038106918335,1.2466963529586792,3.902524622390047e-05,3.750498945009895e-05,2.4480959837092087e-05,7.091237785061821e-05,0.0001843087957240641,1.8846232705982402e-05
351,0.0005006384015486492,0.5078363418579102,0.8813559322033898,0.8785612535612536,0.8760752688172043,0.922909180214683,0.8812110676517455,0.9891972541809082,1.2466609477996826,4.662883293349296e-05,2.323099397472106e-05,1.9543553207768127e-05,7.916059257695451e-05,0.0002783449599519372,2.3611832148162648e-05
352,0.00048466571286194553,0.5073044300079346,0.8813559322033898,0.8785612535612536,0.8760752688172043,0.9224818297873326,0.8812110676517455,0.9891886711120605,1.2466267347335815,0.0007977883797138929,0.0011655917624011636,0.0008516055531799793,0.0006781698320992291,0.0008016001083888113,0.00046484963968396187
353,0.00046900505870941026,0.50693279504776,0.8813559322033898,0.8785612535612536,0.8760752688172043,0.9224818297873326,0.8812110676517455,0.9891831278800964,1.2465928792953491,2.346141991438344e-05,1.9536339095793664e-05,2.2324040401144885e-05,2.798836794681847e-05,8.255152351921424e-05,1.5513054677285254e-05
354,0.00045365750947594944,0.5083906650543213,0.8813559322033898,0.8785612535612536,0.8760752688172043,0.9232988232513849,0.8812110676517455,0.9891929030418396,1.2465623617172241,0.002605553949251771,0.002003366593271494,0.0017080898396670818,0.0012236795155331492,0.0015587625093758106,0.0008922695997171104
355,0.00043862411414616955,0.5092775225639343,0.8813559322033898,0.8785612535612536,0.8760752688172043,0.9232988232513849,0.8812110676517455,0.9892145395278931,1.2465373277664185,0.0011393370805308223,0.001876340014860034,0.0007942087249830365,0.0021272487938404083,0.00550377182662487,0.000589524453971535
356,0.0004239059002326682,0.506942629814148,0.8813559322033898,0.8785612535612536,0.8760752688172043,0.9232988232513849,0.8812110676517455,0.989234983921051,1.2465115785598755,0.00016131086158566177,0.00010387184738647193,0.00015712030290160328,0.00036601044121198356,0.0003852421650663018,7.316594565054402e-05
357,0.00040950387370581904,0.506793737411499,0.8813559322033898,0.8785612535612536,0.8760752688172043,0.9232988232513849,0.8812110676517455,0.9892536997795105,1.246485948562622,0.000198543697479181,0.00018356475629843771,0.00020636337285395712,0.0003598479670472443,0.00024270224093925208,6.62134334561415e-05
358,0.00039541901892500223,0.5077856183052063,0.8813559322033898,0.8785612535612536,0.8760752688172043,0.922914798673812,0.8812110676517455,0.9892717599868774,1.2464603185653687,3.489763184916228e-05,2.3990613044588827e-05,2.5880412067635916e-05,2.639168997120578e-05,0.00010449515684740618,2.4282628146465868e-05
359,0.00038165229857133195,0.5097713470458984,0.8813559322033898,0.8785612535612536,0.8760752688172043,0.922914798673812,0.8812110676517455,0.9892958402633667,1.2464396953582764,0.0006767178419977427,0.001426182920113206,0.0011235036654397845,0.002036268590018153,0.00798709411174059,0.0005527336033992469
360,0.00036820465358185857,0.509224534034729,0.8813559322033898,0.8785612535612536,0.8760752688172043,0.922914798673812,0.8812110676517455,0.9893120527267456,1.2464267015457153,0.0024785506539046764,0.0034301236737519503,0.000441722251707688,0.003040187992155552,0.0064824428409338,0.0009435390820726752
361,0.00035507700308525403,0.5073375701904297,0.8813559322033898,0.8785612535612536,0.8760752688172043,0.922914798673812,0.8812110676517455,0.9893257021903992,1.2464135885238647,0.000718751922249794,0.0007141210953705013,0.00028310209745541215,0.0009654774330556393,0.000791259401012212,0.0003953237319365144
362,0.00034227024433899005,0.5099727511405945,0.8813559322033898,0.8785612535612536,0.8760752688172043,0.9237694995285128,0.8812110676517455,0.9893146753311157,1.2464107275009155,0.002089265501126647,0.011175857856869698,0.006403201259672642,0.009703271090984344,0.015297289937734604,0.0012058812426403165
363,0.00032978525266801593,0.5095947980880737,0.8813559322033898,0.8785612535612536,0.8760752688172043,0.9249648991110092,0.8812110676517455,0.9893060326576233,1.2464057207107544,0.00015517300926148891,8.588485070504248e-05,9.939837764250115e-05,0.00014266530342865735,0.00022582057863473892,4.5203210902400315e-05
364,0.0003176228814049297,0.5079145431518555,0.8813559322033898,0.8785612535612536,0.8760752688172043,0.9249648991110092,0.8812110676517455,0.9893108010292053,1.2463949918746948,0.003735180478543043,0.002487609628587961,0.0015328263398259878,0.0025793882086873055,0.011416662484407425,0.0008277328452095389
365,0.0003057839618316491,0.5062634944915771,0.8813559322033898,0.8785612535612536,0.8760752688172043,0.9249648991110092,0.8812110676517455,0.9893158674240112,1.2463834285736084,0.0006304511916823685,7.462997018592432e-05,0.0003478203434497118,0.0003197271144017577,0.0004541855596471578,0.0001667750475462526
366,0.00029426930312260227,0.506542444229126,0.8813559322033898,0.8785612535612536,0.8760752688172043,0.9261169728437281,0.8812110676517455,0.9893209934234619,1.2463749647140503,0.00041249796049669385,0.00040303950663655996,0.0001935017789946869,0.0003347611054778099,0.0024094742257148027,0.00016013524145819247
367,0.00028307969228941415,0.5063307285308838,0.8813559322033898,0.8785612535612536,0.8760752688172043,0.9265443232710785,0.8812110676517455,0.9893265962600708,1.2463653087615967,1.0806978025357239e-05,8.322472240251955e-06,7.893052497820463e-06,1.347273700957885e-05,5.3287720220396295e-05,4.062176685692975e-06
368,0.00027221589412712463,0.5204923152923584,0.8813559322033898,0.8785612535612536,0.8760752688172043,0.9265443232710785,0.8812110676517455,0.9893364310264587,1.2463455200195312,0.0032525842543691397,0.0012597681488841772,0.0015718729700893164,0.004907940048724413,0.011528071016073227,0.0018426006427034736
369,0.0002616786511619041,0.5069816708564758,0.8813559322033898,0.8785612535612536,0.8760752688172043,0.9265443232710785,0.8812110676517455,0.9893463850021362,1.2463260889053345,9.016926196636632e-05,0.00010547404963290319,4.489933417062275e-05,0.00011594210081966594,0.0001550912857055664,3.1473573471885175e-05
370,0.00025146868360031467,0.5091617703437805,0.8813559322033898,0.8785612535612536,0.8760752688172043,0.9265443232710785,0.8812110676517455,0.9893668293952942,1.246307134628296,0.0012969429371878505,0.003237050259485841,0.001703329966403544,0.002353913150727749,0.0028310222551226616,0.0011033625341951847
371,0.00024158668928007498,0.5083115100860596,0.8813559322033898,0.8785612535612536,0.8760752688172043,0.9265443232710785,0.8812110676517455,0.9893833994865417,1.2462890148162842,0.0006928718648850918,0.0007097085472196341,0.000556793762370944,0.0012131081894040108,0.0024575998540967703,0.00031088158721104264
372,0.00023203334362237158,0.5104449987411499,0.8813559322033898,0.8785612535612536,0.8760752688172043,0.9267363355598649,0.8812110676517455,0.9893970489501953,1.2462644577026367,0.003388869808986783,0.0011848083231598139,0.00019320848514325917,0.001444918685592711,0.0065619926899671555,0.0010921087814494967
373,0.00022280929958568842,0.5066781640052795,0.8813559322033898,0.8785612535612536,0.8760752688172043,0.9265443232710785,0.8812110676517455,0.9894106984138489,1.2462414503097534,0.0001524098333902657,0.0004956103512085974,0.00014068724703975022,0.00032186033786274493,0.0006675015320070088,0.00016025207878556103
374,0.00021391518762118363,0.5071218013763428,0.8813559322033898,0.8785612535612536,0.8760752688172043,0.9265443232710785,0.8812110676517455,0.9894234538078308,1.2462193965911865,4.901117063127458e-05,2.8957556423847564e-05,8.181203156709671e-05,4.1639392293291166e-05,0.0003261395904701203,8.21025314508006e-05
375,0.00020535161562959536,0.5070950984954834,0.8813559322033898,0.8785612535612536,0.8760752688172043,0.9269283478486514,0.8812110676517455,0.989437460899353,1.2461979389190674,0.0006536577711813152,0.0007188401068560779,0.000634016701951623,0.0010871607810258865,0.0021456724498420954,0.00043671386083588004
376,0.0001971191689196937,0.5067566633224487,0.8813559322033898,0.8785612535612536,0.8760752688172043,0.9269283478486514,0.8812110676517455,0.9894503951072693,1.2461776733398438,3.6443489079829305e-05,3.7337395042413846e-05,3.3217052987311035e-05,7.503528468078002e-05,0.00012515160779003054,2.406024759693537e-05
377,0.0001892184101682762,0.5077481269836426,0.8813559322033898,0.8785612535612536,0.8760752688172043,0.926352310982292,0.8812110676517455,0.9894619584083557,1.2461588382720947,0.0003636868204921484,0.0001924755924846977,0.00031709540053270757,0.00042465399019420147,0.0010597084183245897,0.00011233547411393374
378,0.0001816498793817073,0.5063608884811401,0.8813559322033898,0.8785612535612536,0.8760752688172043,0.9261602986935055,0.8812110676517455,0.9894727468490601,1.2461408376693726,2.3133019567467272e-05,1.8822503989213146e-05,1.603998498467263e-05,2.333517841179855e-05,6.597708124900237e-05,1.4971019481890835e-05
379,0.00017441409385901422,0.506107747554779,0.8813559322033898,0.8785612535612536,0.8760752688172043,0.9261602986935055,0.8812110676517455,0.9894828200340271,1.2461241483688354,1.8320697563467547e-05,1.6372556274291128e-05,1.590075044077821e-05,2.4309072614414617e-05,0.00029491641907952726,1.9858380255755037e-05
380,0.00016751154815652453,0.5083978772163391,0.8813559322033898,0.8785612535612536,0.8760752688172043,0.9261602986935055,0.8812110676517455,0.9894919991493225,1.2461082935333252,0.0001008094841381535,0.0001491753791924566,6.029646465322003e-05,0.0002976144605781883,0.0011615927796810865,0.00010260912677040324
381,0.0001609427140540686,0.506080150604248,0.8813559322033898,0.8785612535612536,0.8760752688172043,0.9261602986935055,0.8812110676517455,0.9895007014274597,1.2460932731628418,4.012413046439178e-05,5.4241831094259396e-05,3.6153902328806e-05,9.117172157857567e-05,0.0001041134019033052,1.4848649698251393e-05
382,0.00015470804052273096,0.5075093507766724,0.8813559322033898,0.8785612535612536,0.8760752688172043,0.9261602986935055,0.8812110676517455,0.989508867263794,1.2460789680480957,3.154826845275238e-05,3.096713771810755e-05,3.0094359317445196e-05,4.322854147176258e-05,8.829388389131054e-05,2.1970483430777676e-05
383,0.00014880795369416665,0.5076178908348083,0.8813559322033898,0.8785612535612536,0.8760752688172043,0.9261602986935055,0.8812110676517455,0.9895164966583252,1.2460652589797974,6.755537469871342e-05,5.285272345645353e-05,4.613018609234132e-05,0.00011680519673973322,0.0004116562195122242,5.1997565606143326e-05
384,0.0001432428568314728,0.5061342120170593,0.8813559322033898,0.8785612535612536,0.8760752688172043,0.9261602986935055,0.8812110676517455,0.9895236492156982,1.2460520267486572,8.477839583065361e-05,4.652052666642703e-05,5.0247366743860766e-05,9.401573333889246e-05,0.0003103587660007179,4.630639523384161e-05
385,0.00013801313030162716,0.5062169432640076,0.8813559322033898,0.8785612535612536,0.8760752688172043,0.9261602986935055,0.8812110676517455,0.9895306825637817,1.2460395097732544,0.00012549733219202608,0.00014038782683201134,5.1118306146236137e-05,0.00013552191376220435,0.0003936105640605092,6.700485391775146e-05
386,0.0001331191315494912,0.5067254304885864,0.8813559322033898,0.8785612535612536,0.8760752688172043,0.9261602986935055,0.8812110676517455,0.9895371198654175,1.246027946472168,0.0004491970466915518,0.00012033549865009263,0.0002205568307545036,0.00017034579650498927,0.0026006693951785564,0.0001780139427864924
387,0.00012856119507337867,0.5067179799079895,0.8813559322033898,0.8785612535612536,0.8760752688172043,0.9261602986935055,0.8812110676517455,0.9895440936088562,1.2460172176361084,0.00040793928201310337,0.0004254153463989496,0.0001466851244913414,0.00042602678877301514,0.0008057631785050035,0.0001702596782706678
388,0.0001243396324021935,0.5069882869720459,0.8813559322033898,0.8785612535612536,0.8760752688172043,0.9261602986935055,0.8812110676517455,0.9895498156547546,1.2460073232650757,0.000733229098841548,0.0007631654152646661,0.0003685321717057377,0.0013064140221104026,0.0010474800365045667,0.00016462974599562585
389,0.00012045473207413647,0.5071755647659302,0.8813559322033898,0.8785612535612536,0.8760752688172043,0.9261602986935055,0.8812110676517455,0.989555299282074,1.2459975481033325,7.691862265346572e-05,2.9461631129379384e-05,4.379464007797651e-05,2.7596830477705225e-05,0.0003848701308015734,2.6948679078486748e-05
390,0.00011690675961698426,0.5078649520874023,0.8813559322033898,0.8785612535612536,0.8760752688172043,0.9257762741159326,0.8812110676517455,0.9895605444908142,1.2459880113601685,1.725061156321317e-05,1.6610167222097516e-05,2.1797994122607633e-05,5.005141065339558e-05,9.433054219698533e-05,1.6192614566534758e-05
391,0.00011369595752994128,0.5079727172851562,0.8813559322033898,0.8785612535612536,0.8760752688172043,0.9261602986935055,0.8812110676517455,0.9895656704902649,1.245978593826294,1.8715656551648863e-05,1.6935357052716427e-05,1.20287977551925e-05,2.459535244270228e-05,8.896927465684712e-05,1.0701566679927055e-05
392,0.00011082254526706605,0.5076537132263184,0.8813559322033898,0.8785612535612536,0.8760752688172043,0.9259682864047191,0.8812110676517455,0.9895703792572021,1.245969295501709,0.00012466637417674065,0.0001261419674847275,7.295672548934817e-05,9.314824274042621e-05,0.0005590213113464415,3.203544838470407e-05
393,0.00010828671922226878,0.5063742995262146,0.8813559322033898,0.8785612535612536,0.8760752688172043,0.9261602986935055,0.8812110676517455,0.9895749688148499,1.2459603548049927,0.00011966679448960349,3.5368753742659464e-05,7.244254084071144e-05,0.0001769915543263778,0.00024635522277094424,4.7856858145678416e-05
394,0.00010608865271589101,0.5181061625480652,0.8813559322033898,0.8785612535612536,0.8760752688172043,0.9261602986935055,0.8812110676517455,0.9895695447921753,1.2459443807601929,0.008918850682675838,0.006572583690285683,0.0036291000433266163,0.007192516699433327,0.016272395849227905,0.00036599201848730445
395,0.00010422849598285996,0.5061413049697876,0.8813559322033898,0.8785612535612536,0.8760752688172043,0.9265443232710785,0.8812110676517455,0.9895651936531067,1.24592924118042,2.6448888093000278e-05,2.694250360946171e-05,1.991165117942728e-05,4.529065336100757e-05,9.785676229512319e-05,1.788838744687382e-05
396,0.00010270637616241606,0.5066707134246826,0.8813559322033898,0.8785612535612536,0.8760752688172043,0.9261602986935055,0.8812110676517455,0.989561915397644,1.245915174484253,0.00010128303256351501,0.00016675450024195015,7.513200398534536e-05,2.6399889975436963e-05,0.0003277081123087555,4.077959602000192e-05
397,0.00010152239728942829,0.5072575211524963,0.8813559322033898,0.8785612535612536,0.8760752688172043,0.9257762741159326,0.8812110676517455,0.9895592331886292,1.2459017038345337,7.068156264722347e-05,9.177852189168334e-05,6.504949851660058e-05,0.00019158968643750995,0.00017665739869698882,4.9003097956301644e-05
398,0.00010067664028727843,0.5060158967971802,0.8813559322033898,0.8785612535612536,0.8760752688172043,0.9253922495383596,0.8812110676517455,0.9895572662353516,1.2458889484405518,1.4579832168237772e-05,1.962610986083746e-05,1.5540215827059e-05,3.0186954973032698e-05,0.00011950178304687142,1.315641202381812e-05
399,0.00010016916296233584,0.5058372616767883,0.8813559322033898,0.8785612535612536,0.8760752688172043,0.9253922495383596,0.8812110676517455,0.9895559549331665,1.245876669883728,1.5196960703178775e-05,1.2254170542291831e-05,1.431886812497396e-05,2.8478223612182774e-05,7.151485624490306e-05,8.248023732448928e-06
400,0.0001,0.5077469348907471,0.8813559322033898,0.8785612535612536,0.8760752688172043,0.9253922495383596,0.8812110676517455,0.9895551204681396,1.2458648681640625,6.362935528159142e-05,7.368479418801144e-05,9.578597382642329e-05,4.71981693408452e-05,0.00043228748836554587,3.877197377732955e-05
