epoch,prototype_residual_enabled,lambda_effective,lr,historical_loss,prototype_loss_unweighted,prototype_loss_weighted,total_loss,gamma_CN_gradient,gamma_AD_gradient,residual_sum_max_abs,CN_sMCI_gap_identity_max_abs_error,AD_sMCI_gap_identity_max_abs_error,acc,macro_f1,bacc,macro_auc,weighted_f1,gamma_CN,gamma_AD,prototype_cosine,sum_w_CN,sum_w_AD,mean_w_CN,mean_w_AD
1,False,0.0,0.01,3.299787998199463,0.665630042552948,0.0,3.299787998199463,0.0,0.0,0.0,0.0,0.0,0.35,0.1728395061728395,0.3333333333333333,0.7816167443231122,0.18148148148148147,0.05000000074505806,0.05000000074505806,0.9999472498893738,150.12892150878906,134.87107849121094,0.526768147945404,0.47323185205459595
2,False,0.0,0.01,2.9068360328674316,0.670923113822937,0.0,2.9068360328674316,0.0,0.0,0.0,0.0,0.0,0.35,0.1728395061728395,0.3333333333333333,0.7219788858939801,0.18148148148148147,0.05000000074505806,0.05000000074505806,0.9901697635650635,164.99774169921875,120.00225067138672,0.5789394378662109,0.4210605323314667
3,False,0.0,0.01,5.761046409606934,0.6392019987106323,0.0,5.761046409606934,0.0,0.0,0.0,0.0,0.0,0.31666666666666665,0.18693244739756365,0.2033730158730159,0.541826731095599,0.2905647840531561,0.05000000074505806,0.05000000074505806,0.9761456251144409,164.9054412841797,120.09455871582031,0.5786156058311462,0.42138442397117615
4,False,0.0,0.01,4.425622940063477,0.6457924842834473,0.0,4.425622940063477,0.0,0.0,0.0,0.0,0.0,0.48333333333333334,0.23577235772357721,0.3020833333333333,0.5540444825527372,0.37723577235772354,0.05000000074505806,0.05000000074505806,0.957538902759552,168.92532348632812,116.07467651367188,0.5927204489707947,0.4072795808315277
5,False,0.0,0.01,5.63649320602417,0.6331391930580139,0.0,5.63649320602417,0.0,0.0,0.0,0.0,0.0,0.5333333333333333,0.2318840579710145,0.3333333333333333,0.5700651440627856,0.3710144927536232,0.05000000074505806,0.05000000074505806,0.9690185189247131,171.7449951171875,113.25498962402344,0.6026140451431274,0.39738592505455017
6,False,0.0,0.01,5.435002326965332,0.6507861018180847,0.0,5.435002326965332,0.0,0.0,0.0,0.0,0.0,0.5833333333333334,0.48971193415637854,0.625,0.750475273765368,0.45946502057613164,0.05000000074505806,0.05000000074505806,0.9047256112098694,188.93283081054688,96.06715393066406,0.662922203540802,0.3370777368545532
7,False,0.0,0.01,3.3337135314941406,0.6297183036804199,0.0,3.3337135314941406,0.0,0.0,0.0,0.0,0.0,0.5833333333333334,0.48971193415637854,0.625,0.7998916865367338,0.45946502057613164,0.05000000074505806,0.05000000074505806,0.8602412939071655,201.13873291015625,83.86126708984375,0.7057499289512634,0.2942500710487366
8,False,0.0,0.01,8.470173835754395,0.6261690855026245,0.0,8.470173835754395,0.0,0.0,0.0,0.0,0.0,0.5833333333333334,0.48293172690763053,0.5877976190476191,0.7742120846484054,0.46019076305220885,0.05000000074505806,0.05000000074505806,0.9394195079803467,200.06900024414062,84.93099975585938,0.7019965052604675,0.29800352454185486
9,False,0.0,0.01,3.946977376937866,0.6186941862106323,0.0,3.946977376937866,0.0,0.0,0.0,0.0,0.0,0.5833333333333334,0.48293172690763053,0.5877976190476191,0.7876758548928361,0.46019076305220885,0.05000000074505806,0.05000000074505806,0.9636620283126831,198.84317016601562,86.15682983398438,0.6976953744888306,0.3023046851158142
10,False,0.0,0.01,2.629891872406006,0.6089420318603516,0.0,2.629891872406006,0.0,0.0,0.0,0.0,0.0,0.5833333333333334,0.47338935574229696,0.5505952380952381,0.7961914864921941,0.4598039215686275,0.05000000074505806,0.05000000074505806,0.9184720516204834,221.24212646484375,63.757877349853516,0.7762881517410278,0.22371184825897217
11,False,0.0,0.01,5.6092095375061035,0.59212327003479,0.0,5.6092095375061035,0.0,0.0,0.0,0.0,0.0,0.6,0.4967203339296362,0.5610119047619048,0.7899660721005061,0.4742397137745975,0.05000000074505806,0.05000000074505806,0.9130424857139587,232.17860412597656,52.82139205932617,0.8146618008613586,0.18533822894096375
12,False,0.0,0.01,4.886392116546631,0.5703181624412537,0.0,4.886392116546631,0.0,0.0,0.0,0.0,0.0,0.6,0.4967203339296362,0.5610119047619048,0.79715397286152,0.4742397137745975,0.05000000074505806,0.05000000074505806,0.9262071847915649,234.57977294921875,50.420223236083984,0.8230869174003601,0.1769130676984787
13,False,0.0,0.01,3.7765390872955322,0.5787656307220459,0.0,3.7765390872955322,0.0,0.0,0.0,0.0,0.0,0.48333333333333334,0.5091489105573613,0.6026785714285715,0.8014910709486182,0.38567473215360537,0.05000000074505806,0.05000000074505806,0.7973108887672424,247.0535888671875,37.94640350341797,0.866854727268219,0.133145272731781
14,False,0.0,0.01,3.0813145637512207,0.5881475210189819,0.0,3.0813145637512207,0.0,0.0,0.0,0.0,0.0,0.48333333333333334,0.5091489105573613,0.6026785714285715,0.8202176492270832,0.38567473215360537,0.05000000074505806,0.05000000074505806,0.6269907355308533,246.7773895263672,38.22261047363281,0.8658856153488159,0.13411442935466766
15,False,0.0,0.01,3.0562667846679688,0.6007305383682251,0.0,3.0562667846679688,0.0,0.0,0.0,0.0,0.0,0.5,0.5294842457313853,0.6130952380952381,0.8250666775136115,0.4150677697588453,0.05000000074505806,0.05000000074505806,0.5999855995178223,247.62057495117188,37.37942123413086,0.8688441514968872,0.131155863404274
16,False,0.0,0.01,3.1456544399261475,0.6049159169197083,0.0,3.1456544399261475,0.0,0.0,0.0,0.0,0.0,0.65,0.6786791639732818,0.6959325396825397,0.8182575799026269,0.6409690799396682,0.05000000074505806,0.05000000074505806,0.6209015846252441,251.03964233398438,33.960357666015625,0.8808408975601196,0.11915915459394455
17,False,0.0,0.01,2.6426029205322266,0.5914274454116821,0.0,2.6426029205322266,0.0,0.0,0.0,0.0,0.0,0.6,0.4967203339296362,0.5610119047619048,0.8182925565001037,0.4742397137745975,0.05000000074505806,0.05000000074505806,0.6678067445755005,253.61117553710938,31.388835906982422,0.8898637890815735,0.11013627052307129
18,False,0.0,0.01,2.7540535926818848,0.570023238658905,0.0,2.7540535926818848,0.0,0.0,0.0,0.0,0.0,0.6,0.4967203339296362,0.5610119047619048,0.817548508881056,0.4742397137745975,0.05000000074505806,0.05000000074505806,0.7610650062561035,255.96820068359375,29.03179168701172,0.8981340527534485,0.10186593979597092
19,False,0.0,0.01,2.8336548805236816,0.5621393322944641,0.0,2.8336548805236816,0.0,0.0,0.0,0.0,0.0,0.5833333333333334,0.4597701149425288,0.5133928571428571,0.8184256835495042,0.4578544061302682,0.05000000074505806,0.05000000074505806,0.8129989504814148,258.1138000488281,26.886205673217773,0.905662477016449,0.0943375676870346
20,False,0.0,0.01,2.3827826976776123,0.5498616099357605,0.0,2.3827826976776123,0.0,0.0,0.0,0.0,0.0,0.5833333333333334,0.47338935574229696,0.5505952380952381,0.824390783264604,0.4598039215686275,0.05000000074505806,0.05000000074505806,0.6548092365264893,250.39669799804688,34.603302001953125,0.8785849213600159,0.12141509354114532
21,True,0.05,0.009999830837037664,3.266850471496582,0.5704374313354492,0.02852187119424343,3.295372247695923,0.0002672519185580313,0.00044824491487815976,3.725290298461914e-09,1.5809200704097748e-07,4.76837158203125e-07,0.6,0.5047619047619047,0.5982142857142857,0.8339012380875589,0.4742857142857143,0.05045180022716522,0.05045180022716522,0.5693017244338989,246.15664672851562,38.84333801269531,0.8637075424194336,0.13629241287708282
22,True,0.05,0.009999323359712722,3.946380615234375,0.5704597234725952,0.02852298691868782,3.9749035835266113,0.00022862500918563455,0.0003663875977508724,3.725290298461914e-09,2.3050233721733093e-07,5.029141902923584e-07,0.6,0.5047619047619047,0.5982142857142857,0.8302364345996421,0.4742857142857143,0.050907135009765625,0.05090711638331413,0.5778198838233948,246.7968292236328,38.20317840576172,0.865953803062439,0.13404624164104462
23,True,0.05,0.009998477602710573,3.13277530670166,0.5703809261322021,0.028519047424197197,3.161294460296631,0.0003660800866782665,0.00021604042558465153,3.725290298461914e-09,2.3150641936808825e-07,5.62518835067749e-07,0.5833333333333334,0.47338935574229696,0.5505952380952381,0.8415370552752628,0.4598039215686275,0.05136607214808464,0.05136590078473091,0.6871429681777954,251.29153442382812,33.70846939086914,0.8817247152328491,0.11827533692121506
24,True,0.05,0.009997293623837585,2.247631072998047,0.5492864847183228,0.027464324608445168,2.2750954627990723,0.0006220107316039503,0.00042856158688664436,3.725290298461914e-09,1.966254785656929e-07,4.4330954551696777e-07,0.5666666666666667,0.38518518518518513,0.42857142857142855,0.8088903311485859,0.4311111111111111,0.0518304780125618,0.051829803735017776,0.9830244779586792,262.13140869140625,22.868602752685547,0.9197593331336975,0.08024071156978607
25,True,0.05,0.00999577150401714,2.954143524169922,0.4992465674877167,0.024962328374385834,2.9791059494018555,0.0005428654840216041,0.0015055706026032567,3.725290298461914e-09,1.7939601093530655e-07,5.066394805908203e-07,0.5833333333333334,0.43970037453183525,0.4761904761904762,0.8376623922024865,0.4535205992509363,0.05229746922850609,0.05229770392179489,0.9232516288757324,261.6873474121094,23.312664031982422,0.9182012677192688,0.08179882168769836
26,True,0.05,0.009993911347284109,3.1801018714904785,0.4927477240562439,0.024637386202812195,3.2047393321990967,0.0003932640829589218,0.0006394913070835173,3.725290298461914e-09,1.7159618437290192e-07,4.842877388000488e-07,0.5833333333333334,0.48293172690763053,0.5877976190476191,0.8401956457675798,0.46019076305220885,0.05276709049940109,0.052768368273973465,0.6360614895820618,242.6287078857422,42.371299743652344,0.8513287901878357,0.1486712247133255
27,True,0.05,0.009991713280777732,2.80155611038208,0.5316901803016663,0.026584509760141373,2.8281407356262207,0.0005212858668528497,0.0006184406811371446,3.725290298461914e-09,2.1187588572502136e-07,3.986060619354248e-07,0.5666666666666667,0.46293639406982307,0.5773809523809524,0.8304180969275308,0.44658058345289336,0.0532400868833065,0.053242381662130356,0.5076218247413635,233.71664428710938,51.283363342285156,0.8200584053993225,0.17994162440299988
28,True,0.05,0.009989177454732934,2.463625192642212,0.5589091777801514,0.02794545888900757,2.4915707111358643,0.0006257789791561663,0.0006452117813751101,3.725290298461914e-09,1.7695128917694092e-07,4.470348358154297e-07,0.65,0.6582711958022646,0.6731150793650794,0.8517838184701393,0.6336260701463684,0.05371718481183052,0.05372030660510063,0.7374893426895142,247.01919555664062,37.980796813964844,0.8667340278625488,0.13326595723628998
29,True,0.05,0.00998630404247006,2.268220901489258,0.5101969242095947,0.025509847328066826,2.2937307357788086,0.0008630427182652056,0.0008493675850331783,3.725290298461914e-09,2.253800630569458e-07,4.6938657760620117e-07,0.6333333333333333,0.5718415279390888,0.5357142857142857,0.8258394623371039,0.6224441863466253,0.054201189428567886,0.05420488864183426,0.9647230505943298,258.163330078125,26.836688995361328,0.905836284160614,0.09416382014751434
30,True,0.05,0.009983093240383016,2.278165817260742,0.4941155016422272,0.02470577508211136,2.3028717041015625,0.0008707304950803518,0.0012441063299775124,3.725290298461914e-09,1.695007085800171e-07,4.1350722312927246e-07,0.65,0.6539175994284354,0.689484126984127,0.8404950766389444,0.6460101611494801,0.0546913705766201,0.05469713360071182,0.7316015958786011,236.1690673828125,48.83091735839844,0.8286634087562561,0.1713365614414215
31,True,0.05,0.009979545267925863,2.177870512008667,0.4929952025413513,0.024649759754538536,2.2025203704833984,0.0010899906046688557,0.0012393174692988396,7.450580596923828e-09,2.5331974029541016e-07,4.0605664253234863e-07,0.6166666666666667,0.6284600389863547,0.6850198412698413,0.8402629592193271,0.6136842105263158,0.05518902838230133,0.05519700050354004,0.4731723368167877,211.472900390625,73.52709197998047,0.7420101761817932,0.2579897940158844
32,True,0.05,0.009975660367597807,2.0580503940582275,0.5379897356033325,0.026899486780166626,2.0849499702453613,0.001410184195265174,0.001331734354607761,3.725290298461914e-09,2.2724270820617676e-07,3.241002559661865e-07,0.6666666666666666,0.6663441380422512,0.7063492063492064,0.8315897229517514,0.656926302209321,0.05569642037153244,0.055705662816762924,0.6857274770736694,229.41363525390625,55.586368560791016,0.8049601316452026,0.19503989815711975
33,True,0.05,0.009971438804926623,1.99245285987854,0.48381930589675903,0.02419096603989601,2.016643762588501,0.0013285232707858086,0.0011854509357362986,7.450580596923828e-09,2.644956111907959e-07,4.3958425521850586e-07,0.7166666666666667,0.6319260861438223,0.5932539682539683,0.8566158084141575,0.7004579561537023,0.056209784001111984,0.05621912702918053,0.883092999458313,221.92784118652344,63.07215118408203,0.778694212436676,0.22130580246448517
34,True,0.05,0.00996688086845051,1.8331480026245117,0.4595455825328827,0.022977279499173164,1.8561252355575562,0.0020935924258083105,0.0012898686109110713,7.450580596923828e-09,2.5331974029541016e-07,5.21540641784668e-07,0.65,0.6528685548293391,0.6959325396825397,0.8752364969935725,0.6377995642701525,0.05673156678676605,0.05674530193209648,0.33163273334503174,166.27774047851562,118.72225952148438,0.5834307074546814,0.4165693521499634
35,True,0.05,0.009961986869698373,1.9840549230575562,0.5060745477676392,0.025303727015852928,2.0093586444854736,0.000824284739792347,0.0012093766126781702,3.725290298461914e-09,2.60770320892334e-07,4.991888999938965e-07,0.6833333333333333,0.6642636869718451,0.7321428571428571,0.8344354861159107,0.6905803195962995,0.05724889412522316,0.05727066099643707,0.4437713921070099,70.48640441894531,214.51361083984375,0.2473207265138626,0.7526793479919434
36,True,0.05,0.009956757143168527,2.0465197563171387,0.5220643281936646,0.026103217154741287,2.0726230144500732,0.0010762173915281892,0.0037703311536461115,7.450580596923828e-09,3.241002559661865e-07,3.7997961044311523e-07,0.6,0.5984126984126984,0.7127976190476191,0.8620457601884489,0.5513492063492064,0.05775121599435806,0.057805102318525314,0.1655936986207962,196.1767578125,88.82325744628906,0.6883395314216614,0.3116605579853058
37,True,0.05,0.009951192046305833,1.8994824886322021,0.5092265605926514,0.025461329147219658,1.9249438047409058,0.0005275120493024588,0.00013538385974243283,3.725290298461914e-09,2.952292561531067e-07,4.991888999938965e-07,0.65,0.6542493146266731,0.6904761904761904,0.8969732824390843,0.6420980487018222,0.05825621634721756,0.05833330750465393,0.5717865228652954,203.31520080566406,81.68479919433594,0.7133866548538208,0.2866133451461792
38,True,0.05,0.009945291959477269,1.736170768737793,0.41511470079421997,0.020755736157298088,1.7569265365600586,0.0010723519371822476,0.0004505739489104599,7.450580596923828e-09,3.0547380447387695e-07,5.029141902923584e-07,0.6166666666666667,0.5179380006966214,0.5396825396825397,0.8835873246250605,0.5090038314176245,0.05876786634325981,0.058859799057245255,0.9590377807617188,209.04620361328125,75.95381164550781,0.7334954738616943,0.2665046155452728
39,True,0.05,0.009939057285945933,1.8129241466522217,0.4137951135635376,0.02068975567817688,1.8336138725280762,0.003075387328863144,0.0009652406442910433,7.450580596923828e-09,3.5390257835388184e-07,6.146728992462158e-07,0.7,0.6181818181818183,0.5992063492063492,0.8887597214542969,0.6890909090909091,0.059298522770404816,0.059389930218458176,0.8664320111274719,219.0359649658203,65.96402740478516,0.7685472369194031,0.23145273327827454
40,True,0.05,0.009932488451843476,1.6797747611999512,0.39442360401153564,0.019721180200576782,1.6994959115982056,0.001964912051334977,0.0006385602755472064,7.450580596923828e-09,3.0547380447387695e-07,5.21540641784668e-07,0.6666666666666666,0.6582098765432098,0.7008928571428571,0.8919602901029787,0.660719135802469,0.05983705818653107,0.05991936847567558,0.7970426082611084,238.05316162109375,46.94683837890625,0.8352742791175842,0.16472575068473816
41,True,0.05,0.009925585906140986,1.6883646249771118,0.3879229426383972,0.01939614675939083,1.7077608108520508,0.001625556731596589,0.00030749847064726055,7.450580596923828e-09,3.0174851417541504e-07,6.332993507385254e-07,0.6166666666666667,0.6114243433222346,0.6641865079365079,0.8549909864768356,0.6085142434332224,0.06038147583603859,0.060445353388786316,0.6080739498138428,228.9669952392578,56.03300476074219,0.8033930063247681,0.19660703837871552
42,True,0.05,0.009918350120618293,1.5967411994934082,0.4263274073600769,0.021316369995474815,1.6180576086044312,0.0017374771414324641,6.229220889508724e-05,7.450580596923828e-09,4.544854164123535e-07,6.183981895446777e-07,0.7333333333333333,0.7175960656830874,0.7316468253968255,0.8843935861919353,0.7339418187880303,0.060946300625801086,0.06096265837550163,0.8873752355575562,218.72406005859375,66.27593994140625,0.7674528360366821,0.23254716396331787
43,True,0.05,0.009910781589831726,1.4867455959320068,0.291208416223526,0.014560420997440815,1.5013060569763184,0.003060681279748678,0.0006310940370894969,7.450580596923828e-09,2.7567148208618164e-07,5.587935447692871e-07,0.7833333333333333,0.6852786456247163,0.6458333333333334,0.9020100324640419,0.7665238057090976,0.06152777373790741,0.061484236270189285,0.8916171789169312,110.61970520019531,174.38031005859375,0.3881393373012543,0.6118607521057129
44,True,0.05,0.009902880831080306,1.492924451828003,0.37469372153282166,0.018734686076641083,1.5116591453552246,0.003356155240908265,0.0009994790889322758,7.450580596923828e-09,3.91155481338501e-07,5.178153514862061e-07,0.7333333333333333,0.7294745484400657,0.7425595238095237,0.9011396371360995,0.7320402298850575,0.0621265284717083,0.06201576814055443,0.7924391627311707,170.38742065429688,114.61258697509766,0.5978506207466125,0.4021494388580322
45,True,0.05,0.009894648384370404,1.3342933654785156,0.2701905369758606,0.01350952684879303,1.3478028774261475,0.0028478202875703573,0.0001637469104025513,7.450580596923828e-09,4.6938657760620117e-07,6.407499313354492e-07,0.7666666666666667,0.674977416440831,0.6408730158730158,0.8812425127283617,0.7516892502258355,0.06274525076150894,0.06254474073648453,0.805449366569519,88.84730529785156,196.15267944335938,0.31174492835998535,0.6882550120353699
46,True,0.05,0.009886084812378817,1.7428265810012817,0.4382703900337219,0.021913519129157066,1.7647401094436646,0.0024644420482218266,0.0008141828002408147,7.450580596923828e-09,4.76837158203125e-07,5.327165126800537e-07,0.75,0.7224641889276034,0.7420634920634921,0.8673164274579369,0.7524366047231901,0.06335163116455078,0.06307163089513779,0.7542957663536072,98.25911712646484,186.74087524414062,0.34476885199546814,0.6552311778068542
47,True,0.05,0.009877190700414313,1.4727672338485718,0.2536534070968628,0.01268267072737217,1.4854499101638794,0.0015754768392071128,0.0017051585018634796,7.450580596923828e-09,5.885958671569824e-07,5.364418029785156e-07,0.7,0.6826923076923076,0.7326388888888888,0.898184864576374,0.6908653846153847,0.06395097821950912,0.06361141800880432,0.28900346159935,94.78192901611328,190.21807861328125,0.3325681686401367,0.6674318909645081
48,True,0.05,0.00986796665637763,1.5915480852127075,0.33565953373908997,0.0167829766869545,1.6083310842514038,0.0005112312501296401,0.001605074037797749,3.725290298461914e-09,5.587935447692871e-07,5.587935447692871e-07,0.7,0.6492673992673993,0.658234126984127,0.885243523510033,0.6894688644688645,0.06452612578868866,0.06415539234876633,0.2065131962299347,74.33964538574219,210.66033935546875,0.26084086298942566,0.739159107208252
49,True,0.05,0.009858413310719925,1.4888111352920532,0.308388888835907,0.015419445000588894,1.5042306184768677,0.00031710040639154613,0.0011784714879468083,7.450580596923828e-09,6.109476089477539e-07,4.544854164123535e-07,0.7833333333333333,0.6791380763211748,0.6512896825396824,0.8992796380768079,0.7695269050198628,0.06508029997348785,0.06470119208097458,0.8695386648178101,34.135292053222656,250.8647003173828,0.11977295577526093,0.8802270293235779
50,True,0.05,0.009848531316399685,1.3069941997528076,0.3080960810184479,0.015404804609715939,1.3223990201950073,0.0003496618883218616,0.00091978331329301,7.450580596923828e-09,5.587935447692871e-07,3.8743019104003906e-07,0.7666666666666667,0.7331649831649832,0.7306547619047619,0.8843832072016035,0.7619528619528619,0.0656111091375351,0.06525741517543793,0.9907231330871582,121.4339370727539,163.56607055664062,0.4260840117931366,0.5739160776138306
51,True,0.05,0.009838321348838096,1.4746277332305908,0.19415108859539032,0.009707554243505001,1.4843353033065796,0.000663287821225822,0.001746038207784295,7.450580596923828e-09,5.885958671569824e-07,5.289912223815918e-07,0.7833333333333333,0.7434468524251807,0.7628968253968255,0.8872117520407615,0.790030959752322,0.06612545251846313,0.06581030786037445,0.938141942024231,121.70014190673828,163.29986572265625,0.42701804637908936,0.5729820132255554
52,True,0.05,0.009827784105872876,1.3113079071044922,0.2186417579650879,0.010932087898254395,1.3222399950027466,3.5493467294145375e-05,0.00033294683089479804,7.450580596923828e-09,5.513429641723633e-07,5.21540641784668e-07,0.7833333333333333,0.7573099415204677,0.7847222222222222,0.9142763191996682,0.7811403508771929,0.06662657856941223,0.0663580670952797,0.7873074412345886,169.91665649414062,115.08334350585938,0.5961987972259521,0.40380120277404785
53,True,0.05,0.009816920307710586,1.241255521774292,0.20817703008651733,0.010408851318061352,1.251664400100708,0.0005877141375094652,0.0003347812162246555,7.450580596923828e-09,5.960464477539062e-07,4.991888999938965e-07,0.7666666666666667,0.6691756272401435,0.6626984126984127,0.9094538083335252,0.751236559139785,0.06712404638528824,0.06690280884504318,0.8891686201095581,166.02590942382812,118.97409057617188,0.5825470685958862,0.41745296120643616
54,True,0.05,0.0098057306968774,1.189664602279663,0.21578092873096466,0.010789046995341778,1.2004536390304565,0.00033347270800732076,0.00030364873236976564,7.450580596923828e-09,5.140900611877441e-07,6.034970283508301e-07,0.8333333333333334,0.6703703703703704,0.65625,0.8768073241835034,0.8034259259259261,0.06761568784713745,0.06743369996547699,0.9612631797790527,69.65644836425781,215.34356689453125,0.24440859258174896,0.7555914521217346
55,True,0.05,0.009794216038168352,1.223343014717102,0.3268536925315857,0.016342684626579285,1.2396856546401978,0.0015147149097174406,0.0020638287533074617,7.450580596923828e-09,5.438923835754395e-07,6.183981895446777e-07,0.85,0.8094017094017095,0.8154761904761904,0.9317614382472872,0.8522649572649573,0.06811674684286118,0.06791970878839493,0.9771227836608887,139.6356964111328,145.3643035888672,0.4899498224258423,0.5100501775741577
56,True,0.05,0.009782377118595071,1.0365314483642578,0.16804683208465576,0.008402341976761818,1.044933795928955,0.0009272411116398871,0.0005270291003398597,7.450580596923828e-09,6.407499313354492e-07,5.811452865600586e-07,0.75,0.7112973708718391,0.7638888888888888,0.9390551087190238,0.7505659431191347,0.06862220168113708,0.06841457635164261,0.7921486496925354,111.17250061035156,173.82748413085938,0.39007896184921265,0.6099210381507874
57,True,0.05,0.009770214747331984,0.9979404211044312,0.20426045358181,0.01021302305161953,1.0081534385681152,0.00056608667364344,2.8647804356296547e-05,7.450580596923828e-09,6.258487701416016e-07,5.736947059631348e-07,0.8,0.7625562218890555,0.7951388888888888,0.9432523004162155,0.8002529985007496,0.06912408769130707,0.0689069926738739,0.7563531994819641,91.04752349853516,193.95248413085938,0.3194650113582611,0.6805350184440613
58,True,0.05,0.009757729755661011,0.9858532547950745,0.20560643076896667,0.010280321352183819,0.99613356590271,0.0005823584506288171,0.0007033483125269413,7.450580596923828e-09,5.811452865600586e-07,6.109476089477539e-07,0.85,0.8026755852842808,0.7728174603174603,0.9470766283855907,0.8466740988480119,0.06962818652391434,0.06941622495651245,0.9660205841064453,31.66690444946289,253.3330841064453,0.11111194640398026,0.8888880610466003
59,True,0.05,0.009744922996914747,1.01008141040802,0.15481263399124146,0.007740631699562073,1.017822027206421,0.0010797301074489951,0.0014731768751516938,7.450580596923828e-09,5.21540641784668e-07,5.140900611877441e-07,0.8333333333333334,0.7257834757834759,0.6879960317460317,0.9402539720935946,0.8162393162393163,0.07012926787137985,0.0699349045753479,0.9893210530281067,17.78590202331543,267.214111328125,0.06240667402744293,0.937593400478363
60,True,0.05,0.00973179534641814,0.9457452893257141,0.2439621239900589,0.01219810638576746,0.9579433798789978,0.0006344164139591157,0.0017322507919743657,7.450580596923828e-09,4.3958425521850586e-07,4.3213367462158203e-07,0.7833333333333333,0.7427929885557005,0.7475198412698413,0.9270301785042352,0.7792807475010866,0.07062966376543045,0.07047997415065765,0.8541348576545715,76.63260650634766,208.36740112304688,0.26888635754585266,0.7311137318611145
61,True,0.05,0.009718347701428667,1.0227432250976562,0.18410062789916992,0.009205031208693981,1.031948208808899,0.0003779107064474374,0.001168207498267293,7.450580596923828e-09,5.811452865600586e-07,4.246830940246582e-07,0.75,0.7317251461988303,0.7584325396825397,0.9233731142634444,0.7478435672514618,0.07112274318933487,0.07103016972541809,0.8771629929542542,83.32861328125,201.67138671875,0.2923811078071594,0.7076188921928406
62,True,0.05,0.009704580981074998,0.9834169149398804,0.17042502760887146,0.008521251380443573,0.9919381737709045,0.0010407360969111323,0.0009340140386484563,7.450580596923828e-09,5.289912223815918e-07,4.6193599700927734e-07,0.8,0.7411033411033411,0.7415674603174603,0.9137910264089509,0.8037140637140638,0.07161541283130646,0.07158231735229492,0.9816793203353882,67.28153991699219,217.71844482421875,0.23607558012008667,0.7639243602752686
63,True,0.05,0.009690496126294182,0.8896775245666504,0.15474441647529602,0.0077372207306325436,0.8974147439002991,0.0009318495285697281,0.0011583796003833413,7.450580596923828e-09,6.109476089477539e-07,5.960464477539062e-07,0.8,0.7376395534290272,0.7415674603174603,0.9100153537063914,0.8078548644338118,0.07211631536483765,0.07215173542499542,0.9824406504631042,77.25822448730469,207.74176025390625,0.27108150720596313,0.7289184927940369
64,True,0.05,0.009676094099767331,0.8207248449325562,0.12477001547813416,0.00623850105330348,0.8269633650779724,0.0011849357979372144,0.0008660639286972582,7.450580596923828e-09,5.364418029785156e-07,5.21540641784668e-07,0.7833333333333333,0.7279516476237787,0.7420634920634921,0.9012208692338409,0.7841670806424905,0.07262177020311356,0.07272399216890335,0.9137890934944153,97.91546630859375,187.08453369140625,0.343563050031662,0.6564369797706604
65,True,0.05,0.009661375885853831,0.8428272604942322,0.15605366230010986,0.0078026833944022655,0.8506299257278442,0.0015834930818527937,0.0007645281148143113,7.450580596923828e-09,6.183981895446777e-07,5.587935447692871e-07,0.8333333333333334,0.79135101010101,0.7733134920634921,0.9059163124611237,0.830050505050505,0.07314007729291916,0.07329952716827393,0.9473926424980164,81.18453216552734,203.81546020507812,0.28485801815986633,0.7151419520378113
66,True,0.05,0.00964634249052405,0.7532459497451782,0.13629856705665588,0.006814928259700537,0.7600609064102173,0.0017210430232807994,0.0007616188959218562,7.450580596923828e-09,5.140900611877441e-07,5.364418029785156e-07,0.8666666666666667,0.8163398692810458,0.7886904761904762,0.9180180951996989,0.8633660130718954,0.07368838042020798,0.0738871693611145,0.9869310855865479,58.94264221191406,226.057373046875,0.20681628584861755,0.7931838035583496
67,True,0.05,0.009630994941290591,0.7589365243911743,0.10824155807495117,0.005412077996879816,0.7643486261367798,0.0004332620883360505,0.0007390719838440418,7.450580596923828e-09,6.109476089477539e-07,4.6938657760620117e-07,0.8333333333333334,0.7898692810457516,0.7624007936507936,0.9173583993749088,0.8301797385620915,0.07422947883605957,0.07447897642850876,0.9905893802642822,69.94544982910156,215.05455017089844,0.2454226315021515,0.7545773983001709
68,True,0.05,0.009615334287138054,0.7665837407112122,0.09787894040346146,0.004893946927040815,0.7714776992797852,0.0003178569604642689,0.0008466953877359629,7.450580596923828e-09,6.631016731262207e-07,6.332993507385254e-07,0.85,0.817250742623877,0.8100198412698413,0.9139683091628846,0.8501530807500955,0.074764683842659,0.07508470863103867,0.9981021881103516,84.8038101196289,200.19619750976562,0.2975572347640991,0.7024428248405457
69,True,0.05,0.00959936159845135,0.7367236614227295,0.08293382823467255,0.004146691411733627,0.7408703565597534,0.00020299754396546632,0.000667569984216243,7.450580596923828e-09,5.885958671569824e-07,6.407499313354492e-07,0.85,0.817250742623877,0.8100198412698413,0.9250386122438009,0.8501530807500955,0.07527836412191391,0.07570213079452515,0.9984759092330933,123.5370101928711,161.46298217773438,0.4334632158279419,0.5665367841720581
70,True,0.05,0.009583077966942534,0.7056225538253784,0.06703998148441315,0.0033519992139190435,0.7089745402336121,0.00010491185821592808,0.00037614762550219893,7.450580596923828e-09,6.183981895446777e-07,6.183981895446777e-07,0.8666666666666667,0.8411261940673705,0.8204365079365079,0.8976638752582149,0.8654600301659126,0.07577743381261826,0.07631375640630722,0.9989997148513794,141.84927368164062,143.15072631835938,0.4977167546749115,0.5022832751274109
71,True,0.05,0.009566484505576189,0.6870360970497131,0.05494595319032669,0.002747297752648592,0.6897833943367004,0.0005766386166214943,8.59149222378619e-05,7.450580596923828e-09,6.258487701416016e-07,7.152557373046875e-07,0.8666666666666667,0.8299271787643882,0.7941468253968255,0.8728367904370263,0.8628376791167489,0.07628591358661652,0.07690704613924026,0.9964228868484497,143.83419799804688,141.16580200195312,0.504681408405304,0.49531862139701843
72,True,0.05,0.009549582348493355,0.729100227355957,0.09693346172571182,0.004846672993153334,0.7339469194412231,0.0011032541515305638,0.0007264451705850661,7.450580596923828e-09,5.811452865600586e-07,5.885958671569824e-07,0.9,0.8683836488714537,0.8521825396825397,0.8895221872816212,0.8989823184945135,0.07680753618478775,0.07746663689613342,0.9964394569396973,169.846923828125,115.15306854248047,0.5959541201591492,0.40404585003852844
73,True,0.05,0.009532372650934018,0.701819896697998,0.06891930103302002,0.0034459650050848722,0.7052658796310425,0.0013135095359757543,0.0002756787871476263,7.450580596923828e-09,6.48200511932373e-07,6.332993507385254e-07,0.8166666666666667,0.7600821942285357,0.7574404761904762,0.8454847912395081,0.8170606629143216,0.07736045122146606,0.07800407707691193,0.9979190230369568,155.850830078125,129.149169921875,0.546845018863678,0.453154981136322
74,True,0.05,0.009514856589158148,0.6727566123008728,0.05742161348462105,0.00287108076736331,0.6756277084350586,0.0004330907831899822,0.0001310879160882905,7.450580596923828e-09,5.885958671569824e-07,6.183981895446777e-07,0.8166666666666667,0.7677655677655678,0.7574404761904762,0.8348370870481719,0.814871794871795,0.07791273295879364,0.07852784544229507,0.9991209506988525,140.4501953125,144.5498046875,0.4928077161312103,0.5071923136711121
75,True,0.05,0.009497035360365296,0.6438674330711365,0.058243028819561005,0.0029121513944119215,0.6467795968055725,0.00037317376700229943,0.0003942298353649676,7.450580596923828e-09,6.258487701416016e-07,5.513429641723633e-07,0.8,0.7251082251082251,0.7098214285714285,0.8086074586664208,0.7946969696969698,0.07846245169639587,0.07902693003416061,0.9994462728500366,124.91383361816406,160.08615112304688,0.4382941722869873,0.5617058277130127
76,True,0.05,0.00947891018261278,0.6536065340042114,0.06119062006473541,0.003059531096369028,0.6566660404205322,0.00023487141879741102,0.00012683797103818506,7.450580596923828e-09,5.811452865600586e-07,5.736947059631348e-07,0.7833333333333333,0.6755831233443174,0.6622023809523809,0.8616634773769207,0.7722749886928992,0.07900500297546387,0.07951603829860687,0.9999588131904602,104.09187316894531,180.9081268310547,0.3652346432209015,0.6347653865814209
77,True,0.05,0.00946048229473242,0.637650728225708,0.051434628665447235,0.002571731572970748,0.640222430229187,0.00011832130985567346,0.00015817269741091877,7.450580596923828e-09,6.705522537231445e-07,5.364418029785156e-07,0.8,0.6885130373502467,0.6780753968253969,0.8727479390804862,0.7880902043692742,0.07952985912561417,0.08000610768795013,0.9980161786079407,104.45755767822266,180.54244995117188,0.3665177524089813,0.6334822773933411
78,True,0.05,0.009441752956245879,0.6816498041152954,0.07987213879823685,0.003993607126176357,0.6856434345245361,0.000541196670383215,0.00015993787383195013,7.450580596923828e-09,6.258487701416016e-07,6.780028343200684e-07,0.8166666666666667,0.7323565323565324,0.7256944444444443,0.9197614056104623,0.8135897435897436,0.08003118634223938,0.08049654960632324,0.9977290630340576,108.56849670410156,176.4315185546875,0.38094210624694824,0.6190579533576965
79,True,0.05,0.009422723447278559,0.7450239062309265,0.0787329226732254,0.003936646040529013,0.748960554599762,0.0008478823001496494,0.000604214845225215,7.450580596923828e-09,6.556510925292969e-07,4.544854164123535e-07,0.8333333333333334,0.7733044733044734,0.7678571428571428,0.9256914087397577,0.8341919191919193,0.08050278574228287,0.080998994410038,0.9994125366210938,99.0450439453125,185.9549560546875,0.347526490688324,0.6524735689163208
80,True,0.05,0.00940339506847212,0.6568340063095093,0.052474454045295715,0.002623722655698657,0.6594577431678772,0.0003020290459971875,0.0005002467078156769,7.450580596923828e-09,5.513429641723633e-07,7.003545761108398e-07,0.85,0.8034623629818388,0.7782738095238094,0.9256650113077001,0.8467863932370666,0.0809558853507042,0.08151599019765854,0.9993814826011658,95.02373504638672,189.97625732421875,0.333416610956192,0.6665833592414856
81,True,0.05,0.009383769140895582,0.6219696402549744,0.052793435752391815,0.0026396717876195908,0.6246092915534973,0.00015873044321779162,0.0006941492902114987,7.450580596923828e-09,6.332993507385254e-07,6.48200511932373e-07,0.8166666666666667,0.7920745920745921,0.7574404761904762,0.9167996137335761,0.8142890442890443,0.0813957154750824,0.08205864578485489,0.9947247505187988,86.06118774414062,198.93881225585938,0.30196908116340637,0.698030948638916
82,True,0.05,0.009363847005955023,0.6774330139160156,0.1162085309624672,0.00581042654812336,0.683243453502655,0.0004998825606890023,9.862289152806625e-05,7.450580596923828e-09,6.48200511932373e-07,5.811452865600586e-07,0.8666666666666667,0.8564213564213564,0.8258928571428571,0.9268860125287012,0.8659090909090909,0.08182306587696075,0.08259151130914688,0.9968952536582947,98.62821960449219,186.37179565429688,0.3460639417171478,0.6539361476898193
83,True,0.05,0.009343630025301902,0.6897804737091064,0.07723775506019592,0.0038618878461420536,0.6936423778533936,0.00016063550719991326,0.00036429657484404743,7.450580596923828e-09,5.960464477539062e-07,6.183981895446777e-07,0.9,0.8816993464052287,0.8467261904761904,0.9360807180677463,0.8984967320261438,0.08225256949663162,0.08313410729169846,0.9978530406951904,117.95677185058594,167.04322814941406,0.41388341784477234,0.58611661195755
84,True,0.05,0.00932311958073999,0.6542266607284546,0.06939022243022919,0.003469511168077588,0.6576961874961853,0.0005290143890306354,0.00015140665345825255,7.450580596923828e-09,6.258487701416016e-07,5.587935447692871e-07,0.85,0.7816781028048633,0.7356150793650794,0.9218535220893712,0.8408559046587214,0.08269882947206497,0.08367568254470825,0.9995862245559692,93.65370178222656,191.34629821777344,0.32860949635505676,0.6713905334472656
85,True,0.05,0.009302317074130931,0.651148796081543,0.05470285564661026,0.0027351428288966417,0.6538839340209961,0.0007212455966509879,8.464157144771889e-05,7.450580596923828e-09,5.885958671569824e-07,5.587935447692871e-07,0.8333333333333334,0.7581307581307581,0.7251984126984127,0.9193961611414442,0.8259074259074258,0.08315131813287735,0.08420736342668533,0.9996941089630127,145.07662963867188,139.9233856201172,0.5090408325195312,0.4909592568874359
86,True,0.05,0.009281223927298419,0.679790735244751,0.07419919967651367,0.0037099600303918123,0.6835007071495056,0.0003790286718867719,0.0003268254513386637,7.450580596923828e-09,6.556510925292969e-07,5.438923835754395e-07,0.8,0.7251082251082251,0.7098214285714285,0.9001132569823608,0.7946969696969698,0.08360707759857178,0.08474186807870865,0.9988964200019836,161.29074096679688,123.70926666259766,0.5659324526786804,0.43406760692596436
87,True,0.05,0.009259841581931017,0.6508652567863464,0.057093895971775055,0.0028546948451548815,0.653719961643219,0.001078119152225554,0.0002870652824640274,7.450580596923828e-09,6.034970283508301e-07,5.066394805908203e-07,0.8166666666666667,0.7379565586700642,0.7202380952380952,0.8560947591018345,0.811421550782672,0.08408956974744797,0.08527971059083939,0.9989352226257324,145.94068908691406,139.05931091308594,0.5120726227760315,0.4879274070262909
88,True,0.05,0.00923817149948363,0.6674944162368774,0.0552675724029541,0.002763378666713834,0.6702578067779541,0.00022537643963005394,0.00010005204239860177,7.450580596923828e-09,5.662441253662109e-07,5.21540641784668e-07,0.8,0.7245098039215687,0.7043650793650794,0.8377643822808918,0.7950490196078431,0.08456769585609436,0.08581241220235825,0.9993946552276611,148.51808166503906,136.48191833496094,0.5211160778999329,0.47888392210006714
89,True,0.05,0.00921621516107761,0.6672735214233398,0.06754197925329208,0.0033770990557968616,0.6706506013870239,0.00011593704402912408,4.38226452388335e-05,7.450580596923828e-09,4.544854164123535e-07,5.587935447692871e-07,0.8333333333333334,0.7898692810457516,0.7624007936507936,0.8535676849356094,0.8301797385620915,0.08503514528274536,0.08633842319250107,0.9984370470046997,134.94265747070312,150.05734252929688,0.47348302602767944,0.5265169739723206
90,True,0.05,0.009193974067399517,0.6387864351272583,0.07477986067533493,0.0037389930803328753,0.6425254344940186,0.0007912708097137511,0.0001558119256515056,7.450580596923828e-09,6.705522537231445e-07,5.736947059631348e-07,0.8666666666666667,0.8167388167388167,0.7941468253968255,0.8798709861504673,0.8631313131313131,0.08551424741744995,0.08685293048620224,0.9964537024497986,141.5676727294922,143.43234252929688,0.49672868847846985,0.5032714009284973
91,True,0.05,0.009171449738598562,0.6294996738433838,0.07487411797046661,0.003743706038221717,0.6332433819770813,0.0008714332361705601,0.000202572628040798,7.450580596923828e-09,5.662441253662109e-07,4.991888999938965e-07,0.85,0.828300803673938,0.8100198412698413,0.8822864711720845,0.8489351320321468,0.08600281178951263,0.08735642582178116,0.9990873336791992,139.83047485351562,145.16952514648438,0.4906332492828369,0.5093667507171631
92,True,0.05,0.009148643714182699,0.6167382001876831,0.045721687376499176,0.0022860844619572163,0.6190242767333984,0.000860879838000983,4.754093970404938e-05,7.450580596923828e-09,5.960464477539062e-07,7.525086402893066e-07,0.8333333333333334,0.7257834757834759,0.6879960317460317,0.8890740308782762,0.8162393162393163,0.08651665598154068,0.0878528282046318,0.9997161626815796,129.37835693359375,155.62164306640625,0.4539591670036316,0.5460408926010132
93,True,0.05,0.009125557552913402,0.6172230243682861,0.04820059984922409,0.0024100299924612045,0.6196330785751343,0.0004776795976795256,2.7591104299062863e-05,7.450580596923828e-09,6.332993507385254e-07,6.854534149169922e-07,0.8166666666666667,0.7062094968775775,0.6830357142857143,0.9166879046006405,0.8022929185813598,0.08703789114952087,0.08834667503833771,0.9998370409011841,119.95661926269531,165.0433807373047,0.4209004342556,0.5790995955467224
94,True,0.05,0.009102192832699127,0.5806503295898438,0.0402873158454895,0.0020143657457083464,0.5826646685600281,0.0001403670758008957,0.00013337578275240958,7.450580596923828e-09,6.332993507385254e-07,5.513429641723633e-07,0.8166666666666667,0.7062094968775775,0.6830357142857143,0.9105547012386636,0.8022929185813598,0.08755176514387131,0.0888437032699585,0.9997282028198242,112.34014892578125,172.6598358154297,0.3941759765148163,0.6058239936828613
95,True,0.05,0.009078551150487465,0.6153110861778259,0.06504786014556885,0.0032523931004107,0.6185634732246399,6.215420853550313e-06,1.2671790500462521e-05,7.450580596923828e-09,6.258487701416016e-07,5.513429641723633e-07,0.8166666666666667,0.7062094968775775,0.6830357142857143,0.9134754571075326,0.8022929185813598,0.0880531445145607,0.08933711051940918,0.9997297525405884,100.2428207397461,184.75717163085938,0.35172921419143677,0.6482707858085632
96,True,0.05,0.00905463412215599,0.6394808292388916,0.03971102833747864,0.001985551556572318,0.6414663791656494,0.00015274682664312422,0.00029333506245166063,7.450580596923828e-09,5.736947059631348e-07,4.991888999938965e-07,0.8333333333333334,0.719234360410831,0.6989087301587302,0.9298623229932192,0.8182352941176471,0.08854958415031433,0.08984207361936569,0.9995688796043396,91.79556274414062,193.20443725585938,0.32208970189094543,0.677910327911377
97,True,0.05,0.009030443382401818,0.6461206674575806,0.05496669560670853,0.0027483347803354263,0.648868978023529,9.478317952016369e-05,0.0004741603333968669,7.450580596923828e-09,5.364418029785156e-07,6.332993507385254e-07,0.85,0.739227960354721,0.7038690476190476,0.9368445037666735,0.8325795513823683,0.0890379250049591,0.0903601199388504,0.9999707341194153,87.79534912109375,197.20465087890625,0.3080538511276245,0.6919461488723755
98,True,0.05,0.009005980584629878,0.6611628532409668,0.0753488838672638,0.003767444286495447,0.6649302840232849,0.0007339453441090882,0.0006286573479883373,7.450580596923828e-09,6.109476089477539e-07,5.811452865600586e-07,0.8333333333333334,0.7257834757834759,0.6879960317460317,0.9078202272482931,0.8162393162393163,0.0895087793469429,0.0908791720867157,0.9999833106994629,97.6451416015625,187.3548583984375,0.3426145315170288,0.6573854684829712
99,True,0.05,0.008981247400839902,0.6447176933288574,0.07866635918617249,0.003933317959308624,0.6486510038375854,0.00043433558312244713,0.00035217488766647875,7.450580596923828e-09,6.332993507385254e-07,5.140900611877441e-07,0.8333333333333334,0.719047619047619,0.6934523809523809,0.9300149481458444,0.8188095238095239,0.08996283262968063,0.09139955788850784,0.999819815158844,114.712158203125,170.287841796875,0.4024988114833832,0.5975012183189392
100,True,0.05,0.00895624552151215,0.6217819452285767,0.05844077467918396,0.0029220387805253267,0.6247040033340454,6.705731357214972e-05,0.0005947981844656169,7.450580596923828e-09,7.674098014831543e-07,4.991888999938965e-07,0.8333333333333334,0.7581307581307581,0.7251984126984127,0.9361080754064245,0.8259074259074258,0.09040750563144684,0.09193599224090576,0.9999492168426514,127.5147705078125,157.4852294921875,0.44742026925086975,0.5525797605514526
101,True,0.05,0.008930976655491857,0.5911999940872192,0.03270387649536133,0.0016351938247680664,0.5928351879119873,0.0002092348295263946,0.0005770447314716876,7.450580596923828e-09,6.109476089477539e-07,5.066394805908203e-07,0.8166666666666667,0.7453447518664911,0.714781746031746,0.9332290754755377,0.809445542380325,0.0908498615026474,0.09247717261314392,0.9985958933830261,135.48287963867188,149.51712036132812,0.47537854313850403,0.5246214866638184
102,True,0.05,0.008905442529872458,0.6335387229919434,0.058841522783041,0.0029420761857181787,0.6364808082580566,0.00026917620562016964,0.0006703885737806559,7.450580596923828e-09,5.587935447692871e-07,6.556510925292969e-07,0.8166666666666667,0.7461394327065968,0.7202380952380952,0.9260975692284655,0.8094075079149706,0.09127796441316605,0.09303287416696548,0.9997616410255432,141.0612335205078,143.9387664794922,0.49495169520378113,0.5050483345985413
103,True,0.05,0.008879644889877513,0.6555071473121643,0.05924605205655098,0.0029623026493936777,0.6584694385528564,4.394474672153592e-05,0.0003434049431234598,7.450580596923828e-09,5.662441253662109e-07,6.109476089477539e-07,0.8,0.6935574229691875,0.6726190476190476,0.916663966929297,0.7858823529411765,0.09170231223106384,0.09358751028776169,0.9999508857727051,150.78500366210938,134.21498107910156,0.5290701985359192,0.4709297716617584
104,True,0.05,0.008853585498741453,0.617974579334259,0.046955786645412445,0.0023477894719690084,0.6203223466873169,0.00038641749415546656,0.0004336200072430074,7.450580596923828e-09,6.034970283508301e-07,5.364418029785156e-07,0.8166666666666667,0.7065139419183154,0.6884920634920636,0.9059598682240192,0.8017401365266691,0.09213579446077347,0.09414970874786377,0.9996563196182251,156.71563720703125,128.28436279296875,0.5498794317245483,0.45012056827545166
105,True,0.05,0.008827266137589043,0.6400294303894043,0.05601208284497261,0.002800604095682502,0.6428300142288208,0.00018111866666004062,0.00030771162710152566,7.450580596923828e-09,6.332993507385254e-07,5.289912223815918e-07,0.8166666666666667,0.7065139419183154,0.6884920634920636,0.8871130016471996,0.8017401365266691,0.09256777167320251,0.09470847249031067,0.9997960329055786,162.153564453125,122.84644317626953,0.5689598917961121,0.4310401678085327
106,True,0.05,0.008800688605313658,0.5954384803771973,0.04011482745409012,0.0020057414658367634,0.5974442362785339,0.0007305218605324626,9.652017615735531e-05,7.450580596923828e-09,5.438923835754395e-07,5.885958671569824e-07,0.85,0.7321314952279958,0.7093253968253969,0.8753065101826895,0.8348250265111347,0.09302777796983719,0.09526165574789047,0.9997833967208862,158.7000732421875,126.29994201660156,0.5568423867225647,0.44315770268440247
107,True,0.05,0.008773854718454323,0.5890624523162842,0.04746159166097641,0.0023730795364826918,0.5914355516433716,0.0008894275524653494,0.00023819062334951013,7.450580596923828e-09,6.034970283508301e-07,4.917383193969727e-07,0.8,0.6880008880008881,0.6671626984126985,0.8694804769392034,0.7894572094572095,0.09351988136768341,0.09581747651100159,0.9999014139175415,146.5780029296875,138.4219970703125,0.5143088102340698,0.48569121956825256
108,True,0.05,0.008746766311071562,0.6493573188781738,0.056477226316928864,0.002823861315846443,0.6521812081336975,0.00016015951405279338,3.6734811146743596e-05,7.450580596923828e-09,5.066394805908203e-07,6.48200511932373e-07,0.8,0.6880008880008881,0.6671626984126985,0.8437062642546133,0.7894572094572095,0.09399872273206711,0.0963631197810173,0.9998797178268433,137.42755126953125,147.57244873046875,0.4822019338607788,0.5177980661392212
109,True,0.05,0.008719425234622036,0.6117197275161743,0.04839581996202469,0.0024197909515351057,0.6141394972801208,2.371368282183539e-06,2.6214105673716404e-05,7.450580596923828e-09,5.811452865600586e-07,5.066394805908203e-07,0.8,0.6885130373502467,0.6780753968253969,0.824425399897098,0.7880902043692742,0.09446754306554794,0.09689824283123016,0.9980233907699585,131.36862182617188,153.63137817382812,0.4609425365924835,0.5390574932098389
110,True,0.05,0.008691833357832001,0.6519540548324585,0.06772229820489883,0.0033861149568110704,0.6553401947021484,0.0001253717637155205,7.44641583878547e-05,7.450580596923828e-09,5.364418029785156e-07,6.705522537231445e-07,0.7833333333333333,0.6757575757575758,0.6676587301587302,0.8482200451540075,0.7713636363636364,0.09492413699626923,0.09742661565542221,0.9974484443664551,131.093994140625,153.906005859375,0.45997893810272217,0.5400210618972778
111,True,0.05,0.008663992566569587,0.6395070552825928,0.05288087576627731,0.002644043881446123,0.6421511173248291,2.698520438570995e-05,1.4276677575253416e-05,7.450580596923828e-09,5.736947059631348e-07,6.332993507385254e-07,0.8,0.6885130373502467,0.6780753968253969,0.8786402058807719,0.7880902043692742,0.0953732579946518,0.09794628620147705,0.9993129968643188,126.568115234375,158.431884765625,0.44409865140914917,0.5559013485908508
112,True,0.05,0.00863590476371589,0.5853056311607361,0.03354744240641594,0.0016773721436038613,0.5869830250740051,0.0006886997725814581,2.719883468671469e-06,7.450580596923828e-09,5.289912223815918e-07,6.556510925292969e-07,0.8333333333333334,0.7144689361332116,0.6989087301587302,0.8921591707558689,0.8217164471109952,0.09584711492061615,0.09845812618732452,0.9998073577880859,119.27516174316406,165.72483825683594,0.4185093343257904,0.581490695476532
113,True,0.05,0.008607571869034929,0.5904797911643982,0.03820955380797386,0.0019104777602478862,0.592390239238739,0.0003044655022677034,0.0001554041518829763,7.450580596923828e-09,5.289912223815918e-07,4.991888999938965e-07,0.8,0.6856209150326796,0.6726190476190476,0.8954229132589981,0.7931045751633987,0.09632552415132523,0.09897179901599884,0.9997981786727905,115.55186462402344,169.44813537597656,0.4054451584815979,0.5945549011230469
114,True,0.05,0.008578995819042416,0.5619232654571533,0.029931534081697464,0.0014965767040848732,0.5634198188781738,0.0003143145004287362,0.000296395446639508,7.450580596923828e-09,6.258487701416016e-07,6.258487701416016e-07,0.75,0.6465608465608466,0.6468253968253969,0.8898153187657906,0.7407936507936507,0.09680753946304321,0.09949386864900589,0.9985725283622742,119.54331970214844,165.45668029785156,0.4194502532482147,0.5805497765541077
115,True,0.05,0.00855017856687341,0.5671336054801941,0.02911035344004631,0.0014555177185684443,0.5685891509056091,0.000986059894785285,5.7310768170282245e-05,7.450580596923828e-09,6.780028343200684e-07,6.631016731262207e-07,0.7833333333333333,0.6724507543582899,0.6622023809523809,0.8979939031531012,0.7760567083282772,0.09732436388731003,0.10001101344823837,0.997406005859375,117.15998840332031,167.83999633789062,0.41108769178390503,0.588912308216095
116,True,0.05,0.00852112208214882,0.609988808631897,0.06611080467700958,0.0033055401872843504,0.6132943630218506,0.0002436723734717816,0.00010519158968236297,7.450580596923828e-09,6.109476089477539e-07,5.662441253662109e-07,0.8166666666666667,0.7374581939799331,0.714781746031746,0.9106417527702906,0.8117707172054998,0.09782067686319351,0.10052356868982315,0.999618411064148,106.69337463378906,178.306640625,0.3743627369403839,0.6256373524665833
117,True,0.05,0.008491828350840775,0.5962695479393005,0.034192293882369995,0.0017096147639676929,0.5979791879653931,0.00037503978819586337,0.00012561475159600377,7.450580596923828e-09,5.587935447692871e-07,6.183981895446777e-07,0.8,0.7235588972431078,0.6989087301587302,0.9072594018053923,0.7949749373433583,0.09831537306308746,0.10103296488523483,0.9998353719711304,99.76927185058594,185.23072814941406,0.3500676155090332,0.6499323844909668
118,True,0.05,0.0084622993751369,0.5580840110778809,0.02464931271970272,0.0012324656127020717,0.5593164563179016,0.0002277478197356686,0.00029371268465183675,7.450580596923828e-09,6.48200511932373e-07,5.066394805908203e-07,0.7666666666666667,0.6991341991341992,0.683531746031746,0.9028241532663702,0.7618686868686868,0.098808653652668,0.10155194252729416,0.999893307685852,95.4891128540039,189.51089477539062,0.3350495398044586,0.6649505496025085
119,True,0.05,0.008432537173303462,0.5743089914321899,0.04161432012915611,0.002080715959891677,0.576389729976654,0.00018374550563748926,0.0001604084827704355,7.450580596923828e-09,6.407499313354492e-07,5.736947059631348e-07,0.7666666666666667,0.6991341991341992,0.683531746031746,0.9002481838566744,0.7618686868686868,0.0992807149887085,0.10207181423902512,0.9997064471244812,95.50634002685547,189.49366760253906,0.33510997891426086,0.6648900508880615
120,True,0.05,0.00840254377954742,0.6131930947303772,0.05124608427286148,0.0025623042602092028,0.6157553791999817,2.4813291020109318e-05,0.00026984565192833543,7.450580596923828e-09,5.885958671569824e-07,5.066394805908203e-07,0.7833333333333333,0.7117461473122194,0.6939484126984127,0.8878869263598038,0.7784279820410144,0.09974158555269241,0.10259430855512619,0.9998852014541626,102.99882507324219,182.00115966796875,0.361399382352829,0.6386005878448486
121,True,0.05,0.008372321243877393,0.55933678150177,0.026099104434251785,0.0013049552217125893,0.5606417655944824,0.0005174352554604411,0.0003782520070672035,7.450580596923828e-09,5.960464477539062e-07,5.364418029785156e-07,0.7833333333333333,0.7117461473122194,0.6939484126984127,0.8931097782807688,0.7784279820410144,0.10021800547838211,0.10312964022159576,0.999948263168335,102.38894653320312,182.61105346679688,0.3592594563961029,0.6407405734062195
122,True,0.05,0.00834187163196355,0.5576544404029846,0.028343450278043747,0.001417172490619123,0.5590716004371643,0.0002257309533888474,0.00014669200754724443,7.450580596923828e-09,6.258487701416016e-07,6.332993507385254e-07,0.75,0.6497598587150826,0.6359126984126985,0.8818280257696531,0.7396879240162822,0.10069311410188675,0.10366210341453552,0.9997851848602295,103.64380645751953,181.356201171875,0.3636624813079834,0.6363375782966614
123,True,0.05,0.008311197024996417,0.5511955618858337,0.02254755049943924,0.0011273775016888976,0.5523229241371155,0.0002771104627754539,0.00018730395822785795,7.450580596923828e-09,5.885958671569824e-07,6.258487701416016e-07,0.7666666666666667,0.6629081512802443,0.6517857142857143,0.8580889051113108,0.7556495184402162,0.10117077827453613,0.1041952520608902,0.9994614720344543,105.39911651611328,179.6008758544922,0.3698214590549469,0.6301785111427307
124,True,0.05,0.008280299519544634,0.5610441565513611,0.034904032945632935,0.0017452016472816467,0.5627893805503845,5.1262180932099e-05,0.00016922074428293854,7.450580596923828e-09,6.258487701416016e-07,5.438923835754395e-07,0.7833333333333333,0.6802874985271593,0.6567460317460317,0.8481997071324902,0.7697608106515849,0.10163562744855881,0.10472393035888672,0.9998307228088379,105.48600769042969,179.5139923095703,0.370126336812973,0.6298736929893494
125,True,0.05,0.008249181227411657,0.5572256445884705,0.018123559653759003,0.000906177971046418,0.5581318140029907,0.00032668994390405715,3.8677499105688184e-05,7.450580596923828e-09,6.183981895446777e-07,4.917383193969727e-07,0.8166666666666667,0.7056217647766942,0.6775793650793651,0.8315646453912962,0.8024990971469845,0.10210634768009186,0.1052447110414505,0.9999456405639648,106.19141387939453,178.80859375,0.3726014494895935,0.6273986101150513
126,True,0.05,0.008217844275491416,0.5652668476104736,0.024963602423667908,0.0012481801677495241,0.5665150284767151,0.00016083201626315713,0.0002517077955417335,7.450580596923828e-09,6.631016731262207e-07,5.885958671569824e-07,0.8,0.6935574229691875,0.6726190476190476,0.8180143035685489,0.7858823529411765,0.10257415473461151,0.10577075183391571,0.9998692274093628,115.05783081054688,169.94216918945312,0.4037117063999176,0.5962883234024048
127,True,0.05,0.008186290805622951,0.5474231243133545,0.025030525401234627,0.0012515262933447957,0.5486746430397034,6.851263606222346e-05,8.045021968428046e-05,7.450580596923828e-09,5.587935447692871e-07,6.109476089477539e-07,0.7833333333333333,0.6814814814814815,0.6676587301587302,0.8299623812595511,0.768888888888889,0.10303471237421036,0.10629132390022278,0.9997830390930176,120.4510269165039,164.54898071289062,0.42263519763946533,0.5773648619651794
128,True,0.05,0.008154522974444009,0.567339301109314,0.03894936293363571,0.0019474681466817856,0.5692867636680603,0.0001831905246945098,0.00013464798394124955,7.450580596923828e-09,5.662441253662109e-07,6.183981895446777e-07,0.8,0.6935574229691875,0.6726190476190476,0.8746138775619908,0.7858823529411765,0.10347989946603775,0.1068066954612732,0.9999732971191406,122.5399169921875,162.4600830078125,0.4299646317958832,0.5700353980064392
129,True,0.05,0.008122542953243656,0.5544943809509277,0.027588792145252228,0.0013794396072626114,0.5558738112449646,0.00011692818952724338,0.00015675635950174183,7.450580596923828e-09,6.407499313354492e-07,6.332993507385254e-07,0.8333333333333334,0.7186159844054582,0.6879960317460317,0.8829091505978298,0.8190838206627682,0.10391082614660263,0.10732145607471466,0.9999986290931702,129.39761352539062,155.60240173339844,0.4540267288684845,0.5459733605384827
130,True,0.05,0.008090352927813856,0.5478640198707581,0.02486637607216835,0.0012433187803253531,0.5491073131561279,2.5191426175297238e-05,0.0003342549898661673,7.450580596923828e-09,6.407499313354492e-07,5.513429641723633e-07,0.8166666666666667,0.7011478760922794,0.6775793650793651,0.8822981100398554,0.8062863625131972,0.1043352335691452,0.10784003138542175,0.9999991655349731,140.119384765625,144.880615234375,0.49164697527885437,0.508353054523468
131,True,0.05,0.008057955098300092,0.6378896236419678,0.07182745635509491,0.003591372864320874,0.6414809823036194,0.0012425758177414536,0.0003236548218410462,7.450580596923828e-09,5.885958671569824e-07,5.587935447692871e-07,0.8333333333333334,0.7146187146187146,0.6934523809523809,0.898736870877201,0.8226440226440227,0.10474288463592529,0.10835151374340057,0.9999741911888123,139.32598876953125,145.67401123046875,0.48886314034461975,0.5111368894577026
132,True,0.05,0.008025351679050973,0.5664046406745911,0.02962709218263626,0.0014813545858487487,0.5678859949111938,6.764116551494226e-05,0.00042105495231226087,7.450580596923828e-09,6.48200511932373e-07,6.556510925292969e-07,0.8,0.6884048519629582,0.6726190476190476,0.8870429284639191,0.7889570018694839,0.10514786839485168,0.10887274146080017,0.9999778270721436,142.589111328125,142.410888671875,0.5003126859664917,0.4996873438358307
133,True,0.05,0.0079925448984669,0.5723598003387451,0.028324414044618607,0.001416220678947866,0.5737760066986084,0.00017354462761431932,0.00022788401111029088,7.450580596923828e-09,6.109476089477539e-07,6.034970283508301e-07,0.8,0.6884048519629582,0.6726190476190476,0.8844123643651945,0.7889570018694839,0.10555236786603928,0.10939043015241623,0.9998314380645752,144.94186401367188,140.0581512451172,0.5085679292678833,0.4914321303367615
134,True,0.05,0.007959536998847744,0.5813426971435547,0.0424930714070797,0.0021246536634862423,0.5834673643112183,0.00018326468125451356,9.22036706469953e-05,1.4901161193847656e-08,5.960464477539062e-07,5.21540641784668e-07,0.8,0.6880008880008881,0.6671626984126985,0.901326518956236,0.7894572094572095,0.10595627874135971,0.1099003329873085,0.9999887943267822,144.40147399902344,140.59852600097656,0.5066718459129333,0.49332818388938904
135,True,0.05,0.007926330236239594,0.5833321809768677,0.045442961156368256,0.0022721481509506702,0.5856043100357056,0.00024418014800176024,5.282679467200069e-06,7.450580596923828e-09,7.003545761108398e-07,6.183981895446777e-07,0.8166666666666667,0.7011478760922794,0.6775793650793651,0.8693043940685451,0.8062863625131972,0.1063673347234726,0.11040057241916656,0.9999996423721313,148.98147583007812,136.01852416992188,0.5227420330047607,0.47725799679756165
136,True,0.05,0.00789292688028057,0.5577596426010132,0.030234724283218384,0.0015117361908778548,0.5592713952064514,0.0005346811376512051,0.0002923760621342808,7.450580596923828e-09,5.364418029785156e-07,6.48200511932373e-07,0.8166666666666667,0.7011478760922794,0.6775793650793651,0.8569255882787722,0.8062863625131972,0.10679922997951508,0.11090920865535736,0.9999987483024597,149.37643432617188,135.62356567382812,0.5241278409957886,0.4758721590042114
137,True,0.05,0.00785932921404568,0.5911611318588257,0.035558633506298065,0.0017779316985979676,0.5929390788078308,6.395431410055608e-05,0.00048713001888245344,7.450580596923828e-09,5.662441253662109e-07,6.109476089477539e-07,0.8166666666666667,0.7011478760922794,0.6775793650793651,0.8848305236866558,0.8062863625131972,0.10722552239894867,0.11143121868371964,0.9999488592147827,142.32867431640625,142.67132568359375,0.4993988573551178,0.5006011724472046
138,True,0.05,0.007825539533890782,0.5575888156890869,0.03977171331644058,0.0019885858055204153,0.5595774054527283,0.0010782923782244325,0.0003316518559586257,7.450580596923828e-09,5.364418029785156e-07,5.885958671569824e-07,0.85,0.8095238095238094,0.8209325396825397,0.9200734352562182,0.8515873015873014,0.10769132524728775,0.1119234710931778,0.9969542622566223,130.36715698242188,154.63284301757812,0.45742863416671753,0.5425713658332825
139,True,0.05,0.007791560149295626,0.5783083438873291,0.05330290645360947,0.0026651453226804733,0.5809735059738159,0.0005986918695271015,0.0005431862664408982,7.450580596923828e-09,6.48200511932373e-07,6.034970283508301e-07,0.8,0.6885130373502467,0.6780753968253969,0.8837019734720206,0.7880902043692742,0.10817509144544601,0.11237287521362305,0.9998950958251953,113.81588745117188,171.1841278076172,0.3993540108203888,0.6006460785865784
140,True,0.05,0.007757393382706014,0.556151270866394,0.02301463857293129,0.0011507319286465645,0.5573019981384277,0.0008698126184754074,7.289352652151138e-05,7.450580596923828e-09,6.034970283508301e-07,6.631016731262207e-07,0.8166666666666667,0.7065139419183154,0.6884920634920636,0.8313746438746438,0.8017401365266691,0.10868793725967407,0.11281278729438782,0.9999719262123108,104.74415588378906,180.25584411621094,0.3675233721733093,0.6324766874313354
141,True,0.05,0.00772304156937506,0.5899823307991028,0.051443006843328476,0.0025721504352986813,0.59255450963974,1.2564927601488307e-05,0.00018745104898698628,7.450580596923828e-09,5.811452865600586e-07,6.034970283508301e-07,0.8333333333333334,0.719234360410831,0.6989087301587302,0.8330564002733815,0.8182352941176471,0.10918331146240234,0.11325960606336594,0.9999988079071045,91.62684631347656,193.37315368652344,0.32149770855903625,0.6785023212432861
142,True,0.05,0.00768850705720357,0.5587510466575623,0.037831395864486694,0.001891569816507399,0.5606426000595093,4.642841759050498e-06,0.00020942585251759738,7.450580596923828e-09,5.21540641784668e-07,6.258487701416016e-07,0.8666666666666667,0.7452380952380953,0.7197420634920636,0.8685466677801582,0.851547619047619,0.10966313630342484,0.11371421068906784,0.9999992847442627,78.13798522949219,206.8620147705078,0.27416837215423584,0.7258316278457642
143,True,0.05,0.00765379220657958,0.5651034116744995,0.043971773236989975,0.002198588801547885,0.5673019886016846,0.0007141117821447551,0.0001404348004143685,7.450580596923828e-09,5.960464477539062e-07,6.258487701416016e-07,0.85,0.7590700344431687,0.7465277777777777,0.8832370187028206,0.8480376961347109,0.11016450822353363,0.11417145282030106,0.9999992251396179,78.56005096435547,206.43994140625,0.2756493091583252,0.7243506908416748
144,True,0.05,0.007618899390217016,0.6042755842208862,0.07043106853961945,0.003521553473547101,0.6077971458435059,0.00010408906382508576,8.041984256124124e-05,1.4901161193847656e-08,5.885958671569824e-07,6.332993507385254e-07,0.85,0.7590700344431687,0.7465277777777777,0.9007149984449513,0.8480376961347109,0.11065487563610077,0.11461728811264038,0.9999983310699463,82.1316909790039,202.86831665039062,0.2881813645362854,0.7118186950683594
145,True,0.05,0.007583830992993526,0.556337833404541,0.0411706380546093,0.002058531856164336,0.5583963394165039,0.0006155563169158995,0.00026684088516049087,7.450580596923828e-09,5.960464477539062e-07,5.513429641723633e-07,0.8333333333333334,0.7120915032679739,0.6989087301587302,0.8861361166785695,0.8262908496732027,0.11116056144237518,0.11507400870323181,0.9999281764030457,88.40638732910156,196.59359741210938,0.3101978600025177,0.6898021101951599
146,True,0.05,0.007548589411787477,0.5890073776245117,0.060701820999383926,0.003035091096535325,0.5920424461364746,0.00023053948825690895,3.2062794161902275e-06,7.450580596923828e-09,6.780028343200684e-07,4.76837158203125e-07,0.8,0.6854256854256855,0.6780753968253969,0.8769053546471,0.7919191919191919,0.11166081577539444,0.1155238226056099,0.9998779892921448,95.62771606445312,189.37228393554688,0.33553585410118103,0.6644641757011414
147,True,0.05,0.007513177055314133,0.5622453093528748,0.03549553453922272,0.0017747767269611359,0.5640200972557068,8.338219049619511e-05,0.0007740672444924712,7.450580596923828e-09,6.034970283508301e-07,6.556510925292969e-07,0.85,0.7867257120988463,0.7782738095238094,0.8879432008854179,0.8514351320321469,0.11214836686849594,0.11601163446903229,0.9999778270721436,99.45062255859375,185.54937744140625,0.3489495515823364,0.6510504484176636
148,True,0.05,0.0074775963439610155,0.598881721496582,0.04990093782544136,0.0024950469378381968,0.6013767719268799,0.00034797596163116395,0.0006579876644536853,7.450580596923828e-09,5.662441253662109e-07,5.21540641784668e-07,0.8333333333333334,0.7458521870286576,0.7306547619047619,0.8836256009015443,0.8318250377073907,0.11260264366865158,0.11652828007936478,0.999950647354126,100.67193603515625,184.32806396484375,0.3532348573207855,0.6467651724815369
149,True,0.05,0.007441849709622487,0.5670042037963867,0.04156075417995453,0.0020780377089977264,0.5690822601318359,4.848432945436798e-05,0.0005632828688248992,7.450580596923828e-09,5.364418029785156e-07,5.587935447692871e-07,0.8,0.6856209150326796,0.6726190476190476,0.8833772850577096,0.7931045751633987,0.11304687708616257,0.11706534773111343,0.9998989105224609,99.10001373291016,185.89999389648438,0.34771934151649475,0.6522806882858276
150,True,0.05,0.007405939595533515,0.5564499497413635,0.03936678171157837,0.0019683390855789185,0.5584182739257812,0.0002566765178926289,0.0003460336884018034,7.450580596923828e-09,6.407499313354492e-07,5.140900611877441e-07,0.7833333333333333,0.6723514211886306,0.6676587301587302,0.888459270682148,0.774857881136951,0.1134924441576004,0.11760763078927994,0.9997256398200989,100.59971618652344,184.40028381347656,0.35298147797584534,0.647018551826477
151,True,0.05,0.007369868456102699,0.5735412836074829,0.04922041669487953,0.0024610208347439766,0.576002299785614,8.00251800683327e-05,3.341002593515441e-05,7.450580596923828e-09,5.960464477539062e-07,5.066394805908203e-07,0.8166666666666667,0.7601821090193184,0.7628968253968255,0.8985601880649051,0.8161806324597022,0.1139301136136055,0.11813552677631378,0.9992706179618835,103.86283874511719,181.13717651367188,0.3644310235977173,0.6355690360069275
152,True,0.05,0.0073336387567445056,0.6175832748413086,0.06843258440494537,0.003421629313379526,0.6210048794746399,0.00023605703609064221,0.00013826324720866978,7.450580596923828e-09,5.662441253662109e-07,6.034970283508301e-07,0.8166666666666667,0.7601821090193184,0.7628968253968255,0.8979423681664248,0.8161806324597022,0.11434964835643768,0.11865289509296417,0.9993171095848083,108.6783218383789,176.32167053222656,0.38132745027542114,0.6186725497245789
153,True,0.05,0.007297252973710758,0.5953869819641113,0.04602295160293579,0.002301147673279047,0.5976881384849548,0.0003539070603437722,8.194380643544719e-05,7.450580596923828e-09,5.513429641723633e-07,5.513429641723633e-07,0.8166666666666667,0.7600821942285357,0.7574404761904762,0.9078042688007311,0.8170606629143216,0.11477595567703247,0.11916045099496841,0.9996470212936401,117.76148986816406,167.23851013183594,0.41319823265075684,0.5868018269538879
154,True,0.05,0.007260713593921394,0.5865705609321594,0.051127851009368896,0.002556392690166831,0.5891269445419312,9.485706686973572e-05,0.00022813136456534266,7.450580596923828e-09,5.513429641723633e-07,5.587935447692871e-07,0.8333333333333334,0.7733044733044734,0.7678571428571428,0.8984637174495664,0.8341919191919193,0.11518867313861847,0.11966297030448914,0.9999372959136963,134.98794555664062,150.01205444335938,0.47364193201065063,0.5263580679893494
155,True,0.05,0.007224023114794484,0.6465478539466858,0.06343916058540344,0.003171958029270172,0.6497198343276978,3.423975795158185e-05,0.0004897582693956792,1.4901161193847656e-08,5.587935447692871e-07,6.183981895446777e-07,0.8333333333333334,0.7733044733044734,0.7678571428571428,0.8993621900461523,0.8341919191919193,0.11559128016233444,0.1201644316315651,0.9999557137489319,140.4642333984375,144.5357666015625,0.4928569793701172,0.5071430802345276
156,True,0.05,0.00718718404407554,0.606365442276001,0.04432595893740654,0.0022162979003041983,0.6085817217826843,0.0004070046707056463,0.00036053688381798565,1.4901161193847656e-08,6.258487701416016e-07,6.258487701416016e-07,0.8333333333333334,0.7733044733044734,0.7678571428571428,0.8903918626795986,0.8341919191919193,0.11600608378648758,0.12067422270774841,0.9999661445617676,120.4202880859375,164.5797119140625,0.42252734303474426,0.5774726867675781
157,True,0.05,0.0071501988996661115,0.5728031396865845,0.03889000415802002,0.0019445002544671297,0.574747622013092,0.0003286170831415802,0.0003330751205794513,7.450580596923828e-09,6.854534149169922e-07,6.258487701416016e-07,0.8,0.6856209150326796,0.6726190476190476,0.8935788726472689,0.7931045751633987,0.1164277195930481,0.12118959426879883,0.9999583959579468,112.60689544677734,172.3931121826172,0.39511191844940186,0.6048881411552429
158,True,0.05,0.007113070209451689,0.5533798336982727,0.026945844292640686,0.0013472922146320343,0.5547271370887756,0.0005980770220048726,0.00018861268472392112,7.450580596923828e-09,5.513429641723633e-07,6.48200511932373e-07,0.8,0.7470238095238094,0.7470238095238094,0.8955934166724261,0.8,0.11686877906322479,0.12170104682445526,0.999829888343811,117.20997619628906,167.79002380371094,0.4112630784511566,0.5887369513511658
159,True,0.05,0.007075800511128927,0.6079631447792053,0.05083417147397995,0.0025417085271328688,0.6105048656463623,0.0001779865997377783,0.00022552582959178835,7.450580596923828e-09,6.109476089477539e-07,5.364418029785156e-07,0.8,0.7470238095238094,0.7470238095238094,0.901316439936723,0.8,0.11730064451694489,0.12220286577939987,0.9998881220817566,115.3512191772461,169.64877319335938,0.4047411382198334,0.595258891582489
160,True,0.05,0.0070383923520322,0.5867602825164795,0.04395511373877525,0.0021977557335048914,0.5889580249786377,0.00016287487233057618,0.00033683323999866843,7.450580596923828e-09,5.364418029785156e-07,4.991888999938965e-07,0.85,0.8094017094017095,0.8154761904761904,0.9092270903886469,0.8522649572649573,0.11772866547107697,0.12271056324243546,0.9999380707740784,113.71516418457031,171.2848358154297,0.3990005850791931,0.6009994149208069
161,True,0.05,0.007000848288959491,0.5819868445396423,0.04490160569548607,0.0022450804244726896,0.5842319130897522,1.6753629097365774e-05,0.0004742863238789141,7.450580596923828e-09,4.842877388000488e-07,6.258487701416016e-07,0.8166666666666667,0.8022938111577075,0.8318452380952381,0.9038174766358728,0.8176817257593086,0.11814530938863754,0.12322138249874115,0.999693751335144,111.71083068847656,173.28915405273438,0.3919678330421448,0.6080321073532104
162,True,0.05,0.006963170887997639,0.5775659680366516,0.04259376600384712,0.0021296883933246136,0.5796956419944763,0.00044253087253309786,0.00010715095413615927,7.450580596923828e-09,6.109476089477539e-07,6.92903995513916e-07,0.8333333333333334,0.8152841781874041,0.8422619047619048,0.8898019400672702,0.8348118279569893,0.11857336014509201,0.12372280657291412,0.9998224377632141,108.65967559814453,176.34033203125,0.38126203417778015,0.6187379956245422
163,True,0.05,0.006925362724346952,0.552990734577179,0.023991093039512634,0.0011995546519756317,0.5541902780532837,0.0008067683083936572,1.9402648831601255e-05,7.450580596923828e-09,6.183981895446777e-07,6.48200511932373e-07,0.85,0.8380952380952381,0.8526785714285715,0.8900263182397617,0.8504761904761904,0.11902942508459091,0.12420783936977386,0.9999071955680847,100.96430206298828,184.03570556640625,0.35426071286201477,0.6457393169403076
164,True,0.05,0.006887426382145193,0.5460774898529053,0.021532662212848663,0.0010766331106424332,0.5471541285514832,0.0003127408563159406,0.00011788348638219759,7.450580596923828e-09,6.631016731262207e-07,5.811452865600586e-07,0.8333333333333334,0.8253063265816455,0.8422619047619048,0.8978447576619746,0.8336684171042761,0.11948592960834503,0.12468622624874115,0.999849259853363,95.29226684570312,189.70773315429688,0.3343588411808014,0.665641188621521
165,True,0.05,0.006849364454290958,0.5599597096443176,0.03217038884758949,0.001608519465662539,0.5615682005882263,0.00042365308036096394,2.8910892069688998e-05,7.450580596923828e-09,6.407499313354492e-07,5.811452865600586e-07,0.8,0.7341329966329967,0.7152777777777777,0.8635849104599105,0.7925252525252524,0.11993391811847687,0.1251518279314041,0.9988536834716797,89.07389831542969,195.9261016845703,0.3125399947166443,0.6874600052833557
166,True,0.05,0.006811179542266458,0.6439090967178345,0.09724865853786469,0.004862432833760977,0.6487715244293213,0.00023399843485094607,0.0003412621153984219,7.450580596923828e-09,6.183981895446777e-07,5.811452865600586e-07,0.7833333333333333,0.6810598171931043,0.6622023809523809,0.907471061215165,0.7695406687492768,0.12036468833684921,0.12560100853443146,0.9995317459106445,63.98186111450195,221.01812744140625,0.22449776530265808,0.7755022048950195
167,True,0.05,0.006772874255959703,0.6648781299591064,0.1067643091082573,0.005338215734809637,0.6702163219451904,0.0001161681066150777,0.001153371180407703,7.450580596923828e-09,6.034970283508301e-07,6.109476089477539e-07,0.8,0.692857142857143,0.6671626984126985,0.9271308487110375,0.7860714285714285,0.12078475952148438,0.12600655853748322,0.9999345541000366,75.47750854492188,209.52249145507812,0.26483336091041565,0.7351666688919067
168,True,0.05,0.006734451213486133,0.5902566909790039,0.04635748639702797,0.0023178744595497847,0.5925745368003845,0.00037070337566547096,0.0002477190864738077,7.450580596923828e-09,6.109476089477539e-07,5.662441253662109e-07,0.8333333333333334,0.8050595238095237,0.8050595238095237,0.9332794105789389,0.8333333333333334,0.12118663638830185,0.12640991806983948,0.9998955726623535,76.38613891601562,208.61386108398438,0.2680215537548065,0.7319784760475159
169,True,0.05,0.006695913041009662,0.6160433888435364,0.05859274044632912,0.002929636975750327,0.6189730167388916,0.00013335273251868784,0.0005734201404266059,7.450580596923828e-09,5.662441253662109e-07,5.960464477539062e-07,0.8333333333333334,0.8253063265816455,0.8422619047619048,0.9340379767856183,0.8336684171042761,0.12157969921827316,0.12679582834243774,0.9996728897094727,73.31045532226562,211.68954467773438,0.25722968578338623,0.7427703738212585
170,True,0.05,0.006657262372563185,0.6061201691627502,0.051716387271881104,0.0025858194567263126,0.608705997467041,0.000312359887175262,0.0001854442962212488,1.4901161193847656e-08,5.960464477539062e-07,5.066394805908203e-07,0.75,0.6503496503496504,0.6413690476190476,0.9285557700946852,0.7390442890442891,0.12197830528020859,0.12716515362262726,0.9997941255569458,62.91826629638672,222.08172607421875,0.2207658439874649,0.7792341709136963
171,True,0.05,0.006618501849868548,0.5945917963981628,0.06423698365688324,0.0032118491362780333,0.5978036522865295,7.868826287449338e-06,0.00032044685212895274,7.450580596923828e-09,6.183981895446777e-07,5.513429641723633e-07,0.7666666666666667,0.6686868686868687,0.6517857142857143,0.9324159145798298,0.7532323232323233,0.12236576527357101,0.1275438368320465,0.9998855590820312,59.636436462402344,225.3635711669922,0.20925065875053406,0.7907493710517883
172,True,0.05,0.006579634122155991,0.6000849008560181,0.08775943517684937,0.004387971945106983,0.6044728755950928,0.00022884724603500217,0.0003637376648839563,7.450580596923828e-09,5.960464477539062e-07,5.960464477539062e-07,0.8833333333333333,0.8758331099794514,0.8735119047619048,0.946299284005652,0.8832145090681676,0.12273653596639633,0.1279304027557373,0.999928891658783,67.72554016113281,217.27447509765625,0.23763348162174225,0.7623665928840637
173,True,0.05,0.006540661845983073,0.5518378019332886,0.03390898182988167,0.0016954491147771478,0.5535332560539246,0.0002701173652894795,0.0008847702411003411,1.4901161193847656e-08,6.407499313354492e-07,5.513429641723633e-07,0.8666666666666667,0.8630952380952381,0.8630952380952381,0.9569334295159767,0.8666666666666667,0.12311241030693054,0.12836351990699768,0.9998624324798584,74.79711151123047,210.202880859375,0.26244601607322693,0.7375539541244507
174,True,0.05,0.0065015876850531016,0.5963786840438843,0.0637257769703865,0.0031862889882177114,0.5995649695396423,7.846402149880305e-05,0.0005803597741760314,1.4901161193847656e-08,5.736947059631348e-07,6.109476089477539e-07,0.8666666666666667,0.8677035330261137,0.9002976190476191,0.956358325462099,0.8665994623655915,0.12347515672445297,0.12882015109062195,0.9993845820426941,85.6851577758789,199.31484985351562,0.3006496727466583,0.6993503570556641
175,True,0.05,0.006462414310033072,0.5976911783218384,0.061282530426979065,0.0030641264747828245,0.6007553339004517,0.0002582932938821614,0.0003786129818763584,1.4901161193847656e-08,6.780028343200684e-07,5.811452865600586e-07,0.85,0.8380952380952381,0.8526785714285715,0.9566603960766695,0.8504761904761904,0.12383731454610825,0.1292761117219925,0.9992985725402832,92.81468200683594,192.185302734375,0.32566556334495544,0.6743344068527222
176,True,0.05,0.0064231443983711325,0.6003459095954895,0.05066486820578575,0.002533243503421545,0.6028791666030884,0.00033683705260045826,0.0005192427197471261,1.4901161193847656e-08,5.960464477539062e-07,5.066394805908203e-07,0.85,0.8380952380952381,0.8526785714285715,0.9445449346687554,0.8504761904761904,0.12420357018709183,0.12974058091640472,0.9993487596511841,91.59439086914062,193.40560913085938,0.32138383388519287,0.6786161661148071
177,True,0.05,0.006383780634113578,0.5523665547370911,0.049607280641794205,0.0024803641717880964,0.5548469424247742,0.00034296666854061186,0.0006181639619171619,1.4901161193847656e-08,5.736947059631348e-07,5.960464477539062e-07,0.8333333333333334,0.7588148341376462,0.7306547619047619,0.9346898133749549,0.825855397591409,0.12457820773124695,0.13022641837596893,0.9998478889465332,84.55145263671875,200.44854736328125,0.2966717779636383,0.7033282518386841
178,True,0.05,0.006344325707721409,0.5558452606201172,0.04024168848991394,0.0020120844710618258,0.5578573346138,0.0002762135991360992,0.0003009806969203055,7.450580596923828e-09,6.258487701416016e-07,5.513429641723633e-07,0.8333333333333334,0.7588148341376462,0.7306547619047619,0.9324013959921978,0.825855397591409,0.12494989484548569,0.13070368766784668,0.9999468326568604,79.01301574707031,205.9869842529297,0.277238667011261,0.7227613925933838
179,True,0.05,0.006304782315886434,0.5908524990081787,0.05501999706029892,0.002750999992713332,0.5936034917831421,0.00015298773359972984,0.00031111674616113305,1.4901161193847656e-08,7.078051567077637e-07,4.172325134277344e-07,0.85,0.7716732542819499,0.7410714285714285,0.9394416511161793,0.8424044795783926,0.12530796229839325,0.13117368519306183,0.999967098236084,94.44721984863281,190.5527801513672,0.3313937485218048,0.6686062812805176
180,True,0.05,0.0062651531613469565,0.6224772930145264,0.061771512031555176,0.00308857555501163,0.6255658864974976,0.0006433428497985005,0.00023463407706003636,7.450580596923828e-09,5.811452865600586e-07,5.811452865600586e-07,0.8333333333333334,0.7806394147857563,0.7678571428571428,0.9469588598421145,0.8316371974908561,0.12563970685005188,0.13163508474826813,0.9999687075614929,99.63909912109375,185.36090087890625,0.3496108949184418,0.6503891348838806
181,True,0.05,0.00622544095270305,0.5624039173126221,0.03522041440010071,0.0017610207432880998,0.564164936542511,0.00027505357866175473,0.00019572074234019965,1.4901161193847656e-08,6.109476089477539e-07,5.066394805908203e-07,0.8333333333333334,0.7806394147857563,0.7678571428571428,0.9459826948034497,0.8316371974908561,0.12597917020320892,0.13209237158298492,0.9999697804450989,101.01912689208984,183.98086547851562,0.35445308685302734,0.6455469131469727
182,True,0.05,0.006185648404231421,0.5467929840087891,0.036380331963300705,0.001819016644731164,0.5486119985580444,0.0002437146322336048,0.00019810206140391529,7.450580596923828e-09,5.960464477539062e-07,4.917383193969727e-07,0.8,0.7657828282828283,0.7470238095238094,0.9423401491502906,0.7974747474747476,0.12632375955581665,0.13254579901695251,0.9999768733978271,104.76072692871094,180.23927307128906,0.3675815165042877,0.6324185132980347
183,True,0.05,0.0061457782356999025,0.5648597478866577,0.03733198344707489,0.0018665991956368089,0.5667263269424438,0.0005081037525087595,0.00027125520864501595,7.450580596923828e-09,6.556510925292969e-07,5.811452865600586e-07,0.7833333333333333,0.7212121212121213,0.6994047619047619,0.9426277011772295,0.7766666666666667,0.1266857087612152,0.1329997330904007,0.9999884963035583,107.51571655273438,177.48428344726562,0.3772481381893158,0.6227518916130066
184,True,0.05,0.006105833172181549,0.5336175560951233,0.019377417862415314,0.0009688708814792335,0.5345864295959473,0.0006061709718778729,0.00035121009568683803,7.450580596923828e-09,5.811452865600586e-07,5.21540641784668e-07,0.85,0.7716732542819499,0.7410714285714285,0.9437087960083245,0.8424044795783926,0.12706764042377472,0.1334584504365921,0.9999943971633911,108.87171173095703,176.1282958984375,0.3820060193538666,0.6179940104484558
185,True,0.05,0.006065815943868391,0.5348660349845886,0.022267399355769157,0.0011133699445053935,0.5359793901443481,0.00047068955609574914,0.00020730354299303144,1.4901161193847656e-08,5.662441253662109e-07,6.705522537231445e-07,0.8666666666666667,0.7847485847485848,0.7514880952380952,0.9401362035501185,0.859094239094239,0.12746062874794006,0.1339128017425537,0.9999963641166687,109.97136688232422,175.02862548828125,0.3858644664287567,0.6141355633735657
186,True,0.05,0.006025729285884828,0.5376079082489014,0.023500757291913033,0.0011750379344448447,0.5387829542160034,0.0004158217634540051,0.00015454688400495797,1.4901161193847656e-08,5.662441253662109e-07,5.21540641784668e-07,0.8666666666666667,0.7847485847485848,0.7514880952380952,0.9220054273120312,0.859094239094239,0.12785634398460388,0.1343580037355423,0.9999964833259583,106.49336242675781,178.5066375732422,0.3736609220504761,0.6263390779495239
187,True,0.05,0.005985575938100685,0.5453860759735107,0.022561555728316307,0.0011280778562650084,0.5465141534805298,0.00028050970286130905,0.0002577336272224784,7.450580596923828e-09,5.811452865600586e-07,5.960464477539062e-07,0.85,0.7716732542819499,0.7410714285714285,0.9145931483785258,0.8424044795783926,0.12825196981430054,0.13480256497859955,0.9999961853027344,106.90531921386719,178.09469604492188,0.3751063942909241,0.6248936653137207
188,True,0.05,0.005945358644943944,0.5245834589004517,0.01801246777176857,0.0009006233885884285,0.5254840850830078,0.00049407291226089,0.00028364805621095,7.450580596923828e-09,6.407499313354492e-07,5.21540641784668e-07,0.8166666666666667,0.7379565586700642,0.7202380952380952,0.9203902644350758,0.811421550782672,0.12865406274795532,0.13524533808231354,0.999994695186615,107.6953125,177.3046875,0.3778783082962036,0.6221217513084412
189,True,0.05,0.005905080155213171,0.5211889743804932,0.017213812097907066,0.0008606906048953533,0.5220496654510498,0.0005757950711995363,5.416089334175922e-05,7.450580596923828e-09,6.258487701416016e-07,5.513429641723633e-07,0.8333333333333334,0.8152841781874041,0.8422619047619048,0.9158246485781864,0.8348118279569893,0.12906897068023682,0.13567541539669037,0.9999834299087524,106.29995727539062,178.7000274658203,0.37298232316970825,0.6270176768302917
190,True,0.05,0.005864743221889634,0.5393253564834595,0.021128125488758087,0.0010564062977209687,0.5403817892074585,0.0002847491705324501,0.0002660474565345794,7.450580596923828e-09,6.109476089477539e-07,6.407499313354492e-07,0.85,0.8287266488753335,0.8581349206349206,0.9119798625989665,0.8514471343245648,0.12947694957256317,0.13610120117664337,0.999800443649292,106.22825622558594,178.77174377441406,0.37273073196411133,0.6272692680358887
191,True,0.05,0.005824350601949144,0.5570354461669922,0.04011641442775726,0.0020058208610862494,0.5590412616729736,0.0003694197803270072,0.00011238866136409342,1.4901161193847656e-08,5.811452865600586e-07,5.960464477539062e-07,0.8333333333333334,0.7963657581061933,0.810515873015873,0.9240046728254274,0.8343919313161623,0.12987779080867767,0.1365155428647995,0.9998865127563477,104.27235412597656,180.7276611328125,0.3658679127693176,0.6341321468353271
192,True,0.05,0.0057839050561736185,0.5589249134063721,0.03790367767214775,0.0018951839301735163,0.5608201026916504,5.945095381321153e-06,0.0001280495198443532,1.4901161193847656e-08,6.258487701416016e-07,4.76837158203125e-07,0.85,0.8293040293040294,0.8154761904761904,0.9393802770866451,0.8492307692307693,0.1302630454301834,0.13692355155944824,0.9999814033508301,101.75015258789062,183.24984741210938,0.3570180833339691,0.6429819464683533
193,True,0.05,0.005743409348962387,0.5215725898742676,0.017420947551727295,0.0008710473775863647,0.5224436521530151,0.0007622927660122514,5.490150215337053e-05,1.4901161193847656e-08,5.960464477539062e-07,5.364418029785156e-07,0.8833333333333333,0.8294314381270903,0.7991071428571428,0.9302750228457776,0.8800817539947975,0.13067026436328888,0.13731509447097778,0.9999837279319763,100.60340881347656,184.39659118652344,0.3529944121837616,0.6470056176185608
194,True,0.05,0.005702866248143243,0.5301836729049683,0.021630702540278435,0.0010815351270139217,0.5312651991844177,0.00019251913181506097,3.8771551771787927e-05,7.450580596923828e-09,6.109476089477539e-07,5.960464477539062e-07,0.8833333333333333,0.8294314381270903,0.7991071428571428,0.933251213321968,0.8800817539947975,0.13106657564640045,0.13769613206386566,0.9999834299087524,100.9872817993164,184.01271057128906,0.3543413579463959,0.6456586718559265
195,True,0.05,0.005662278524783272,0.5848439931869507,0.05847001075744629,0.0029235004913061857,0.587767481803894,0.0001484690874349326,0.00017114613729063421,7.450580596923828e-09,6.109476089477539e-07,5.066394805908203e-07,0.8833333333333333,0.8442950084741129,0.8363095238095237,0.9392103736148547,0.8840221967087639,0.13144323229789734,0.13806046545505524,0.9999780654907227,100.27104187011719,184.7289581298828,0.3518282175064087,0.6481717824935913
196,True,0.05,0.005621648952999453,0.5778353214263916,0.046603843569755554,0.002330192131921649,0.5801655054092407,0.0004540729569271207,1.2234393580001779e-05,7.450580596923828e-09,5.960464477539062e-07,5.662441253662109e-07,0.9,0.8773892773892774,0.8839285714285715,0.9397368224019168,0.9012587412587413,0.1317981630563736,0.13841500878334045,0.9999569654464722,98.40444946289062,186.59555053710938,0.3452787697315216,0.6547212600708008
197,True,0.05,0.005580980309769044,0.5506638288497925,0.02919832430779934,0.0014599162386730313,0.5521237254142761,0.00032463116804137826,0.00018178699247073382,1.4901161193847656e-08,6.556510925292969e-07,7.003545761108398e-07,0.85,0.828397212543554,0.8526785714285715,0.9264031195045345,0.8519599303135889,0.1321553885936737,0.1387702226638794,0.9997875690460205,95.31893920898438,189.68106079101562,0.33445242047309875,0.6655476093292236
198,True,0.05,0.005540275374739791,0.5432472229003906,0.03417166322469711,0.0017085832078009844,0.5449557900428772,3.1804211175767705e-05,0.0003445481415838003,1.4901161193847656e-08,6.556510925292969e-07,6.556510925292969e-07,0.8666666666666667,0.8419098822324629,0.8685515873015873,0.9300174679007226,0.8686827956989248,0.13250160217285156,0.13913124799728394,0.9987907409667969,91.78343200683594,193.21656799316406,0.3220471441745758,0.6779528856277466
199,True,0.05,0.0054995369300399315,0.5956871509552002,0.0682172104716301,0.003410860663279891,0.5990980267524719,0.00042852689512073994,0.00021718250354751945,7.450580596923828e-09,6.407499313354492e-07,5.364418029785156e-07,0.85,0.8095238095238094,0.8209325396825397,0.9257640016779168,0.8515873015873014,0.13282713294029236,0.1394880712032318,0.9997380971908569,85.15428161621094,199.84571838378906,0.2987869679927826,0.7012130618095398
200,True,0.05,0.005458767760088046,0.5837163925170898,0.06706908345222473,0.0033534541726112366,0.5870698690414429,0.00014604728494305164,4.111023372388445e-06,1.4901161193847656e-08,6.556510925292969e-07,5.662441253662109e-07,0.85,0.8034623629818388,0.7782738095238094,0.930871124856974,0.8467863932370666,0.13314208388328552,0.13983525335788727,0.9999396800994873,84.38678741455078,200.61322021484375,0.29609400033950806,0.7039060592651367
201,True,0.05,0.0054179706514027445,0.5472483038902283,0.03534911200404167,0.0017674556002020836,0.5490157604217529,9.512339602224529e-05,0.0004273411468602717,7.450580596923828e-09,6.556510925292969e-07,5.960464477539062e-07,0.85,0.8034623629818388,0.7782738095238094,0.928772529008378,0.8467863932370666,0.1334441751241684,0.14019712805747986,0.9999934434890747,88.66181945800781,196.33816528320312,0.31109410524368286,0.6889058351516724
202,True,0.05,0.005377148392412213,0.5273769497871399,0.023523729294538498,0.0011761864880099893,0.5285531282424927,0.00028869122616015375,0.0005601476295851171,1.4901161193847656e-08,5.811452865600586e-07,4.470348358154297e-07,0.8666666666666667,0.8163398692810458,0.7886904761904762,0.9285404115887607,0.8633660130718954,0.13375236093997955,0.1405789703130722,0.999991774559021,88.35108184814453,196.64892578125,0.3100038170814514,0.6899962425231934
203,True,0.05,0.005336303773263628,0.5380933880805969,0.027469446882605553,0.0013734723906964064,0.5394668579101562,0.00016867945669218898,0.0004570067976601422,7.450580596923828e-09,6.407499313354492e-07,5.960464477539062e-07,0.8666666666666667,0.8163398692810458,0.7886904761904762,0.9250377723255082,0.8633660130718954,0.13406023383140564,0.14097268879413605,0.999984622001648,86.73452758789062,198.26548767089844,0.3043316900730133,0.6956683993339539
204,True,0.05,0.005295439585632452,0.5303468704223633,0.028299961239099503,0.0014149980852380395,0.531761884689331,0.00030805086134932935,0.00023765527294017375,7.450580596923828e-09,5.811452865600586e-07,5.811452865600586e-07,0.85,0.7716732542819499,0.7410714285714285,0.9210086842751938,0.8424044795783926,0.1343740075826645,0.14136481285095215,0.9999778270721436,84.762451171875,200.23753356933594,0.29741212725639343,0.7025878429412842
205,True,0.05,0.005254558622531626,0.5609655976295471,0.042550332844257355,0.002127516781911254,0.5630931258201599,0.00036138875293545425,3.648194615379907e-05,7.450580596923828e-09,6.407499313354492e-07,5.21540641784668e-07,0.85,0.7936854190585533,0.7782738095238094,0.9175905167945263,0.848486414083429,0.13469518721103668,0.1417403221130371,0.9999723434448242,91.63384246826172,193.3661651611328,0.3215222656726837,0.6784777641296387
206,True,0.05,0.005213663678120677,0.5271411538124084,0.01930716075003147,0.0009653580491431057,0.5281065106391907,0.0004608154413290322,5.7901132095139474e-05,7.450580596923828e-09,5.066394805908203e-07,5.811452865600586e-07,0.8666666666666667,0.8310245310245311,0.8258928571428571,0.9224268263183357,0.867020202020202,0.1350271850824356,0.1420994997024536,0.9999750852584839,91.97069549560547,193.02931213378906,0.3227041959762573,0.6772958636283875
207,True,0.05,0.005172757547514729,0.5335674285888672,0.027402132749557495,0.0013701067073270679,0.5349375605583191,0.0005057420348748565,0.00034745546872727573,7.450580596923828e-09,5.811452865600586e-07,6.854534149169922e-07,0.9,0.8773892773892774,0.8839285714285715,0.9223918497208592,0.9012587412587413,0.13537056744098663,0.14246565103530884,0.9999781847000122,92.23405456542969,192.7659454345703,0.3236282765865326,0.6763717532157898
208,True,0.05,0.0051318430265934745,0.5434325933456421,0.029539281502366066,0.0014769640984013677,0.5449095368385315,0.00031417550053447485,0.00046383586595766246,7.450580596923828e-09,5.960464477539062e-07,5.066394805908203e-07,0.8833333333333333,0.8641025641025641,0.8735119047619048,0.9247152437010927,0.8842307692307693,0.13568685948848724,0.1428438276052475,0.999923586845398,91.18003845214844,193.81997680664062,0.31992995738983154,0.6800701022148132
209,True,0.05,0.005090922911810069,0.5595272779464722,0.03051057644188404,0.0015255288453772664,0.5610527992248535,0.00034046301152557135,6.259084329940379e-05,1.4901161193847656e-08,6.258487701416016e-07,4.6193599700927734e-07,0.8833333333333333,0.8641025641025641,0.8735119047619048,0.9227988501278596,0.8842307692307693,0.13600336015224457,0.14321006834506989,0.9997044801712036,90.15115356445312,194.84884643554688,0.31631985306739807,0.6836801767349243
210,True,0.05,0.005050000000000001,0.5396090745925903,0.03213037550449371,0.0016065187519416213,0.5412155985832214,0.00029856496257707477,0.000273149402346462,7.450580596923828e-09,6.556510925292969e-07,5.21540641784668e-07,0.8833333333333333,0.8641025641025641,0.8735119047619048,0.9257118667496026,0.8842307692307693,0.13631848990917206,0.14357294142246246,0.9998223781585693,87.5888442993164,197.41116333007812,0.30732929706573486,0.6926707625389099
211,True,0.05,0.005009077088189933,0.5260244607925415,0.018651790916919708,0.000932589580770582,0.5269570350646973,0.000600028142798692,0.00013736996334046125,7.450580596923828e-09,5.21540641784668e-07,5.513429641723633e-07,0.85,0.7936854190585533,0.7782738095238094,0.9167270207954171,0.848486414083429,0.13664959371089935,0.14392997324466705,0.9999208450317383,84.48200988769531,200.5179901123047,0.2964281141757965,0.7035719156265259
212,True,0.05,0.004968156973406526,0.518839955329895,0.01876096986234188,0.0009380485280416906,0.5197780132293701,0.0005903487326577306,7.757845014566556e-05,7.450580596923828e-09,5.21540641784668e-07,5.364418029785156e-07,0.8333333333333334,0.7509803921568627,0.7306547619047619,0.9121782632985463,0.8282352941176471,0.13699418306350708,0.14427833259105682,0.9999609589576721,81.46051025390625,203.53948974609375,0.28582635521888733,0.7141736745834351
213,True,0.05,0.0049272424524852716,0.5229575037956238,0.024146337062120438,0.0012073168763890862,0.5241647958755493,0.0004407486994750798,0.00015090283704921603,1.4901161193847656e-08,6.556510925292969e-07,6.407499313354492e-07,0.8333333333333334,0.7509803921568627,0.7306547619047619,0.9235283791592753,0.8282352941176471,0.13734398782253265,0.14462251961231232,0.9999833106994629,79.42778015136719,205.5722198486328,0.2786939740180969,0.7213060259819031
214,True,0.05,0.004886336321879326,0.5335156917572021,0.024280477315187454,0.0012140239123255014,0.5347297191619873,0.00039913359796628356,4.9751459300750867e-05,1.4901161193847656e-08,6.258487701416016e-07,5.662441253662109e-07,0.85,0.7716732542819499,0.7410714285714285,0.9267289478079572,0.8424044795783926,0.13769610226154327,0.1449522078037262,0.9999881386756897,78.03347778320312,206.96652221679688,0.27380168437957764,0.7261983156204224
215,True,0.05,0.004845441377468376,0.565071165561676,0.04208594933152199,0.002104297513142228,0.5671754479408264,0.0003714662161655724,6.873677193652838e-05,1.4901161193847656e-08,5.811452865600586e-07,5.811452865600586e-07,0.85,0.7716732542819499,0.7410714285714285,0.9278450192365287,0.8424044795783926,0.13804902136325836,0.14527484774589539,0.999990701675415,77.49274444580078,207.5072479248047,0.2719043791294098,0.7280956506729126
216,True,0.05,0.004804560414367551,0.523481011390686,0.02352847158908844,0.0011764236260205507,0.5246574282646179,0.0002509628247935325,0.00016588422295171767,1.4901161193847656e-08,6.258487701416016e-07,5.364418029785156e-07,0.85,0.7716732542819499,0.7410714285714285,0.9309756346902573,0.8424044795783926,0.1383948028087616,0.1455940306186676,0.9999933242797852,77.72557067871094,207.2744140625,0.2727213203907013,0.7272786498069763
217,True,0.05,0.004763696226736375,0.5328818559646606,0.021916991099715233,0.0010958495549857616,0.5339776873588562,0.0002585340989753604,0.00011243583139730617,7.450580596923828e-09,6.258487701416016e-07,6.407499313354492e-07,0.85,0.7716732542819499,0.7410714285714285,0.9309756346902573,0.8424044795783926,0.1387314796447754,0.14590629935264587,0.9999938607215881,78.7948226928711,206.20516967773438,0.2764730751514435,0.7235269546508789
218,True,0.05,0.0047228516075877875,0.5281825065612793,0.017741737887263298,0.0008870869060046971,0.5290696024894714,3.006152473972179e-05,2.415495146124158e-05,7.450580596923828e-09,6.854534149169922e-07,5.513429641723633e-07,0.8333333333333334,0.7509803921568627,0.7306547619047619,0.9277255708564671,0.8282352941176471,0.13905508816242218,0.1462102085351944,0.999993085861206,81.19934844970703,203.8006591796875,0.2849099934101105,0.7150900363922119
219,True,0.05,0.004682029348597257,0.5192347764968872,0.018764350563287735,0.0009382175630889833,0.5201730132102966,0.0002880458196159452,0.0005803319509141147,1.4901161193847656e-08,6.705522537231445e-07,5.662441253662109e-07,0.8333333333333334,0.7806394147857563,0.7678571428571428,0.9167756760622326,0.8316371974908561,0.13937775790691376,0.1465345323085785,0.999993085861206,81.81976318359375,203.18023681640625,0.2870869040489197,0.7129131555557251
220,True,0.05,0.004641232239911956,0.5318048000335693,0.020172927528619766,0.0010086464462801814,0.5328134298324585,0.00021849904442206025,0.0004113006289117038,1.4901161193847656e-08,6.258487701416016e-07,6.407499313354492e-07,0.8166666666666667,0.7677655677655678,0.7574404761904762,0.9167756760622326,0.814871794871795,0.139696404337883,0.14686822891235352,0.9999917149543762,81.89994049072266,203.1000518798828,0.28736820816993713,0.7126317620277405
221,True,0.05,0.00460046306996007,0.5167863965034485,0.01631566323339939,0.0008157831616699696,0.5176022052764893,0.0002365589316468686,0.00030749716097489,7.450580596923828e-09,6.854534149169922e-07,5.21540641784668e-07,0.8333333333333334,0.8050595238095237,0.8050595238095237,0.9164404286750986,0.8333333333333334,0.14001192152500153,0.14720477163791656,0.9999904632568359,80.02628326416016,204.97372436523438,0.2807939946651459,0.7192060947418213
222,True,0.05,0.00455972462526021,0.520408570766449,0.01578834280371666,0.0007894171285443008,0.5211979746818542,0.00028946538805030286,0.00018350935715716332,1.4901161193847656e-08,5.662441253662109e-07,5.960464477539062e-07,0.8333333333333334,0.8050595238095237,0.8050595238095237,0.9285213934388462,0.8333333333333334,0.1403265744447708,0.14753739535808563,0.9999902844429016,77.34791564941406,207.65206909179688,0.2713961899280548,0.7286037802696228
223,True,0.05,0.0045190196902309574,0.5519566535949707,0.031216036528348923,0.0015608018729835749,0.5535174608230591,0.00016331326332874596,0.00017885571287479252,7.450580596923828e-09,5.662441253662109e-07,6.407499313354492e-07,0.85,0.8380952380952381,0.8526785714285715,0.9198834937337296,0.8504761904761904,0.1406349390745163,0.1478482037782669,0.9999853372573853,74.15650177001953,210.843505859375,0.2601982653141022,0.7398017644882202
224,True,0.05,0.00447835104700055,0.5273902416229248,0.021980293095111847,0.0010990146547555923,0.5284892320632935,0.00023619622515980154,0.00021765338897239417,7.450580596923828e-09,5.960464477539062e-07,4.470348358154297e-07,0.8333333333333334,0.8253063265816455,0.8422619047619048,0.9184807101965121,0.8336684171042761,0.14094044268131256,0.14815889298915863,0.999980092048645,72.09673309326172,212.90325927734375,0.25297099351882935,0.7470290064811707
225,True,0.05,0.004437721475216731,0.5288487672805786,0.027156980708241463,0.0013578491052612662,0.5302066206932068,0.00032383573125116527,2.7297593987896107e-05,7.450580596923828e-09,6.556510925292969e-07,6.556510925292969e-07,0.8333333333333334,0.8253063265816455,0.8422619047619048,0.9174345919628939,0.8336684171042761,0.14124666154384613,0.14845983684062958,0.9999781250953674,72.48693084716797,212.51307678222656,0.25434011220932007,0.7456599473953247
226,True,0.05,0.00439713375185676,0.5248595476150513,0.021490231156349182,0.001074511557817459,0.5259340405464172,0.00023411368601955473,0.00016463131760247052,1.4901161193847656e-08,6.258487701416016e-07,5.21540641784668e-07,0.8333333333333334,0.8050595238095237,0.8050595238095237,0.9166555677463696,0.8333333333333334,0.14154592156410217,0.14875543117523193,0.9999842643737793,73.63581848144531,211.36419677734375,0.2583712935447693,0.7416287660598755
227,True,0.05,0.004356590651037616,0.5515681505203247,0.049921099096536636,0.002496055094525218,0.5540642142295837,3.6385074054123834e-05,0.00019895720470231026,1.4901161193847656e-08,6.109476089477539e-07,5.513429641723633e-07,0.8333333333333334,0.8050595238095237,0.8050595238095237,0.9197716646124666,0.8333333333333334,0.1418313980102539,0.14905069768428802,0.9999887943267822,75.19837951660156,209.80162048339844,0.2638539671897888,0.7361460328102112
228,True,0.05,0.004316094943826382,0.5176218152046204,0.01716243103146553,0.0008581215515732765,0.5184799432754517,0.00020867385319434106,0.00030850592884235084,7.450580596923828e-09,6.109476089477539e-07,6.109476089477539e-07,0.8333333333333334,0.8050595238095237,0.8050595238095237,0.9216667602575622,0.8333333333333334,0.14211423695087433,0.14935064315795898,0.9999915957450867,75.3355941772461,209.66439819335938,0.26433542370796204,0.7356645464897156
229,True,0.05,0.0042756493980508565,0.5278173685073853,0.02699209935963154,0.00134960503783077,0.5291669964790344,0.00014971938799135387,0.0001312129315920174,1.4901161193847656e-08,5.960464477539062e-07,4.6193599700927734e-07,0.8333333333333334,0.8050595238095237,0.8050595238095237,0.922480761071563,0.8333333333333334,0.142392098903656,0.14964596927165985,0.9999932050704956,75.90594482421875,209.09405517578125,0.2663366496562958,0.7336633801460266
230,True,0.05,0.0042352567781103675,0.5201444625854492,0.01967443898320198,0.0009837219258770347,0.5211281776428223,5.8836591051658615e-05,0.0001625969453016296,1.4901161193847656e-08,5.811452865600586e-07,4.76837158203125e-07,0.8166666666666667,0.7914410792459573,0.7891865079365079,0.9268383171685058,0.8166541588492807,0.1426616609096527,0.14993837475776672,0.9999955892562866,77.2345962524414,207.76541137695312,0.27099859714508057,0.7290014624595642
231,True,0.05,0.004194919844786831,0.5716348886489868,0.041164547204971313,0.002058227313682437,0.5736930966377258,0.0006023739115335047,0.00010867459059227258,1.1175870895385742e-08,6.407499313354492e-07,5.21540641784668e-07,0.8166666666666667,0.7914410792459573,0.7891865079365079,0.9352803959230845,0.8166541588492807,0.14289706945419312,0.15022538602352142,0.9999957084655762,80.21159362792969,204.78839111328125,0.2814441919326782,0.718555748462677
232,True,0.05,0.004154641355056057,0.549578070640564,0.03209605813026428,0.0016048029065132141,0.5511828660964966,9.953939297702163e-05,0.00037894051638431847,1.4901161193847656e-08,5.066394805908203e-07,5.960464477539062e-07,0.8166666666666667,0.7914410792459573,0.7891865079365079,0.9364314439491327,0.8166541588492807,0.1431298404932022,0.15051986277103424,0.9999939799308777,82.23404693603516,202.76596069335938,0.2885405123233795,0.7114595174789429
233,True,0.05,0.004114424061899316,0.5169854760169983,0.018186166882514954,0.0009093083790503442,0.5178948044776917,0.00043489912059158087,0.0002797554770950228,1.4901161193847656e-08,6.258487701416016e-07,4.470348358154297e-07,0.8,0.7787698412698413,0.7787698412698413,0.9350133019059905,0.8,0.14337307214736938,0.15081603825092316,0.9999915361404419,84.92503356933594,200.07496643066406,0.2979825735092163,0.7020174264907837
234,True,0.05,0.004074270714115174,0.524810791015625,0.0199778713285923,0.0009988936362788081,0.5258097052574158,0.00024194213619921356,0.0004111678572371602,1.4901161193847656e-08,6.109476089477539e-07,6.109476089477539e-07,0.8,0.7787698412698413,0.7787698412698413,0.9232911622357377,0.8,0.1436178833246231,0.1511194258928299,0.9999799728393555,86.85562133789062,198.14437866210938,0.3047565817832947,0.6952434778213501
235,True,0.05,0.004034184056131611,0.5435059070587158,0.034191571176052094,0.0017095785588026047,0.5452154874801636,0.00011752281716326252,0.0003188090049661696,1.4901161193847656e-08,5.960464477539062e-07,4.917383193969727e-07,0.7666666666666667,0.753735511800028,0.7579365079365079,0.9209890661836417,0.7666911045943304,0.14385518431663513,0.1514122486114502,0.9999831318855286,88.04273986816406,196.95724487304688,0.3089219033718109,0.6910780668258667
236,True,0.05,0.003994166827818454,0.5419945120811462,0.03046616166830063,0.0015233081066980958,0.5435178279876709,0.00021052001102361828,0.00030814806814305484,7.450580596923828e-09,6.109476089477539e-07,4.917383193969727e-07,0.8166666666666667,0.7922972806693737,0.7946428571428571,0.9250668095007718,0.816568229358927,0.14409273862838745,0.15170681476593018,0.9999732971191406,88.58118438720703,196.4188232421875,0.31081119179725647,0.6891888380050659
237,True,0.05,0.003954221764300101,0.5186783075332642,0.01715964451432228,0.0008579822606407106,0.5195363163948059,0.0007495824247598648,0.00030888995388522744,1.4901161193847656e-08,5.513429641723633e-07,5.811452865600586e-07,0.8,0.7787698412698413,0.7787698412698413,0.9258458337172959,0.8,0.14435072243213654,0.15200304985046387,0.9999712705612183,86.28038787841797,198.7196044921875,0.302738219499588,0.6972618103027344
238,True,0.05,0.003914351595768582,0.5237568616867065,0.016609685495495796,0.0008304842631332576,0.5245873332023621,0.0006913208635523915,0.00036359246587380767,1.4901161193847656e-08,5.513429641723633e-07,5.662441253662109e-07,0.8166666666666667,0.7914410792459573,0.7891865079365079,0.9257963385321876,0.8166541588492807,0.144624263048172,0.1523028463125229,0.999970555305481,83.41143798828125,201.58856201171875,0.29267171025276184,0.7073283195495605
239,True,0.05,0.0038745590472969507,0.5179821848869324,0.01760156825184822,0.000880078412592411,0.518862247467041,0.00034696486545726657,0.0001668822078499943,1.4901161193847656e-08,6.556510925292969e-07,5.364418029785156e-07,0.8166666666666667,0.7914410792459573,0.7891865079365079,0.9272349385851745,0.8166541588492807,0.1448986679315567,0.15259681642055511,0.9999610185623169,80.8432846069336,204.15672302246094,0.2836606502532959,0.7163394093513489
240,True,0.05,0.0038348468386530444,0.5209963917732239,0.017098935320973396,0.0008549467893317342,0.5218513607978821,0.000546152819879353,8.728099783184007e-05,1.4901161193847656e-08,5.364418029785156e-07,4.917383193969727e-07,0.8166666666666667,0.7670685036356678,0.751984126984127,0.9295720112347471,0.8150660160734787,0.14517517387866974,0.1528806984424591,0.9999551773071289,78.82881164550781,206.17120361328125,0.27659231424331665,0.7234077453613281
241,True,0.05,0.0037952176841135675,0.5164536237716675,0.016066541895270348,0.0008033271296881139,0.5172569751739502,0.0006247393321245909,6.335634679999202e-05,1.4901161193847656e-08,6.258487701416016e-07,4.917383193969727e-07,0.8333333333333334,0.7800402212166918,0.7624007936507936,0.9290805390451616,0.8318250377073907,0.14546160399913788,0.1531553715467453,0.9999533891677856,77.0703125,207.9296875,0.27042216062545776,0.7295778393745422
242,True,0.05,0.0037556742922785925,0.5127230882644653,0.01781395450234413,0.0008906977600418031,0.513613760471344,0.00042231674888171256,0.00012806832091882825,1.4901161193847656e-08,5.066394805908203e-07,5.662441253662109e-07,0.8333333333333334,0.7800402212166918,0.7624007936507936,0.9278450192365287,0.8318250377073907,0.14574919641017914,0.15342433750629425,0.999967098236084,75.16543579101562,209.83456420898438,0.26373836398124695,0.7362616658210754
243,True,0.05,0.003716219365886423,0.5146557092666626,0.020531266927719116,0.0010265633463859558,0.5156822800636292,0.00020278029842302203,0.0001588182640261948,1.1175870895385742e-08,6.109476089477539e-07,5.513429641723633e-07,0.8333333333333334,0.7800402212166918,0.7624007936507936,0.9254934279993243,0.8318250377073907,0.14602969586849213,0.15368929505348206,0.9999874830245972,73.4276351928711,211.57235717773438,0.2576408386230469,0.7423591613769531
244,True,0.05,0.0036768556016288706,0.521353006362915,0.01825638860464096,0.0009128194651566446,0.5222658514976501,0.00017035719065461308,0.0002494442160241306,1.4901161193847656e-08,5.662441253662109e-07,6.407499313354492e-07,0.8333333333333334,0.7800402212166918,0.7624007936507936,0.9251214041898005,0.8318250377073907,0.14629988372325897,0.15394975244998932,0.999993085861206,71.62518310546875,213.37481689453125,0.2513164281845093,0.7486835718154907
245,True,0.05,0.00363758568996693,0.5232337713241577,0.02202961966395378,0.0011014810297638178,0.5243352651596069,7.125642150640488e-05,0.00019147252896800637,1.4901161193847656e-08,5.513429641723633e-07,5.513429641723633e-07,0.8333333333333334,0.7800402212166918,0.7624007936507936,0.9221384343731042,0.8318250377073907,0.14655831456184387,0.1542036384344101,0.9999949932098389,70.005126953125,214.994873046875,0.24563202261924744,0.754368007183075
246,True,0.05,0.0035984123149469,0.5196794271469116,0.019417325034737587,0.0009708662400953472,0.5206502676010132,0.0002028942108154297,2.8644602934946306e-05,1.4901161193847656e-08,6.258487701416016e-07,5.513429641723633e-07,0.8,0.7245098039215687,0.7043650793650794,0.9181938181053747,0.7950490196078431,0.14681199193000793,0.15444640815258026,0.9999955892562866,70.38597106933594,214.614013671875,0.2469683289527893,0.7530316710472107
247,True,0.05,0.003559338154016929,0.5249800682067871,0.01660972647368908,0.0008304863586090505,0.5258105397224426,0.00022186925343703479,3.1890635909803677e-06,1.4901161193847656e-08,6.109476089477539e-07,5.960464477539062e-07,0.7833333333333333,0.7117461473122194,0.6939484126984127,0.9162637458628025,0.7784279820410144,0.14706182479858398,0.15468011796474457,0.9999957084655762,70.67935180664062,214.32064819335938,0.2479977309703827,0.7520022988319397
248,True,0.05,0.003520365877844012,0.5145655870437622,0.014437207020819187,0.0007218603859655559,0.515287458896637,0.00012008497287752107,1.9436798538663425e-05,1.4901161193847656e-08,5.960464477539062e-07,5.960464477539062e-07,0.8166666666666667,0.7381633870005962,0.7256944444444443,0.9156186886139716,0.8107125819916519,0.1473044455051422,0.1549048274755478,0.9999959468841553,71.46128845214844,213.5386962890625,0.2507413625717163,0.7492585778236389
249,True,0.05,0.0034814981501314545,0.522659957408905,0.027162443846464157,0.0013581222156062722,0.5240181088447571,0.00013258465332910419,6.490524538094178e-05,1.4901161193847656e-08,4.917383193969727e-07,5.21540641784668e-07,0.8,0.725378787878788,0.7152777777777777,0.9169591382150344,0.7939393939393941,0.14754082262516022,0.15512478351593018,0.9999964237213135,72.71578216552734,212.28421020507812,0.25514310598373413,0.7448568940162659
250,True,0.05,0.0034427376274368173,0.5153363347053528,0.015814505517482758,0.0007907252875156701,0.5161270499229431,0.0002957324031740427,0.0002876652870327234,1.4901161193847656e-08,5.811452865600586e-07,5.21540641784668e-07,0.7833333333333333,0.712403100775194,0.6994047619047619,0.9158080901889866,0.7780232558139536,0.14777693152427673,0.15534932911396027,0.9999970197677612,73.25735473632812,211.74264526367188,0.25704336166381836,0.7429566383361816
251,True,0.05,0.003404086958990339,0.5158538818359375,0.016427945345640182,0.0008213972905650735,0.5166752934455872,0.0003531451220624149,0.0002554907987359911,1.1175870895385742e-08,7.003545761108398e-07,6.258487701416016e-07,0.7833333333333333,0.712403100775194,0.6994047619047619,0.9170290914099878,0.7780232558139536,0.14801442623138428,0.15557631850242615,0.999997615814209,73.80140686035156,211.1986083984375,0.2589523196220398,0.741047739982605
252,True,0.05,0.003365548786513867,0.5126090049743652,0.0137639120221138,0.0006881956360302866,0.5132972002029419,0.0001231288624694571,0.00012938921281602234,1.4901161193847656e-08,5.960464477539062e-07,5.066394805908203e-07,0.7833333333333333,0.712403100775194,0.6994047619047619,0.9170990446049408,0.7780232558139536,0.1482452154159546,0.15580019354820251,0.9999979138374329,74.10713958740234,210.89285278320312,0.2600250542163849,0.7399749159812927
253,True,0.05,0.003327125744040297,0.521570086479187,0.019607309252023697,0.0009803654393181205,0.5225504636764526,5.736063485528575e-06,0.00020671739184763283,1.4901161193847656e-08,6.556510925292969e-07,5.811452865600586e-07,0.7833333333333333,0.712403100775194,0.6994047619047619,0.9174710684144647,0.7780232558139536,0.14846588671207428,0.1560240536928177,0.9999978542327881,75.07341003417969,209.92660522460938,0.26341548562049866,0.7365846037864685
254,True,0.05,0.0032888204577335442,0.5129256248474121,0.015981687232851982,0.0007990843732841313,0.513724684715271,0.00011966994497925043,0.0003849909990094602,1.4901161193847656e-08,6.556510925292969e-07,5.21540641784668e-07,0.7833333333333333,0.712403100775194,0.6994047619047619,0.9132243815321646,0.7780232558139536,0.14868110418319702,0.1562545895576477,0.9999974370002747,76.90199279785156,208.09799194335938,0.2698315680027008,0.7301684021949768
255,True,0.05,0.0032506355457090426,0.5117864012718201,0.015199083834886551,0.0007599542150273919,0.5125463604927063,3.953586201532744e-05,0.00031596183544024825,7.450580596923828e-09,5.960464477539062e-07,5.21540641784668e-07,0.8333333333333334,0.8055439184471442,0.810515873015873,0.9144599013407976,0.8329178885630498,0.14888860285282135,0.15648801624774933,0.9999969005584717,77.56905364990234,207.43093872070312,0.27217212319374084,0.7278278470039368
256,True,0.05,0.0032125736178548075,0.526320219039917,0.025155410170555115,0.0012577705783769488,0.5275779962539673,6.392274372046813e-05,0.0002092685754178092,1.4901161193847656e-08,6.705522537231445e-07,6.556510925292969e-07,0.8166666666666667,0.7833250538168571,0.8000992063492064,0.9144599013407976,0.8172089749958603,0.14908567070960999,0.1567196100950241,0.9999961853027344,78.10118103027344,206.8988037109375,0.27403923869132996,0.7259607315063477
257,True,0.05,0.0031746372756530482,0.5164382457733154,0.014334345236420631,0.0007167172734625638,0.5171549916267395,0.00021954097610432655,0.00032832074793986976,7.450580596923828e-09,5.960464477539062e-07,5.960464477539062e-07,0.8166666666666667,0.7833250538168571,0.8000992063492064,0.9139334525537356,0.8172089749958603,0.14928236603736877,0.15695378184318542,0.9999954700469971,78.05602264404297,206.9439697265625,0.2738807797431946,0.7261192202568054
258,True,0.05,0.0031368291120023616,0.5159144401550293,0.01650106906890869,0.0008250534883700311,0.5167394876480103,5.223000334808603e-05,0.00035884056705981493,1.4901161193847656e-08,5.513429641723633e-07,5.662441253662109e-07,0.8333333333333334,0.7963657581061933,0.810515873015873,0.9075032780811082,0.8343919313161623,0.14946983754634857,0.15719108283519745,0.9999938011169434,78.23919677734375,206.76080322265625,0.2745234966278076,0.7254765033721924
259,True,0.05,0.0030991517110405113,0.5118821859359741,0.015330037102103233,0.000766501878388226,0.5126487016677856,0.000194417720194906,0.00028430839302018285,1.4901161193847656e-08,6.258487701416016e-07,5.811452865600586e-07,0.8333333333333334,0.7963657581061933,0.810515873015873,0.8987573288870458,0.8343919313161623,0.14965668320655823,0.15742798149585724,0.9999920725822449,78.00341796875,206.99658203125,0.2736962139606476,0.7263038158416748
260,True,0.05,0.0030616076479678023,0.5388619899749756,0.026458095759153366,0.001322904834523797,0.5401849150657654,0.0002962665748782456,0.00010057937470264733,1.1175870895385742e-08,5.364418029785156e-07,5.960464477539062e-07,0.8166666666666667,0.7601821090193184,0.7628968253968255,0.8954518304459341,0.8161806324597022,0.1498458981513977,0.15765006840229034,0.999991238117218,76.1921157836914,208.80789184570312,0.267340749502182,0.7326592803001404
261,True,0.05,0.0030241994888710747,0.5148468613624573,0.014714350923895836,0.0007357175345532596,0.5155825614929199,0.00012336851796135306,0.0003252586757298559,1.4901161193847656e-08,6.407499313354492e-07,7.152557373046875e-07,0.8,0.7192531305903399,0.7152777777777777,0.8862221483094125,0.7964818127608825,0.15003161132335663,0.15787430107593536,0.9999902248382568,74.35188293457031,210.64810180664062,0.26088380813598633,0.7391161322593689
262,True,0.05,0.0029869297905483136,0.5120093822479248,0.018206188455224037,0.000910309434402734,0.5129196643829346,0.00046793115325272083,0.0003277421637903899,1.4901161193847656e-08,5.364418029785156e-07,5.066394805908203e-07,0.7833333333333333,0.6723514211886306,0.6676587301587302,0.885204227332765,0.774857881136951,0.1502244621515274,0.1581002026796341,0.9999903440475464,72.92723846435547,212.07275390625,0.2558850646018982,0.7441149353981018
263,True,0.05,0.00294980110033389,0.5173541307449341,0.02632431499660015,0.0013162157265469432,0.5186703205108643,2.896362275350839e-06,0.00034053606214001775,1.4901161193847656e-08,5.21540641784668e-07,6.258487701416016e-07,0.7833333333333333,0.6723514211886306,0.6676587301587302,0.88964031579008,0.774857881136951,0.15040917694568634,0.15832771360874176,0.9999920725822449,72.71171569824219,212.28826904296875,0.2551288306713104,0.7448711395263672
264,True,0.05,0.0029128159559244607,0.5171514749526978,0.022447817027568817,0.0011223908513784409,0.5182738900184631,9.347759623778984e-05,7.448838005075231e-05,1.4901161193847656e-08,5.960464477539062e-07,5.811452865600586e-07,0.7833333333333333,0.6723514211886306,0.6676587301587302,0.8825778028313405,0.774857881136951,0.15058933198451996,0.15854692459106445,0.9999943971633911,73.69442749023438,211.30557250976562,0.2585769295692444,0.7414230704307556
265,True,0.05,0.0028759768852055175,0.5284222364425659,0.029633905738592148,0.0014816953334957361,0.5299039483070374,0.0002951656933873892,5.9955847973469645e-05,1.4901161193847656e-08,5.662441253662109e-07,5.960464477539062e-07,0.7833333333333333,0.6723514211886306,0.6676587301587302,0.883082953690265,0.774857881136951,0.15077118575572968,0.15875381231307983,0.9999955892562866,73.87512969970703,211.1248779296875,0.2592109739780426,0.7407890558242798
266,True,0.05,0.002839286406078608,0.5103327631950378,0.01539491768926382,0.0007697459077462554,0.5111024975776672,0.00021311330783646554,0.00016968832642305642,1.4901161193847656e-08,5.811452865600586e-07,4.917383193969727e-07,0.7833333333333333,0.6723514211886306,0.6676587301587302,0.8844516005482986,0.774857881136951,0.15095187723636627,0.15895749628543854,0.9999964833259583,72.75422668457031,212.2457733154297,0.25527799129486084,0.7447220087051392
267,True,0.05,0.0028027470262892437,0.5368672609329224,0.03179755061864853,0.0015898775309324265,0.5384571552276611,0.00041224624146707356,0.00013522453082259744,1.4901161193847656e-08,5.960464477539062e-07,5.811452865600586e-07,0.7833333333333333,0.6723514211886306,0.6676587301587302,0.8855326953793935,0.774857881136951,0.15113702416419983,0.15914757549762726,0.9999969005584717,70.6882553100586,214.31175231933594,0.248028963804245,0.7519710659980774
268,True,0.05,0.002766361243255496,0.5124862194061279,0.01577635295689106,0.000788817647844553,0.5132750272750854,0.00028517484315671027,0.00019617406360339373,1.4901161193847656e-08,6.556510925292969e-07,5.066394805908203e-07,0.7833333333333333,0.6723514211886306,0.6676587301587302,0.8894073584521699,0.774857881136951,0.15132218599319458,0.15933668613433838,0.9999974370002747,68.60667419433594,216.39332580566406,0.24072517454624176,0.7592748403549194
269,True,0.05,0.002730131543897301,0.5113615989685059,0.01647184230387211,0.0008235921268351376,0.5121852159500122,0.0003883560129906982,0.0001324283075518906,1.4901161193847656e-08,5.811452865600586e-07,5.513429641723633e-07,0.7833333333333333,0.6723514211886306,0.6676587301587302,0.8990799774997887,0.774857881136951,0.15151001513004303,0.15952250361442566,0.9999979138374329,67.43912506103516,217.56088256835938,0.23662851750850677,0.7633715271949768
270,True,0.05,0.0026940604044664858,0.5194655656814575,0.018836911767721176,0.0009418455883860588,0.5204074382781982,0.0001335698616458103,0.00026511578471399844,1.4901161193847656e-08,5.662441253662109e-07,5.513429641723633e-07,0.7833333333333333,0.6723514211886306,0.6676587301587302,0.9019017429984411,0.774857881136951,0.15169279277324677,0.15970955789089203,0.9999985098838806,66.673583984375,218.326416015625,0.2339424043893814,0.7660576105117798
271,True,0.05,0.002658150290377515,0.5275943875312805,0.033484771847724915,0.0016742385923862457,0.5292686223983765,0.00011251887917751446,4.6821889554848894e-05,1.4901161193847656e-08,5.960464477539062e-07,5.066394805908203e-07,0.7833333333333333,0.6723514211886306,0.6676587301587302,0.9036491930065044,0.774857881136951,0.15187031030654907,0.15989026427268982,0.9999990463256836,66.81938171386719,218.1806182861328,0.2344539761543274,0.7655460238456726
272,True,0.05,0.0026224036560389846,0.5117499828338623,0.017087670043110847,0.0008543835137970746,0.5126043558120728,0.00034955175942741334,0.0002921966079156846,1.4901161193847656e-08,6.109476089477539e-07,4.76837158203125e-07,0.7833333333333333,0.6723514211886306,0.6676587301587302,0.9038036179840425,0.774857881136951,0.15204936265945435,0.16007304191589355,0.9999993443489075,67.39820861816406,217.601806640625,0.23648494482040405,0.7635151147842407
273,True,0.05,0.0025868229446858685,0.5094531774520874,0.014834052883088589,0.000741702679079026,0.5101948976516724,0.00038385068182833493,0.0001440808264305815,1.4901161193847656e-08,6.109476089477539e-07,5.513429641723633e-07,0.8,0.7192531305903399,0.7152777777777777,0.9039230663641041,0.7964818127608825,0.1522304117679596,0.1602526605129242,0.999999463558197,68.06076049804688,216.93923950195312,0.23880968987941742,0.7611903548240662
274,True,0.05,0.0025514105882125234,0.513664186000824,0.017300229519605637,0.0008650114759802818,0.5145291686058044,0.0005715371808037162,9.604598744772375e-05,1.4901161193847656e-08,6.556510925292969e-07,6.407499313354492e-07,0.8,0.7192531305903399,0.7152777777777777,0.9068360829858472,0.7964818127608825,0.1524178832769394,0.16042765974998474,0.9999996423721313,68.03592681884766,216.96408081054688,0.2387225478887558,0.7612774968147278
275,True,0.05,0.002516169007006475,0.5117621421813965,0.016761675477027893,0.000838083797134459,0.5126002430915833,0.00028834445402026176,0.00034802142181433737,1.4901161193847656e-08,6.109476089477539e-07,5.21540641784668e-07,0.8,0.7192531305903399,0.7152777777777777,0.9099666984395758,0.7964818127608825,0.15260328352451324,0.16060622036457062,0.9999997615814209,67.7839126586914,217.21609497070312,0.23783829808235168,0.7621617317199707
276,True,0.05,0.0024811006097829845,0.5237430334091187,0.026705345138907433,0.0013352673267945647,0.525078296661377,0.0003945587668567896,0.00026675392291508615,1.4901161193847656e-08,5.513429641723633e-07,5.662441253662109e-07,0.8,0.7192531305903399,0.7152777777777777,0.9170001742230515,0.7964818127608825,0.15278933942317963,0.16078507900238037,0.9999997615814209,67.80316162109375,217.19683837890625,0.2379058301448822,0.7620941996574402
277,True,0.05,0.002446207793420422,0.5118964314460754,0.015623933635652065,0.0007811966934241354,0.5126776099205017,0.00026077585062012076,5.9611225879052654e-05,1.4901161193847656e-08,5.960464477539062e-07,6.556510925292969e-07,0.8,0.7192531305903399,0.7152777777777777,0.9203483885087659,0.7964818127608825,0.1529722511768341,0.16095763444900513,0.9999998807907104,67.93083190917969,217.06918334960938,0.23835380375385284,0.7616462707519531
278,True,0.05,0.002411492942796432,0.5139034390449524,0.016711492091417313,0.0008355746394954622,0.5147390365600586,1.5155644177866634e-05,0.00021660664060618728,1.4901161193847656e-08,6.705522537231445e-07,5.960464477539062e-07,0.8,0.7192531305903399,0.7152777777777777,0.9196683546624583,0.7964818127608825,0.15314587950706482,0.16112910211086273,0.9999997019767761,68.84693908691406,216.153076171875,0.2415682077407837,0.7584318518638611
279,True,0.05,0.0023769584306249435,0.5108052492141724,0.015504777431488037,0.0007752389064989984,0.5115804672241211,0.0001783301413524896,0.00027620652690529823,1.4901161193847656e-08,6.109476089477539e-07,5.21540641784668e-07,0.8,0.7192531305903399,0.7152777777777777,0.9124123005314043,0.7964818127608825,0.15331518650054932,0.16130107641220093,0.9999996423721313,70.82659149169922,214.17340087890625,0.2485143542289734,0.7514856457710266
280,True,0.05,0.0023426066172939877,0.508803129196167,0.014422629959881306,0.0007211315096355975,0.5095242857933044,0.00018800358520820737,0.00017847442359197885,1.4901161193847656e-08,6.556510925292969e-07,4.76837158203125e-07,0.8,0.7192531305903399,0.7152777777777777,0.8998207254398292,0.7964818127608825,0.1534806489944458,0.16147038340568542,0.9999995231628418,73.21913146972656,211.7808837890625,0.25690925121307373,0.743090808391571
281,True,0.05,0.002308439850704377,0.5237530469894409,0.01989361271262169,0.0009946806821972132,0.5247477293014526,0.00021892738004680723,9.099776798393577e-05,1.1175870895385742e-08,6.407499313354492e-07,5.811452865600586e-07,0.7833333333333333,0.7062752062752063,0.704861111111111,0.8992251633761068,0.7793993043993043,0.15364322066307068,0.16163448989391327,0.9999992847442627,76.8404312133789,208.15956115722656,0.2696155607700348,0.7303844690322876
282,True,0.05,0.002274460466109219,0.5090497136116028,0.01409926638007164,0.0007049633422866464,0.5097546577453613,0.000376025156583637,0.00016390878590755165,1.4901161193847656e-08,5.960464477539062e-07,5.662441253662109e-07,0.7833333333333333,0.7062752062752063,0.704861111111111,0.8982080823177521,0.7793993043993043,0.15380676090717316,0.16179585456848145,0.9999989867210388,79.3037338256836,205.69625854492188,0.27825871109962463,0.721741259098053
283,True,0.05,0.0022406707859543205,0.5118560791015625,0.015373229049146175,0.0007686614408157766,0.5126247406005859,0.00038027536356821656,0.0002384334511589259,1.4901161193847656e-08,6.556510925292969e-07,4.917383193969727e-07,0.7833333333333333,0.7062752062752063,0.704861111111111,0.8974785532863363,0.7793993043993043,0.15397097170352936,0.16195665299892426,0.9999986290931702,80.14292907714844,204.85707092285156,0.2812032699584961,0.7187967300415039
284,True,0.05,0.002207073119719429,0.526775598526001,0.028119394555687904,0.0014059697277843952,0.5281815528869629,0.00036919189733453095,5.289023101795465e-05,1.4901161193847656e-08,6.854534149169922e-07,4.917383193969727e-07,0.8,0.7192531305903399,0.7152777777777777,0.8994436021263853,0.7964818127608825,0.15413521230220795,0.16210851073265076,0.9999986886978149,80.00984954833984,204.99014282226562,0.2807363271713257,0.7192636728286743
285,True,0.05,0.0021736697637604056,0.5212886929512024,0.019085031002759933,0.0009542515617795289,0.5222429633140564,0.0004017052997369319,6.396478056558408e-06,1.4901161193847656e-08,5.513429641723633e-07,5.662441253662109e-07,0.8,0.7192531305903399,0.7152777777777777,0.9007806620571951,0.7964818127608825,0.15429994463920593,0.1622539460659027,0.9999986886978149,79.54457092285156,205.4554443359375,0.27910375595092773,0.720896303653717
286,True,0.05,0.0021404630011522584,0.5161506533622742,0.01708570122718811,0.0008542850846424699,0.5170049667358398,0.00031678780214861035,0.00017219458823092282,1.4901161193847656e-08,6.705522537231445e-07,5.513429641723633e-07,0.8,0.7192531305903399,0.7152777777777777,0.9031493216339914,0.7964818127608825,0.15446288883686066,0.16239798069000244,0.9999991059303284,79.30361938476562,205.69638061523438,0.2782583236694336,0.7217416763305664
287,True,0.05,0.0021074551015331003,0.5093550682067871,0.015554102137684822,0.0007777051068842411,0.5101327896118164,0.00031015946296975017,0.0003681248053908348,1.4901161193847656e-08,5.960464477539062e-07,5.364418029785156e-07,0.8,0.7192531305903399,0.7152777777777777,0.9050921126392825,0.7964818127608825,0.1546238362789154,0.16254578530788422,0.9999991655349731,79.34532165527344,205.6546630859375,0.2784046530723572,0.7215953469276428
288,True,0.05,0.0020746483209490257,0.526429295539856,0.021934030577540398,0.001096701598726213,0.5275260210037231,1.8198881662101485e-05,0.00033066156902350485,1.4901161193847656e-08,6.705522537231445e-07,6.109476089477539e-07,0.8333333333333334,0.7592201080573173,0.736111111111111,0.9099266223381791,0.8254639417430115,0.1547754406929016,0.16269567608833313,0.9999992847442627,79.33395385742188,205.66604614257812,0.27836474776268005,0.7216352820396423
289,True,0.05,0.002042044901699908,0.5232501029968262,0.0225200317800045,0.001126001589000225,0.5243760943412781,0.00012925003829877824,0.00033391910255886614,1.4901161193847656e-08,6.556510925292969e-07,6.556510925292969e-07,0.85,0.7831308573412009,0.7465277777777777,0.9115196473687041,0.8409938678699526,0.15492184460163116,0.1628471463918686,0.9999992251396179,78.60885620117188,206.39114379882812,0.2758205533027649,0.7241794466972351
290,True,0.05,0.0020096470721861445,0.5098254680633545,0.014743863604962826,0.0007371932151727378,0.5105626583099365,0.00019389645603951067,0.000180642498889938,1.4901161193847656e-08,6.109476089477539e-07,5.811452865600586e-07,0.85,0.7831308573412009,0.7465277777777777,0.9095545985286552,0.8409938678699526,0.15506483614444733,0.16299578547477722,0.9999991655349731,76.96231079101562,208.03768920898438,0.27004319429397583,0.7299568057060242
291,True,0.05,0.0019774570467563477,0.5094654560089111,0.0162774920463562,0.0008138745906762779,0.5102793574333191,0.00010501580982236192,0.00034323587897233665,1.4901161193847656e-08,5.811452865600586e-07,5.21540641784668e-07,0.85,0.7831308573412009,0.7465277777777777,0.9098071739581174,0.8409938678699526,0.15520267188549042,0.16314579546451569,0.9999991655349731,77.17803955078125,207.82196044921875,0.2708001434803009,0.7291998863220215
292,True,0.05,0.001945477025555992,0.5099565386772156,0.015367826446890831,0.0007683913572691381,0.5107249021530151,0.0003949191886931658,1.503901876276359e-05,1.4901161193847656e-08,6.854534149169922e-07,7.152557373046875e-07,0.85,0.7831308573412009,0.7465277777777777,0.9114001989886423,0.8409938678699526,0.15534180402755737,0.16328775882720947,0.9999992251396179,78.29571533203125,206.70428466796875,0.27472180128097534,0.7252781987190247
293,True,0.05,0.0019137091943770502,0.5365751385688782,0.03780634328722954,0.0018903171876445413,0.5384654402732849,1.2878595043730456e-05,0.0001349294325336814,1.4901161193847656e-08,5.662441253662109e-07,4.917383193969727e-07,0.8333333333333334,0.7592201080573173,0.736111111111111,0.9135196728062294,0.8254639417430115,0.15547394752502441,0.1634194552898407,0.9999991059303284,80.19808959960938,204.80189514160156,0.2813968062400818,0.7186031341552734
294,True,0.05,0.0018821557245085828,0.5127161741256714,0.014126966707408428,0.0007063483353704214,0.5134225487709045,0.00016992144810501486,0.0003016071568708867,1.4901161193847656e-08,5.513429641723633e-07,5.662441253662109e-07,0.8166666666666667,0.7381633870005962,0.7256944444444443,0.9198158803111633,0.8107125819916519,0.15560290217399597,0.16355253756046295,0.9999986886978149,80.17384338378906,204.826171875,0.2813117504119873,0.7186883091926575
295,True,0.05,0.0018508187725883422,0.5103779435157776,0.013942427933216095,0.0006971214315854013,0.5110750794410706,0.000199280766537413,0.0002753667358774692,1.4901161193847656e-08,6.109476089477539e-07,6.258487701416016e-07,0.8333333333333334,0.780951848539058,0.7733134920634921,0.9263996398430362,0.8310971973762672,0.15572942793369293,0.16368596255779266,0.9999978542327881,79.52377319335938,205.47622680664062,0.27903079986572266,0.7209692597389221
296,True,0.05,0.0018197004804553652,0.5106825232505798,0.015345077961683273,0.000767253921367228,0.5114497542381287,0.0003743741544894874,0.0002586918417364359,1.4901161193847656e-08,7.003545761108398e-07,5.21540641784668e-07,0.8166666666666667,0.7601821090193184,0.7628968253968255,0.9289406326552552,0.8161806324597022,0.15585705637931824,0.16381901502609253,0.999996542930603,78.98054504394531,206.0194549560547,0.2771247327327728,0.7228752970695496
297,True,0.05,0.0017888029750035847,0.5126177072525024,0.015347695909440517,0.0007673848303966224,0.5133851170539856,0.00041544329724274576,0.00034021734609268606,1.4901161193847656e-08,5.513429641723633e-07,5.960464477539062e-07,0.8166666666666667,0.7601821090193184,0.7628968253968255,0.9262519942060036,0.8161806324597022,0.15598616003990173,0.16395334899425507,0.9999947547912598,78.15519714355469,206.84478759765625,0.2742287814617157,0.7257711887359619
298,True,0.05,0.0017581283680364525,0.5081524848937988,0.015025279484689236,0.000751263985875994,0.5089037418365479,0.00019246003648731858,0.00020121103443671018,1.4901161193847656e-08,6.556510925292969e-07,5.811452865600586e-07,0.8166666666666667,0.7601821090193184,0.7628968253968255,0.9194361172545135,0.8161806324597022,0.15611204504966736,0.16408537328243256,0.9999922513961792,77.34647369384766,207.6535186767578,0.2713911533355713,0.7286088466644287
299,True,0.05,0.0017276787561226095,0.5166789889335632,0.014031218364834785,0.0007015609298832715,0.5173805356025696,0.0003278088988736272,0.0003360490663908422,1.4901161193847656e-08,6.109476089477539e-07,5.811452865600586e-07,0.8166666666666667,0.7601821090193184,0.7628968253968255,0.9194045303272897,0.8161806324597022,0.1562374234199524,0.16421814262866974,0.9999896287918091,76.5087661743164,208.49124145507812,0.2684518098831177,0.7315482497215271
300,True,0.05,0.0016974562204525828,0.5239795446395874,0.02032339572906494,0.001016169786453247,0.5249956846237183,0.0003142446221318096,2.7494037567521445e-05,1.4901161193847656e-08,7.003545761108398e-07,4.470348358154297e-07,0.8166666666666667,0.7601821090193184,0.7628968253968255,0.9197449672095898,0.8161806324597022,0.15636183321475983,0.1643444448709488,0.999985933303833,76.21218872070312,208.78781127929688,0.2674112021923065,0.7325888276100159
301,True,0.05,0.0016674628266965387,0.5154205560684204,0.015190884470939636,0.0007595442584715784,0.5161800980567932,0.000325014436384663,0.0005711914272978902,1.4901161193847656e-08,5.811452865600586e-07,5.513429641723633e-07,0.8333333333333334,0.7963657581061933,0.810515873015873,0.9226579838313329,0.8343919313161623,0.15648534893989563,0.16447661817073822,0.9999829530715942,75.53777313232422,209.46221923828125,0.26504483819007874,0.7349551916122437
302,True,0.05,0.0016377006248631,0.5118244886398315,0.01563674584031105,0.0007818373269401491,0.5126063227653503,0.0002354152238694951,0.0005328339757397771,1.4901161193847656e-08,6.109476089477539e-07,6.407499313354492e-07,0.8333333333333334,0.7963657581061933,0.810515873015873,0.9234020314503804,0.8343919313161623,0.15660619735717773,0.1646127998828888,0.9999825954437256,74.82682800292969,210.1731719970703,0.2625502645969391,0.7374497652053833
303,True,0.05,0.001608171649159226,0.5224562883377075,0.027453649789094925,0.0013726825127378106,0.5238289833068848,0.00013510414282791317,0.000280191219644621,1.4901161193847656e-08,6.109476089477539e-07,5.21540641784668e-07,0.8333333333333334,0.7963657581061933,0.810515873015873,0.922553054038903,0.8343919313161623,0.15672270953655243,0.16474689543247223,0.9999831914901733,74.69496154785156,210.30503845214844,0.2620875835418701,0.7379124164581299
304,True,0.05,0.0015788779178511816,0.5148528218269348,0.015132096596062183,0.0007566048298031092,0.5156094431877136,7.969736179802567e-05,0.00031075000879354775,1.4901161193847656e-08,6.705522537231445e-07,4.917383193969727e-07,0.8333333333333334,0.7963657581061933,0.810515873015873,0.9240761258744749,0.8343919313161623,0.15683422982692719,0.16487950086593628,0.9999845623970032,74.75784301757812,210.24215698242188,0.2623082399368286,0.7376918196678162
305,True,0.05,0.0015498214331265902,0.5098171234130859,0.013788720592856407,0.0006894360412843525,0.5105065703392029,0.00016373956168536097,0.00018517808348406106,1.4901161193847656e-08,6.109476089477539e-07,6.109476089477539e-07,0.8333333333333334,0.7963657581061933,0.810515873015873,0.9261256464971087,0.8343919313161623,0.15694259107112885,0.16500800848007202,0.9999861717224121,74.93544006347656,210.06454467773438,0.26293137669563293,0.7370685935020447
306,True,0.05,0.001521004180957585,0.5068120360374451,0.013355209492146969,0.0006677604978904128,0.5074797868728638,0.00020403513917699456,6.576762825716287e-05,1.4901161193847656e-08,6.258487701416016e-07,5.066394805908203e-07,0.8333333333333334,0.7963657581061933,0.810515873015873,0.9268696941161564,0.8343919313161623,0.15704865753650665,0.16513024270534515,0.999987781047821,75.33412170410156,209.66586303710938,0.26433026790618896,0.735669732093811
307,True,0.05,0.001492428130965072,0.5079761743545532,0.014755654148757458,0.0007377827423624694,0.508713960647583,0.00019302727014292032,0.00023673796385992318,1.4901161193847656e-08,5.811452865600586e-07,5.21540641784668e-07,0.8333333333333334,0.7963657581061933,0.810515873015873,0.9269046707136329,0.8343919313161623,0.15715231001377106,0.16525015234947205,0.9999894499778748,75.65174865722656,209.34825134277344,0.26544472575187683,0.7345553040504456
308,True,0.05,0.0014640952362841098,0.5337797403335571,0.021495109423995018,0.0010747554479166865,0.5348544716835022,6.243458483368158e-05,6.083979315008037e-05,1.4901161193847656e-08,6.854534149169922e-07,5.811452865600586e-07,0.8333333333333334,0.7963657581061933,0.810515873015873,0.9278031433102187,0.8343919313161623,0.1572515070438385,0.1653643399477005,0.9999901056289673,75.43296813964844,209.5670166015625,0.2646770775318146,0.735322892665863
309,True,0.05,0.0014360074334304135,0.5125274658203125,0.015506927855312824,0.0007753464160487056,0.5133028030395508,0.0001440770283807069,0.0003169624542351812,1.4901161193847656e-08,5.21540641784668e-07,4.76837158203125e-07,0.8333333333333334,0.7963657581061933,0.810515873015873,0.9270590956911713,0.8343919313161623,0.1573479026556015,0.16547814011573792,0.9999911785125732,75.26304626464844,209.7369384765625,0.26408088207244873,0.7359191179275513
310,True,0.05,0.0014081666421679989,0.5089640021324158,0.013515218161046505,0.0006757609080523252,0.5096397399902344,0.0002205104974564165,4.941104998579249e-05,1.1175870895385742e-08,6.109476089477539e-07,5.811452865600586e-07,0.8333333333333334,0.7963657581061933,0.810515873015873,0.926434496452185,0.8343919313161623,0.1574428528547287,0.16558638215065002,0.999991774559021,75.11663818359375,209.88336181640625,0.26356714963912964,0.7364328503608704
311,True,0.05,0.0013805747653779662,0.5102066397666931,0.014936627820134163,0.0007468314142897725,0.5109534859657288,0.00028743184520862997,0.000146980193676427,1.4901161193847656e-08,5.960464477539062e-07,5.513429641723633e-07,0.8333333333333334,0.7963657581061933,0.810515873015873,0.9268065202617088,0.8343919313161623,0.15753735601902008,0.1656913161277771,0.9999924898147583,75.18501281738281,209.8149871826172,0.2638070583343506,0.7361929416656494
312,True,0.05,0.00135323368892844,0.5088396668434143,0.014150084927678108,0.000707504281308502,0.5095471739768982,9.16021890589036e-05,0.00027339067310094833,1.4901161193847656e-08,6.109476089477539e-07,4.917383193969727e-07,0.8166666666666667,0.7830687830687829,0.7946428571428571,0.9248269528340284,0.8179894179894179,0.15762828290462494,0.16579538583755493,0.9999932050704956,74.93515014648438,210.06484985351562,0.26293036341667175,0.7370696663856506
313,True,0.05,0.001326145281545679,0.5088204741477966,0.0143739627674222,0.00071869813837111,0.5095391869544983,0.00018046650802716613,0.00018333925982005894,1.4901161193847656e-08,5.662441253662109e-07,5.364418029785156e-07,0.8166666666666667,0.7830687830687829,0.7946428571428571,0.9248269528340284,0.8179894179894179,0.15771721303462982,0.16589690744876862,0.9999935626983643,74.49752807617188,210.50247192382812,0.26139482855796814,0.7386052012443542
314,True,0.05,0.0012993113946863431,0.5206587314605713,0.01965906098484993,0.0009829531190916896,0.5216416716575623,3.243824903620407e-05,0.00018671755969990045,1.4901161193847656e-08,6.556510925292969e-07,6.705522537231445e-07,0.8166666666666667,0.7830687830687829,0.7946428571428571,0.9231844326183949,0.8179894179894179,0.1578010618686676,0.1659960001707077,0.9999939203262329,74.25068664550781,210.7493133544922,0.2605287432670593,0.7394713163375854
315,True,0.05,0.0012727338624109576,0.5070208311080933,0.013537906110286713,0.0006768953171558678,0.5076977014541626,0.0002549914352130145,7.764384645270184e-05,1.4901161193847656e-08,6.258487701416016e-07,5.513429641723633e-07,0.8333333333333334,0.8050595238095237,0.8050595238095237,0.9231844326183949,0.8333333333333334,0.15788443386554718,0.1660882532596588,0.9999939799308777,74.21351623535156,210.78648376464844,0.2603982985019684,0.739601731300354
316,True,0.05,0.0012464145012585474,0.5090640783309937,0.014703722670674324,0.0007351861568167806,0.5097992420196533,0.0004063295782543719,1.8748942238744348e-05,1.4901161193847656e-08,5.513429641723633e-07,6.556510925292969e-07,0.8333333333333334,0.8050595238095237,0.8050595238095237,0.9239284802374425,0.8333333333333334,0.15796934068202972,0.1661759465932846,0.9999940395355225,74.17582702636719,210.82418823242188,0.2602660655975342,0.7397339940071106
317,True,0.05,0.0012203551101224882,0.5090177655220032,0.015000555664300919,0.0007500277715735137,0.5097677707672119,0.0005332732107490301,5.604673333436949e-06,1.4901161193847656e-08,6.407499313354492e-07,4.6193599700927734e-07,0.8333333333333334,0.8050595238095237,0.8050595238095237,0.9235564564279187,0.8333333333333334,0.1580570638179779,0.1662592738866806,0.999994158744812,74.25284576416016,210.74716186523438,0.2605363130569458,0.739463746547699
318,True,0.05,0.001194557470127544,0.5093142986297607,0.015093615278601646,0.0007546807755716145,0.510068953037262,0.00044892169535160065,0.00016739944112487137,1.4901161193847656e-08,5.513429641723633e-07,5.960464477539062e-07,0.8333333333333334,0.8050595238095237,0.8050595238095237,0.9235564564279187,0.8333333333333334,0.15814585983753204,0.16634120047092438,0.9999943375587463,74.18846893310547,210.81153869628906,0.26031041145324707,0.7396896481513977
319,True,0.05,0.001169023344508143,0.509680449962616,0.014649654738605022,0.0007324827602133155,0.5104129314422607,0.0004630538751371205,1.969939512491692e-05,1.4901161193847656e-08,5.811452865600586e-07,5.513429641723633e-07,0.8333333333333334,0.8050595238095237,0.8050595238095237,0.9231844326183949,0.8333333333333334,0.15823552012443542,0.1664193719625473,0.9999944567680359,74.2313461303711,210.76864624023438,0.26046088337898254,0.7395391464233398
320,True,0.05,0.0011437544784878525,0.5111889839172363,0.015537120401859283,0.0007768560317344964,0.511965811252594,0.00019322335720062256,0.0003129873948637396,1.4901161193847656e-08,5.662441253662109e-07,6.556510925292969e-07,0.8166666666666667,0.7677655677655678,0.7574404761904762,0.922812408808871,0.814871794871795,0.15832222998142242,0.16649861633777618,0.9999945163726807,74.09207916259766,210.90792846679688,0.2599722146987915,0.7400278449058533
321,True,0.05,0.0011187525991600985,0.5075862407684326,0.015288639813661575,0.0007644320139661431,0.508350670337677,0.0003341217234265059,0.00014428609574679285,1.4901161193847656e-08,6.407499313354492e-07,5.513429641723633e-07,0.8,0.755031305903399,0.7470238095238094,0.922812408808871,0.7981514609421586,0.15840792655944824,0.16657604277133942,0.9999947547912598,74.0169677734375,210.9830322265625,0.2597086727619171,0.7402913570404053
322,True,0.05,0.001094019415370123,0.5099005699157715,0.015478752553462982,0.0007739376160316169,0.5106745362281799,0.00028498738538473845,0.00028620605007745326,1.4901161193847656e-08,5.960464477539062e-07,5.066394805908203e-07,0.8,0.755031305903399,0.7470238095238094,0.9220333845923468,0.7981514609421586,0.15849189460277557,0.16665376722812653,0.9999949336051941,73.85209655761719,211.14791870117188,0.25913017988204956,0.7408698797225952
323,True,0.05,0.0010695566175981828,0.5083656311035156,0.013533037155866623,0.0006766518927179277,0.5090422630310059,0.00041906710248440504,1.2246936194060254e-06,1.4901161193847656e-08,5.662441253662109e-07,6.407499313354492e-07,0.8,0.755031305903399,0.7470238095238094,0.9220333845923468,0.7981514609421586,0.15857578814029694,0.16672740876674652,0.999995231628418,73.83334350585938,211.16664123535156,0.25906437635421753,0.7409356236457825
324,True,0.05,0.0010453658778440107,0.5082659125328064,0.014523297548294067,0.0007261649006977677,0.508992075920105,0.0003756673540920019,8.650437848700676e-06,1.4901161193847656e-08,6.705522537231445e-07,6.556510925292969e-07,0.8,0.755031305903399,0.7470238095238094,0.9220333845923468,0.7981514609421586,0.15865886211395264,0.1667974293231964,0.9999954700469971,73.87820434570312,211.12179565429688,0.25922176241874695,0.7407782673835754
325,True,0.05,0.0010214488495125353,0.5073026418685913,0.014063668437302113,0.0007031834102235734,0.5080057978630066,0.0002691289409995079,7.378243026323617e-05,1.4901161193847656e-08,6.556510925292969e-07,5.21540641784668e-07,0.8,0.755031305903399,0.7470238095238094,0.9199838639697129,0.7981514609421586,0.15873973071575165,0.1668650209903717,0.9999959468841553,73.96383666992188,211.03616333007812,0.2595222294330597,0.7404778003692627
326,True,0.05,0.0009978071673008729,0.5119854211807251,0.01342674158513546,0.0006713370676152408,0.5126567482948303,0.0003329355677124113,7.05105485394597e-05,1.4901161193847656e-08,6.854534149169922e-07,5.21540641784668e-07,0.8,0.755031305903399,0.7470238095238094,0.9199838639697129,0.7981514609421586,0.15881919860839844,0.16692839562892914,0.9999960660934448,74.139404296875,210.860595703125,0.26013827323913574,0.7398617267608643
327,True,0.05,0.0009744424470865977,0.5066415071487427,0.013573001138865948,0.0006786500453017652,0.5073201656341553,0.0002137431438313797,2.7750522349379025e-05,1.4901161193847656e-08,5.960464477539062e-07,5.662441253662109e-07,0.8,0.755031305903399,0.7470238095238094,0.9199838639697129,0.7981514609421586,0.15889592468738556,0.16698849201202393,0.9999964237213135,74.16797637939453,210.83203125,0.26023852825164795,0.7397615313529968
328,True,0.05,0.0009513562858173009,0.5072385668754578,0.013915947638452053,0.0006957973819226027,0.5079343914985657,0.00019031239207834005,0.00014355452731251717,1.1175870895385742e-08,5.364418029785156e-07,5.662441253662109e-07,0.8,0.755031305903399,0.7470238095238094,0.9203558877792367,0.7981514609421586,0.15896980464458466,0.16704784333705902,0.9999966621398926,73.9349136352539,211.06509399414062,0.2594207525253296,0.7405793070793152
329,True,0.05,0.0009285502614014378,0.5079893469810486,0.013706070370972157,0.00068530353019014,0.5086746215820312,0.00011636835552053526,0.00017803431546781212,1.4901161193847656e-08,6.556510925292969e-07,5.960464477539062e-07,0.8,0.755031305903399,0.7470238095238094,0.9199838639697129,0.7981514609421586,0.1590401977300644,0.16710680723190308,0.9999969005584717,73.4310302734375,211.5689697265625,0.25765272974967957,0.7423473000526428
330,True,0.05,0.0009060259326004838,0.5075936317443848,0.013854064978659153,0.0006927032372914255,0.5082863569259644,0.00032648726482875645,7.496693433495238e-05,1.4901161193847656e-08,5.364418029785156e-07,4.6193599700927734e-07,0.8,0.755031305903399,0.7470238095238094,0.9199838639697129,0.7981514609421586,0.15910959243774414,0.16716398298740387,0.9999969601631165,72.8109359741211,212.18905639648438,0.2554769814014435,0.7445230484008789
331,True,0.05,0.000883784838922391,0.5121087431907654,0.013700687326490879,0.0006850343779660761,0.512793779373169,0.00010415292490506545,0.00012098426668671891,1.4901161193847656e-08,5.364418029785156e-07,4.76837158203125e-07,0.8,0.755031305903399,0.7470238095238094,0.9199838639697129,0.7981514609421586,0.15917564928531647,0.16721998155117035,0.999997079372406,72.32473754882812,212.67526245117188,0.25377100706100464,0.7462289929389954
332,True,0.05,0.0008618285005163704,0.5107213258743286,0.015451759099960327,0.0007725879549980164,0.5114939212799072,0.00031730745104141533,0.000320659251883626,1.4901161193847656e-08,5.811452865600586e-07,6.258487701416016e-07,0.8166666666666667,0.7677655677655678,0.7574404761904762,0.9207279115887607,0.814871794871795,0.1592407524585724,0.16727718710899353,0.9999972581863403,71.8080062866211,213.19198608398438,0.2519579231739044,0.7480420470237732
333,True,0.05,0.0008401584180689843,0.5085135102272034,0.01332571916282177,0.0006662859814241529,0.5091797709465027,0.00017699266027193516,0.00018552143592387438,1.4901161193847656e-08,6.258487701416016e-07,4.76837158203125e-07,0.8166666666666667,0.7677655677655678,0.7574404761904762,0.9207279115887607,0.814871794871795,0.1593034565448761,0.1673336923122406,0.9999974966049194,71.41546630859375,213.58453369140625,0.2505805790424347,0.7494194507598877
334,True,0.05,0.000818776072701583,0.5070616602897644,0.013858817517757416,0.0006929408991709352,0.5077546238899231,9.322150435764343e-05,0.0001624634605832398,1.4901161193847656e-08,5.513429641723633e-07,5.21540641784668e-07,0.8166666666666667,0.7677655677655678,0.7574404761904762,0.9198294389921747,0.814871794871795,0.15936312079429626,0.1673891246318817,0.9999975562095642,71.12530517578125,213.87469482421875,0.24956247210502625,0.7504375576972961
335,True,0.05,0.0007976829258690679,0.5076442956924438,0.014510245993733406,0.0007255123346112669,0.5083698034286499,0.0002447070146445185,0.00017718010349199176,1.4901161193847656e-08,5.960464477539062e-07,6.556510925292969e-07,0.8166666666666667,0.7677655677655678,0.7574404761904762,0.9202014628016987,0.814871794871795,0.15942136943340302,0.1674436330795288,0.9999976754188538,70.99795532226562,214.00204467773438,0.24911563098430634,0.7508843541145325
336,True,0.05,0.0007768804192600093,0.50739586353302,0.014603051356971264,0.0007301525911316276,0.5081260204315186,0.0003232522576581687,0.00019605855050031096,1.4901161193847656e-08,6.109476089477539e-07,6.705522537231445e-07,0.8166666666666667,0.7677655677655678,0.7574404761904762,0.9205734866112225,0.814871794871795,0.15947896242141724,0.16749736666679382,0.9999978542327881,70.94324493408203,214.0567626953125,0.2489236742258072,0.7510764002799988
337,True,0.05,0.0007563699746980984,0.507095217704773,0.013407330960035324,0.0006703665712848306,0.5077655911445618,0.00013601397222373635,0.00018003693548962474,1.4901161193847656e-08,5.960464477539062e-07,5.364418029785156e-07,0.8166666666666667,0.7677655677655678,0.7574404761904762,0.9209455104207462,0.814871794871795,0.15953408181667328,0.16755010187625885,0.9999979734420776,70.90482330322266,214.09518432617188,0.24878886342048645,0.7512111663818359
338,True,0.05,0.0007361529940449782,0.5075341463088989,0.014192183502018452,0.0007096091867424548,0.50824373960495,0.0001573224872117862,0.0002519377158023417,1.4901161193847656e-08,5.960464477539062e-07,5.960464477539062e-07,0.8166666666666667,0.7677655677655678,0.7574404761904762,0.9217245346372706,0.814871794871795,0.15958714485168457,0.1676025241613388,0.9999979734420776,70.9190444946289,214.08096313476562,0.24883875250816345,0.7511612772941589
339,True,0.05,0.0007162308591044182,0.5092684030532837,0.014574588276445866,0.0007287294138222933,0.5099971294403076,0.0003421810397412628,0.00017770838167052716,1.4901161193847656e-08,5.960464477539062e-07,5.662441253662109e-07,0.8166666666666667,0.7677655677655678,0.7574404761904762,0.9215701096597323,0.814871794871795,0.15963977575302124,0.16765372455120087,0.9999980926513672,70.9598388671875,214.0401611328125,0.24898189306259155,0.7510181069374084
340,True,0.05,0.0006966049315278798,0.506426990032196,0.014039671048521996,0.0007019835757091641,0.5071289539337158,0.0002421192330075428,9.04181506484747e-05,1.4901161193847656e-08,6.407499313354492e-07,6.109476089477539e-07,0.8166666666666667,0.7677655677655678,0.7574404761904762,0.9234302287073514,0.814871794871795,0.15969106554985046,0.16770291328430176,0.999998152256012,71.07527923583984,213.92471313476562,0.2493869513273239,0.7506130337715149
341,True,0.05,0.0006772765527214417,0.5094818472862244,0.014789867214858532,0.0007394933491013944,0.5102213621139526,0.00020654495165217668,0.0003951328981202096,1.4901161193847656e-08,5.066394805908203e-07,4.917383193969727e-07,0.8166666666666667,0.7677655677655678,0.7574404761904762,0.9234302287073514,0.814871794871795,0.15974070131778717,0.16775305569171906,0.9999982118606567,71.14266204833984,213.85733032226562,0.2496233880519867,0.7503766417503357
342,True,0.05,0.0006582470437541217,0.5086555480957031,0.01437886618077755,0.0007189433090388775,0.5093744993209839,0.00011898814409505576,0.0003193416341673583,1.4901161193847656e-08,6.407499313354492e-07,5.811452865600586e-07,0.8166666666666667,0.7677655677655678,0.7574404761904762,0.9238022525168752,0.814871794871795,0.159788116812706,0.16780312359333038,0.9999983310699463,71.18197631835938,213.81802368164062,0.24976132810115814,0.7502387166023254
343,True,0.05,0.0006395177052675795,0.5078051090240479,0.014208335429430008,0.0007104167598299682,0.5085155367851257,0.0002735736779868603,0.00018560093303676695,1.4901161193847656e-08,5.960464477539062e-07,5.066394805908203e-07,0.8166666666666667,0.7677655677655678,0.7574404761904762,0.9241742763263989,0.814871794871795,0.1598345935344696,0.1678517609834671,0.9999984502792358,71.22599792480469,213.7740020751953,0.24991579353809357,0.7500842213630676
344,True,0.05,0.0006210898173872209,0.5093631148338318,0.014278984628617764,0.0007139492663554847,0.5100770592689514,0.0003273838956374675,0.0001619640679564327,1.4901161193847656e-08,5.960464477539062e-07,5.811452865600586e-07,0.8166666666666667,0.7677655677655678,0.7574404761904762,0.9241392997289224,0.814871794871795,0.15988050401210785,0.1678987741470337,0.9999983310699463,71.33417510986328,213.66583251953125,0.25029537081718445,0.7497047185897827
345,True,0.05,0.0006029646396347048,0.5067384243011475,0.01396588608622551,0.0006982943159528077,0.5074366927146912,0.00020823223167099059,0.00017677381401881576,1.4901161193847656e-08,5.960464477539062e-07,7.450580596923828e-07,0.8166666666666667,0.7677655677655678,0.7574404761904762,0.9236128509418604,0.814871794871795,0.15992489457130432,0.16794437170028687,0.9999985694885254,71.4454574584961,213.55455017089844,0.25068581104278564,0.7493142485618591
346,True,0.05,0.000585143410841854,0.506960391998291,0.014468405395746231,0.0007234202930703759,0.5076838135719299,0.0003342993149999529,8.638814324513078e-05,1.4901161193847656e-08,5.513429641723633e-07,5.662441253662109e-07,0.8166666666666667,0.7677655677655678,0.7574404761904762,0.9239848747513841,0.814871794871795,0.15996870398521423,0.16798782348632812,0.9999985694885254,71.59100341796875,213.40899658203125,0.2511965036392212,0.7488034963607788
347,True,0.05,0.0005676273490659822,0.5070053339004517,0.014633016660809517,0.0007316508563235402,0.5077369809150696,0.00037140236236155033,8.250991231761873e-05,1.4901161193847656e-08,5.811452865600586e-07,4.3213367462158203e-07,0.8166666666666667,0.7677655677655678,0.7574404761904762,0.9239848747513841,0.814871794871795,0.1600121110677719,0.1680292785167694,0.9999986886978149,71.80519104003906,213.19479370117188,0.2519480586051941,0.7480519413948059
348,True,0.05,0.0005504176515066467,0.5075977444648743,0.01411063689738512,0.0007055318565107882,0.5083032846450806,0.0002408194704912603,0.0002574198879301548,1.4901161193847656e-08,5.21540641784668e-07,4.917383193969727e-07,0.8166666666666667,0.7677655677655678,0.7574404761904762,0.9235778743443838,0.814871794871795,0.16005410254001617,0.16807019710540771,0.9999985694885254,71.92376708984375,213.0762481689453,0.2523640990257263,0.7476359605789185
349,True,0.05,0.0005335154944238117,0.5085272192955017,0.013767505064606667,0.0006883752648718655,0.5092155933380127,0.00012847849575337023,0.0003438343701418489,1.4901161193847656e-08,5.513429641723633e-07,5.513429641723633e-07,0.8166666666666667,0.7677655677655678,0.7574404761904762,0.9239498981539076,0.814871794871795,0.16009406745433807,0.1681111603975296,0.9999987483024597,71.8536376953125,213.1463623046875,0.2521180212497711,0.7478820085525513
350,True,0.05,0.0005169220330574664,0.508686900138855,0.014656087383627892,0.0007328043575398624,0.5094196796417236,0.0002606629568617791,0.0002565047761891037,1.4901161193847656e-08,6.556510925292969e-07,5.662441253662109e-07,0.8166666666666667,0.7677655677655678,0.7574404761904762,0.9239498981539076,0.814871794871795,0.16013292968273163,0.1681513488292694,0.9999987483024597,71.74285888671875,213.25714111328125,0.2517293393611908,0.7482706904411316
351,True,0.05,0.0005006384015486492,0.5076225996017456,0.013781211338937283,0.0006890606018714607,0.5083116888999939,3.761025800486095e-05,0.00015536576393060386,1.4901161193847656e-08,5.662441253662109e-07,5.811452865600586e-07,0.8166666666666667,0.7677655677655678,0.7574404761904762,0.9243219219634314,0.814871794871795,0.16016936302185059,0.16819000244140625,0.9999986886978149,71.70616149902344,213.29385375976562,0.25160056352615356,0.7483994960784912
352,True,0.05,0.00048466571286194553,0.5133969783782959,0.014184464700520039,0.0007092232699505985,0.5141062140464783,2.1897705664741807e-05,0.0001870601117843762,1.4901161193847656e-08,5.960464477539062e-07,5.364418029785156e-07,0.8166666666666667,0.7677655677655678,0.7574404761904762,0.9243219219634314,0.814871794871795,0.1602032631635666,0.1682273894548416,0.9999987483024597,71.68163299560547,213.31837463378906,0.2515144944190979,0.7484855651855469
353,True,0.05,0.00046900505870941026,0.5089312791824341,0.01357671245932579,0.0006788356113247573,0.509610116481781,0.00021649026894010603,0.00010711690265452489,1.4901161193847656e-08,5.513429641723633e-07,6.407499313354492e-07,0.8166666666666667,0.7677655677655678,0.7574404761904762,0.9252203945600171,0.814871794871795,0.160236194729805,0.16826306283473969,0.9999987483024597,71.64451599121094,213.35548400878906,0.25138425827026367,0.7486157417297363
354,True,0.05,0.00045365750947594944,0.5136321783065796,0.01722073182463646,0.000861036591231823,0.5144932270050049,3.833075606962666e-05,0.00028222647961229086,1.4901161193847656e-08,5.662441253662109e-07,5.21540641784668e-07,0.8166666666666667,0.7677655677655678,0.7574404761904762,0.9261188671566031,0.814871794871795,0.160267174243927,0.1682979166507721,0.9999985694885254,71.56993103027344,213.43008422851562,0.2511225640773773,0.7488775253295898
355,True,0.05,0.00043862411414616955,0.5085469484329224,0.01410585455596447,0.0007052927394397557,0.5092522501945496,0.00018198066391050816,0.00013997105997987092,1.4901161193847656e-08,6.258487701416016e-07,4.917383193969727e-07,0.8166666666666667,0.7677655677655678,0.7574404761904762,0.9247784175555402,0.814871794871795,0.16029712557792664,0.1683313548564911,0.9999986290931702,71.5703125,213.4296875,0.25112390518188477,0.7488760948181152
356,True,0.05,0.0004239059002326682,0.5368204712867737,0.034660108387470245,0.001733005396090448,0.5385534763336182,1.7340653357678093e-05,0.00010782584286062047,1.4901161193847656e-08,5.662441253662109e-07,5.066394805908203e-07,0.8,0.755031305903399,0.7470238095238094,0.9239993933390159,0.7981514609421586,0.160325288772583,0.16836193203926086,0.9999985098838806,71.76434326171875,213.2356719970703,0.2518047094345093,0.7481953501701355
357,True,0.05,0.00040950387370581904,0.50709468126297,0.014559673145413399,0.0007279836572706699,0.5078226923942566,0.00022043101489543915,0.00022795313270762563,1.4901161193847656e-08,6.258487701416016e-07,5.364418029785156e-07,0.8,0.755031305903399,0.7470238095238094,0.9220693210964438,0.7981514609421586,0.16035276651382446,0.16839191317558289,0.9999984502792358,72.05502319335938,212.94497680664062,0.2528246343135834,0.747175395488739
358,True,0.05,0.00039541901892500223,0.5075206756591797,0.014510901644825935,0.0007255451055243611,0.5082462430000305,4.5740071072941646e-05,0.0003254374023526907,1.4901161193847656e-08,6.556510925292969e-07,5.662441253662109e-07,0.8,0.755031305903399,0.7470238095238094,0.9212553202824431,0.7981514609421586,0.16037873923778534,0.16842180490493774,0.9999983310699463,72.2210693359375,212.7789306640625,0.2534072697162628,0.7465927600860596
359,True,0.05,0.00038165229857133195,0.5106086730957031,0.015565427020192146,0.0007782713510096073,0.5113869309425354,0.0002487086458131671,0.0004092161834705621,1.4901161193847656e-08,6.109476089477539e-07,5.960464477539062e-07,0.8,0.755031305903399,0.7470238095238094,0.9208483198754426,0.7981514609421586,0.160404235124588,0.1684519201517105,0.9999982118606567,72.13521575927734,212.86477661132812,0.253106027841568,0.7468939423561096
360,True,0.05,0.00036820465358185857,0.5094631910324097,0.0155150406062603,0.0007757520652376115,0.5102389454841614,0.00017324394138995558,0.0003137030580546707,1.4901161193847656e-08,5.811452865600586e-07,4.917383193969727e-07,0.8,0.755031305903399,0.7470238095238094,0.9200692956589182,0.7981514609421586,0.16042891144752502,0.16848163306713104,0.9999982118606567,71.81096649169922,213.18902587890625,0.25196829438209534,0.7480316758155823
361,True,0.05,0.00035507700308525403,0.5104626417160034,0.013540949672460556,0.0006770474719814956,0.5111396908760071,4.1409730329178274e-05,0.00027325053815729916,1.4901161193847656e-08,5.513429641723633e-07,5.960464477539062e-07,0.8,0.755031305903399,0.7470238095238094,0.9192552948449174,0.7981514609421586,0.16045217216014862,0.1685105860233307,0.9999982714653015,71.35279846191406,213.64718627929688,0.2503606975078583,0.7496392726898193
362,True,0.05,0.00034227024433899005,0.5109332799911499,0.01380667369812727,0.00069033371983096,0.5116236209869385,0.00025020100292749703,0.00013958151976112276,1.4901161193847656e-08,6.258487701416016e-07,5.21540641784668e-07,0.8,0.755031305903399,0.7470238095238094,0.9188832710353937,0.7981514609421586,0.1604749858379364,0.1685381382703781,0.9999982118606567,71.12538146972656,213.87461853027344,0.24956274032592773,0.7504372596740723
363,True,0.05,0.00032978525266801593,0.5094806551933289,0.015281383879482746,0.0007640692056156695,0.5102447271347046,0.0002932751376647502,0.0004473072476685047,1.4901161193847656e-08,5.960464477539062e-07,4.470348358154297e-07,0.8,0.755031305903399,0.7470238095238094,0.9188832710353937,0.7981514609421586,0.1604975312948227,0.16856582462787628,0.9999982714653015,71.06427001953125,213.93572998046875,0.24934832751750946,0.7506517171859741
364,True,0.05,0.0003176228814049297,0.5076208710670471,0.013633619993925095,0.0006816810346208513,0.5083025693893433,0.00015169191465247422,9.715214400785044e-05,1.4901161193847656e-08,6.258487701416016e-07,6.258487701416016e-07,0.8,0.755031305903399,0.7470238095238094,0.9188832710353937,0.7981514609421586,0.16051918268203735,0.16859187185764313,0.9999983310699463,71.11918640136719,213.8808135986328,0.2495410144329071,0.7504590153694153
365,True,0.05,0.0003057839618316491,0.5073753595352173,0.014029317535459995,0.0007014658767729998,0.5080768465995789,0.00019999690994154662,5.044667705078609e-05,1.4901161193847656e-08,6.109476089477539e-07,4.917383193969727e-07,0.8,0.755031305903399,0.7470238095238094,0.9184762706283932,0.7981514609421586,0.1605401188135147,0.16861623525619507,0.9999983906745911,71.29074096679688,213.70924377441406,0.2501429617404938,0.7498570084571838
366,True,0.05,0.00029426930312260227,0.5071678757667542,0.013304736465215683,0.0006652368465438485,0.5078331232070923,0.00018390432524029166,7.382722105830908e-05,1.4901161193847656e-08,5.662441253662109e-07,6.556510925292969e-07,0.8,0.755031305903399,0.7470238095238094,0.9184762706283932,0.7981514609421586,0.16056032478809357,0.1686391532421112,0.9999984502792358,71.44477844238281,213.55520629882812,0.25068342685699463,0.7493165135383606
367,True,0.05,0.00028307969228941415,0.5063911080360413,0.013316313736140728,0.000665815721731633,0.5070569515228271,0.00016011859406717122,0.00019220421381760389,1.4901161193847656e-08,7.003545761108398e-07,5.662441253662109e-07,0.8,0.755031305903399,0.7470238095238094,0.9184762706283932,0.7981514609421586,0.16057971119880676,0.1686612218618393,0.9999985098838806,71.53659057617188,213.46340942382812,0.2510055899620056,0.7489944100379944
368,True,0.05,0.00027221589412712463,0.5076251029968262,0.013930963352322578,0.0006965482025407255,0.5083216428756714,0.00018010730855166912,0.0001642545685172081,1.4901161193847656e-08,6.407499313354492e-07,5.364418029785156e-07,0.8,0.755031305903399,0.7470238095238094,0.9180692702213928,0.7981514609421586,0.16059841215610504,0.16868235170841217,0.9999985694885254,71.53226470947266,213.46774291992188,0.2509904205799103,0.7490096688270569
369,True,0.05,0.0002616786511619041,0.5073434710502625,0.01371911820024252,0.0006859559216536582,0.5080294013023376,0.0003722440160345286,4.3851712689502165e-05,1.4901161193847656e-08,5.513429641723633e-07,5.960464477539062e-07,0.8,0.755031305903399,0.7470238095238094,0.9180692702213928,0.7981514609421586,0.16061702370643616,0.1687021553516388,0.9999985098838806,71.54093933105469,213.4590606689453,0.2510208487510681,0.7489791512489319
370,True,0.05,0.00025146868360031467,0.5094867944717407,0.015266412869095802,0.0007633206550963223,0.5102500915527344,0.00027977873105555773,0.00022301709395833313,1.4901161193847656e-08,5.21540641784668e-07,5.662441253662109e-07,0.8,0.755031305903399,0.7470238095238094,0.9184762706283932,0.7981514609421586,0.16063517332077026,0.16872137784957886,0.9999985694885254,71.55048370361328,213.44952392578125,0.2510543465614319,0.7489457130432129
371,True,0.05,0.00024158668928007498,0.5080428123474121,0.014390203170478344,0.0007195101934485137,0.5087623000144958,0.00018338518566451967,0.0002692396810743958,1.4901161193847656e-08,6.258487701416016e-07,5.662441253662109e-07,0.8,0.755031305903399,0.7470238095238094,0.9184762706283932,0.7981514609421586,0.16065257787704468,0.1687401682138443,0.9999985694885254,71.3779067993164,213.62210083007812,0.2504487931728363,0.7495512366294861
372,True,0.05,0.00023203334362237158,0.5081101059913635,0.013415769673883915,0.0006707885186187923,0.5087808966636658,0.00035486905835568905,4.009364056400955e-05,1.4901161193847656e-08,5.960464477539062e-07,5.513429641723633e-07,0.8,0.755031305903399,0.7470238095238094,0.9184762706283932,0.7981514609421586,0.1606697291135788,0.16875745356082916,0.9999986290931702,71.21050262451172,213.78948974609375,0.24986141920089722,0.7501385807991028
373,True,0.05,0.00022280929958568842,0.508637011051178,0.01357979979366064,0.0006789899780414999,0.5093160271644592,0.00021214454318396747,0.00010590659076115116,1.4901161193847656e-08,5.960464477539062e-07,4.6193599700927734e-07,0.8,0.755031305903399,0.7470238095238094,0.9184762706283932,0.7981514609421586,0.16068622469902039,0.16877388954162598,0.9999986290931702,71.05482482910156,213.9451904296875,0.24931518733501434,0.750684916973114
374,True,0.05,0.00021391518762118363,0.5066558122634888,0.01296369917690754,0.0006481849704869092,0.5073040127754211,9.061209129868075e-05,0.00016340809816028923,1.4901161193847656e-08,6.258487701416016e-07,5.662441253662109e-07,0.8,0.755031305903399,0.7470238095238094,0.9184762706283932,0.7981514609421586,0.160701721906662,0.16878969967365265,0.9999986886978149,70.89259338378906,214.10740661621094,0.24874594807624817,0.7512540817260742
375,True,0.05,0.00020535161562959536,0.5076991319656372,0.014836578629910946,0.0007418289314955473,0.5084409713745117,0.000106622843304649,0.00030632468406111,1.4901161193847656e-08,5.960464477539062e-07,5.811452865600586e-07,0.8,0.755031305903399,0.7470238095238094,0.9180692702213928,0.7981514609421586,0.16071636974811554,0.168805330991745,0.9999987483024597,70.7301025390625,214.2698974609375,0.24817579984664917,0.7518242001533508
376,True,0.05,0.0001971191689196937,0.5076019763946533,0.013857527635991573,0.000692876405082643,0.5082948803901672,0.00015360947872977704,0.00021066592307761312,1.4901161193847656e-08,5.662441253662109e-07,4.917383193969727e-07,0.8,0.755031305903399,0.7470238095238094,0.9180692702213928,0.7981514609421586,0.16073034703731537,0.16882044076919556,0.9999986886978149,70.52220153808594,214.47779846191406,0.24744632840156555,0.7525537014007568
377,True,0.05,0.0001892184101682762,0.5091941356658936,0.014390798285603523,0.0007195399375632405,0.5099136829376221,0.0004759571747854352,0.00014659141015727073,1.4901161193847656e-08,6.556510925292969e-07,5.21540641784668e-07,0.8,0.755031305903399,0.7470238095238094,0.9180692702213928,0.7981514609421586,0.16074445843696594,0.1688348799943924,0.9999986290931702,70.3917236328125,214.6082763671875,0.24698850512504578,0.7530115246772766
378,True,0.05,0.0001816498793817073,0.5064980983734131,0.01363460160791874,0.0006817301036790013,0.507179856300354,0.0001275062095373869,0.00010034698789240792,1.4901161193847656e-08,5.811452865600586e-07,6.109476089477539e-07,0.8,0.755031305903399,0.7470238095238094,0.9180692702213928,0.7981514609421586,0.16075776517391205,0.16884854435920715,0.9999986886978149,70.31706237792969,214.68295288085938,0.24672654271125793,0.7532735466957092
379,True,0.05,0.00017441409385901422,0.5070747137069702,0.014105916023254395,0.0007052958244457841,0.5077800154685974,0.0003362839634064585,3.928439127776073e-06,1.4901161193847656e-08,5.960464477539062e-07,5.066394805908203e-07,0.8,0.755031305903399,0.7470238095238094,0.9180692702213928,0.7981514609421586,0.16077084839344025,0.1688612699508667,0.9999986886978149,70.31057739257812,214.68942260742188,0.24670378863811493,0.7532962560653687
380,True,0.05,0.00016751154815652453,0.5082035064697266,0.014070237055420876,0.0007035118760541081,0.5089070200920105,2.2908372557139955e-05,0.0003850750799756497,1.4901161193847656e-08,6.109476089477539e-07,5.364418029785156e-07,0.8,0.755031305903399,0.7470238095238094,0.9180692702213928,0.7981514609421586,0.16078293323516846,0.16887405514717102,0.9999986886978149,70.23436737060547,214.765625,0.24643638730049133,0.7535635828971863
381,True,0.05,0.0001609427140540686,0.5068450570106506,0.013817211613059044,0.0006908606155775487,0.5075359344482422,0.00024839298566803336,4.2860159737756476e-05,1.4901161193847656e-08,6.705522537231445e-07,4.76837158203125e-07,0.8,0.755031305903399,0.7470238095238094,0.9180692702213928,0.7981514609421586,0.16079461574554443,0.16888605058193207,0.9999987483024597,70.19960021972656,214.8004150390625,0.2463143914937973,0.7536856532096863
382,True,0.05,0.00015470804052273096,0.5097613334655762,0.014767922461032867,0.0007383961346931756,0.5104997158050537,0.00042696078890003264,9.794646757654846e-05,1.4901161193847656e-08,6.109476089477539e-07,5.513429641723633e-07,0.8,0.755031305903399,0.7470238095238094,0.9180692702213928,0.7981514609421586,0.16080628335475922,0.16889742016792297,0.9999988079071045,70.18242645263672,214.81756591796875,0.24625413119792938,0.7537458539009094
383,True,0.05,0.00014880795369416665,0.5108330249786377,0.014110207557678223,0.0007055103778839111,0.5115385055541992,0.00019085442181676626,0.00021299948275554925,1.4901161193847656e-08,6.109476089477539e-07,4.917383193969727e-07,0.8,0.755031305903399,0.7470238095238094,0.9184762706283932,0.7981514609421586,0.1608174443244934,0.16890849173069,0.9999988079071045,70.16885375976562,214.83114624023438,0.24620650708675385,0.7537935376167297
384,True,0.05,0.0001432428568314728,0.5085855722427368,0.01659484952688217,0.0008297424647025764,0.509415328502655,0.00024895762908272445,0.0001427213428542018,1.4901161193847656e-08,5.960464477539062e-07,6.407499313354492e-07,0.8,0.755031305903399,0.7470238095238094,0.9180692702213928,0.7981514609421586,0.16082823276519775,0.16891910135746002,0.9999986886978149,70.23101043701172,214.76898193359375,0.246424600481987,0.7535753846168518
385,True,0.05,0.00013801313030162716,0.5072042346000671,0.013584192842245102,0.0006792096537537873,0.5078834295272827,0.0002710800326894969,1.024698349283426e-06,1.1175870895385742e-08,6.109476089477539e-07,5.066394805908203e-07,0.8,0.755031305903399,0.7470238095238094,0.9180692702213928,0.7981514609421586,0.16083870828151703,0.16892901062965393,0.9999988079071045,70.30671691894531,214.6932830810547,0.24669024348258972,0.7533097863197327
386,True,0.05,0.0001331191315494912,0.50827556848526,0.014228747226297855,0.000711437372956425,0.5089870095252991,0.00021173458662815392,0.00029465043917298317,1.4901161193847656e-08,6.407499313354492e-07,6.407499313354492e-07,0.8,0.755031305903399,0.7470238095238094,0.9184762706283932,0.7981514609421586,0.16084879636764526,0.16893886029720306,0.9999986886978149,70.35701751708984,214.64297485351562,0.24686673283576965,0.753133237361908
387,True,0.05,0.00012856119507337867,0.5092213153839111,0.015134371817111969,0.000756718625780195,0.5099780559539795,0.00023212566156871617,0.00024377071531489491,1.4901161193847656e-08,5.662441253662109e-07,4.917383193969727e-07,0.8,0.755031305903399,0.7470238095238094,0.9184762706283932,0.7981514609421586,0.16085852682590485,0.16894856095314026,0.9999986290931702,70.40025329589844,214.5997314453125,0.24701844155788422,0.7529815435409546
388,True,0.05,0.0001243396324021935,0.5081998109817505,0.014721118845045567,0.0007360559538938105,0.5089358687400818,0.00016434914141427726,0.00031632636091671884,1.4901161193847656e-08,4.76837158203125e-07,5.513429641723633e-07,0.8,0.755031305903399,0.7470238095238094,0.9184762706283932,0.7981514609421586,0.1608678251504898,0.1689581722021103,0.9999986886978149,70.42501831054688,214.57498168945312,0.24710533022880554,0.7528946995735168
389,True,0.05,0.00012045473207413647,0.5078532695770264,0.014757322147488594,0.0007378660957328975,0.5085911154747009,0.00037430040538311005,0.0001035882014548406,1.4901161193847656e-08,6.109476089477539e-07,5.364418029785156e-07,0.8,0.755031305903399,0.7470238095238094,0.9184762706283932,0.7981514609421586,0.16087706387043,0.1689673364162445,0.9999988079071045,70.46426391601562,214.53573608398438,0.2472430318593979,0.7527570128440857
390,True,0.05,0.00011690675961698426,0.5093753337860107,0.014666523784399033,0.0007333261892199516,0.5101086497306824,0.00024925958132371306,0.00024028644838836044,1.4901161193847656e-08,6.407499313354492e-07,5.662441253662109e-07,0.8,0.755031305903399,0.7470238095238094,0.9184762706283932,0.7981514609421586,0.16088604927062988,0.16897635161876678,0.9999986886978149,70.49464416503906,214.50537109375,0.24734963476657867,0.7526504397392273
391,True,0.05,0.00011369595752994128,0.5073501467704773,0.014282871037721634,0.0007141435635276139,0.5080642700195312,0.0002652870025485754,0.00024073394888546318,1.4901161193847656e-08,6.556510925292969e-07,5.21540641784668e-07,0.8,0.755031305903399,0.7470238095238094,0.9184762706283932,0.7981514609421586,0.16089479625225067,0.16898520290851593,0.9999986886978149,70.51495361328125,214.48504638671875,0.24742089211940765,0.7525791525840759
392,True,0.05,0.00011082254526706605,0.509520947933197,0.014139891602098942,0.0007069946150295436,0.5102279186248779,0.00039085722528398037,0.00018816885130945593,1.4901161193847656e-08,6.854534149169922e-07,5.066394805908203e-07,0.8,0.755031305903399,0.7470238095238094,0.9184762706283932,0.7981514609421586,0.16090352833271027,0.16899381577968597,0.9999988079071045,70.5435791015625,214.4564208984375,0.24752134084701538,0.7524786591529846
393,True,0.05,0.00010828671922226878,0.506845235824585,0.013846374116837978,0.0006923187174834311,0.5075375437736511,0.00013822120672557503,0.00022864015772938728,1.4901161193847656e-08,4.76837158203125e-07,5.066394805908203e-07,0.8,0.755031305903399,0.7470238095238094,0.9188832710353937,0.7981514609421586,0.16091187298297882,0.16900227963924408,0.9999986290931702,70.54985046386719,214.45016479492188,0.2475433349609375,0.7524567246437073
394,True,0.05,0.00010608865271589101,0.5089508295059204,0.015217873267829418,0.0007608936866745353,0.509711742401123,0.00020272994879633188,0.00034923417842946947,1.4901161193847656e-08,5.662441253662109e-07,5.066394805908203e-07,0.8,0.755031305903399,0.7470238095238094,0.9188832710353937,0.7981514609421586,0.16091999411582947,0.16901081800460815,0.9999986290931702,70.56166076660156,214.43832397460938,0.2475847750902176,0.7524151802062988
395,True,0.05,0.00010422849598285996,0.5064853429794312,0.013774295337498188,0.0006887147901579738,0.5071740746498108,0.00011315877782180905,8.434806659352034e-05,1.4901161193847656e-08,6.407499313354492e-07,5.811452865600586e-07,0.8,0.755031305903399,0.7470238095238094,0.9188832710353937,0.7981514609421586,0.16092778742313385,0.16901899874210358,0.9999986886978149,70.56509399414062,214.43490600585938,0.2475968301296234,0.752403199672699
396,True,0.05,0.00010270637616241606,0.507965087890625,0.014715934172272682,0.0007357966969721019,0.5087009072303772,0.0003840202698484063,0.0001547144929645583,1.4901161193847656e-08,5.364418029785156e-07,5.811452865600586e-07,0.8,0.755031305903399,0.7470238095238094,0.9188832710353937,0.7981514609421586,0.160935640335083,0.16902698576450348,0.9999986886978149,70.5799789428711,214.42001342773438,0.24764905869960785,0.752350926399231
397,True,0.05,0.00010152239728942829,0.5126069188117981,0.015851998701691628,0.0007925999234430492,0.5133995413780212,0.0002004895795835182,0.0002488669997546822,1.4901161193847656e-08,5.811452865600586e-07,5.066394805908203e-07,0.8,0.755031305903399,0.7470238095238094,0.9188832710353937,0.7981514609421586,0.16094334423542023,0.1690349280834198,0.9999986290931702,70.58148956298828,214.41851806640625,0.24765434861183167,0.7523456811904907
398,True,0.05,0.00010067664028727843,0.5072064399719238,0.013890188187360764,0.0006945094210095704,0.5079009532928467,0.00020229782967362553,0.00015239609638229012,1.4901161193847656e-08,5.662441253662109e-07,6.407499313354492e-07,0.8,0.755031305903399,0.7470238095238094,0.9188832710353937,0.7981514609421586,0.1609509140253067,0.16904273629188538,0.9999986886978149,70.60183715820312,214.39816284179688,0.24772575497627258,0.7522742748260498
399,True,0.05,0.00010016916296233584,0.5062747001647949,0.012635930441319942,0.0006317965453490615,0.5069065093994141,6.242278323043138e-05,0.0001247652544407174,1.4901161193847656e-08,7.003545761108398e-07,5.662441253662109e-07,0.8,0.755031305903399,0.7470238095238094,0.9188832710353937,0.7981514609421586,0.1609582155942917,0.169050395488739,0.9999986886978149,70.6092300415039,214.39077758789062,0.24775168299674988,0.7522483468055725
400,True,0.05,0.0001,0.5087635517120361,0.014735686592757702,0.0007367843645624816,0.5095003247261047,0.00023651473748032004,0.0002872097247745842,1.4901161193847656e-08,5.811452865600586e-07,4.76837158203125e-07,0.8,0.755031305903399,0.7470238095238094,0.9188832710353937,0.7981514609421586,0.16096550226211548,0.169058158993721,0.9999985694885254,70.61442565917969,214.3855743408203,0.24776992201805115,0.7522301077842712
