epoch,prototype_residual_enabled,lambda_effective,lr,historical_loss,prototype_loss_unweighted,prototype_loss_weighted,total_loss,gamma_CN_gradient,gamma_AD_gradient,residual_sum_max_abs,CN_sMCI_gap_identity_max_abs_error,AD_sMCI_gap_identity_max_abs_error,acc,macro_f1,bacc,macro_auc,weighted_f1,gamma_CN,gamma_AD,prototype_cosine,sum_w_CN,sum_w_AD,mean_w_CN,mean_w_AD
1,False,0.0,0.01,3.315274477005005,0.6691275835037231,0.0,3.315274477005005,0.0,0.0,0.0,0.0,0.0,0.35,0.1728395061728395,0.3333333333333333,0.6784116041191512,0.18148148148148147,0.05000000074505806,0.05000000074505806,0.999950647354126,149.44277954101562,135.55722045898438,0.5243606567382812,0.47563937306404114
2,False,0.0,0.01,2.9324517250061035,0.6696630120277405,0.0,2.9324517250061035,0.0,0.0,0.0,0.0,0.0,0.35,0.1728395061728395,0.3333333333333333,0.5758938170494774,0.18148148148148147,0.05000000074505806,0.05000000074505806,0.9857608079910278,169.82391357421875,115.17608642578125,0.5958734154701233,0.4041266143321991
3,False,0.0,0.01,5.754035949707031,0.6339242458343506,0.0,5.754035949707031,0.0,0.0,0.0,0.0,0.0,0.4,0.2219883040935672,0.25545634920634924,0.5018919759485797,0.34553216374269,0.05000000074505806,0.05000000074505806,0.9651818871498108,171.53396606445312,113.46603393554688,0.6018735766410828,0.3981264531612396
4,False,0.0,0.01,3.4577698707580566,0.6429595351219177,0.0,3.4577698707580566,0.0,0.0,0.0,0.0,0.0,0.5333333333333333,0.24242424242424243,0.3333333333333333,0.6581590142910897,0.3878787878787879,0.05000000074505806,0.05000000074505806,0.9886437654495239,165.37771606445312,119.62227630615234,0.5802726745605469,0.41972729563713074
5,False,0.0,0.01,3.975919723510742,0.6367771625518799,0.0,3.975919723510742,0.0,0.0,0.0,0.0,0.0,0.5333333333333333,0.2318840579710145,0.3333333333333333,0.7239433947865551,0.3710144927536232,0.05000000074505806,0.05000000074505806,0.9736738204956055,178.3931884765625,106.60679626464844,0.6259410381317139,0.37405893206596375
6,False,0.0,0.01,2.916475296020508,0.6376228332519531,0.0,2.916475296020508,0.0,0.0,0.0,0.0,0.0,0.55,0.45274261603375526,0.6041666666666666,0.8703685705454572,0.43272151898734174,0.05000000074505806,0.05000000074505806,0.9391810894012451,198.43917846679688,86.56082153320312,0.6962778568267822,0.30372217297554016
7,False,0.0,0.01,3.1248674392700195,0.6102617383003235,0.0,3.1248674392700195,0.0,0.0,0.0,0.0,0.0,0.5666666666666667,0.47061403508771926,0.6145833333333334,0.8630825193325194,0.4459649122807018,0.05000000074505806,0.05000000074505806,0.9414746761322021,209.8538055419922,75.14619445800781,0.7363291382789612,0.2636708617210388
8,False,0.0,0.01,2.7346277236938477,0.6060934066772461,0.0,2.7346277236938477,0.0,0.0,0.0,0.0,0.0,0.6333333333333333,0.5571428571428572,0.65625,0.8822655932030932,0.5025396825396825,0.05000000074505806,0.05000000074505806,0.9414801597595215,224.24249267578125,60.75750732421875,0.7868157625198364,0.21318423748016357
9,False,0.0,0.01,4.8851094245910645,0.5882358551025391,0.0,4.8851094245910645,0.0,0.0,0.0,0.0,0.0,0.6333333333333333,0.5571428571428572,0.65625,0.906342211029711,0.5025396825396825,0.05000000074505806,0.05000000074505806,0.8830970525741577,237.09840393066406,47.90160369873047,0.8319242596626282,0.1680757999420166
10,False,0.0,0.01,4.140672206878662,0.5926686525344849,0.0,4.140672206878662,0.0,0.0,0.0,0.0,0.0,0.6333333333333333,0.5571428571428572,0.65625,0.9087142602767603,0.5025396825396825,0.05000000074505806,0.05000000074505806,0.7263767719268799,246.36447143554688,38.63551330566406,0.8644367456436157,0.1355632096529007
11,False,0.0,0.01,2.640101671218872,0.6016547083854675,0.0,2.640101671218872,0.0,0.0,0.0,0.0,0.0,0.6333333333333333,0.5571428571428572,0.65625,0.9133311711436711,0.5025396825396825,0.05000000074505806,0.05000000074505806,0.63963782787323,248.7663116455078,36.23369598388672,0.8728642463684082,0.12713578343391418
12,False,0.0,0.01,2.9868531227111816,0.6000653505325317,0.0,2.9868531227111816,0.0,0.0,0.0,0.0,0.0,0.6333333333333333,0.5571428571428572,0.65625,0.9142151251526252,0.5025396825396825,0.05000000074505806,0.05000000074505806,0.6378032565116882,252.22198486328125,32.777992248535156,0.8849894404411316,0.11501049995422363
13,False,0.0,0.01,2.7060582637786865,0.6014937162399292,0.0,2.7060582637786865,0.0,0.0,0.0,0.0,0.0,0.6333333333333333,0.5571428571428572,0.65625,0.9143200549450549,0.5025396825396825,0.05000000074505806,0.05000000074505806,0.6491087675094604,254.33444213867188,30.665550231933594,0.8924015760421753,0.10759842395782471
14,False,0.0,0.01,2.256298303604126,0.6011686325073242,0.0,2.256298303604126,0.0,0.0,0.0,0.0,0.0,0.6333333333333333,0.5571428571428572,0.65625,0.9169591982091981,0.5025396825396825,0.05000000074505806,0.05000000074505806,0.7684543132781982,258.41534423828125,26.584640502929688,0.9067205190658569,0.09327944368124008
15,False,0.0,0.01,2.1858291625976562,0.5749577283859253,0.0,2.1858291625976562,0.0,0.0,0.0,0.0,0.0,0.6333333333333333,0.5571428571428572,0.65625,0.9044948107448109,0.5025396825396825,0.05000000074505806,0.05000000074505806,0.7661453485488892,257.8377685546875,27.16221809387207,0.9046939611434937,0.09530603140592575
16,False,0.0,0.01,2.118931293487549,0.5748950839042664,0.0,2.118931293487549,0.0,0.0,0.0,0.0,0.0,0.6333333333333333,0.5571428571428572,0.65625,0.8779030575905575,0.5025396825396825,0.05000000074505806,0.05000000074505806,0.7672863006591797,257.57623291015625,27.423763275146484,0.9037762880325317,0.09622373431921005
17,False,0.0,0.01,1.9983785152435303,0.5620693564414978,0.0,1.9983785152435303,0.0,0.0,0.0,0.0,0.0,0.6333333333333333,0.5571428571428572,0.65625,0.9072738603988603,0.5025396825396825,0.05000000074505806,0.05000000074505806,0.744899332523346,258.1285400390625,26.871475219726562,0.905714213848114,0.09428588300943375
18,False,0.0,0.01,2.171903133392334,0.549587607383728,0.0,2.171903133392334,0.0,0.0,0.0,0.0,0.0,0.6333333333333333,0.5571428571428572,0.65625,0.9032243143387011,0.5025396825396825,0.05000000074505806,0.05000000074505806,0.7573114633560181,257.5585632324219,27.44144058227539,0.9037142992019653,0.09628576040267944
19,False,0.0,0.01,2.1963963508605957,0.5633028745651245,0.0,2.1963963508605957,0.0,0.0,0.0,0.0,0.0,0.6333333333333333,0.5571428571428572,0.65625,0.8923529519048387,0.5025396825396825,0.05000000074505806,0.05000000074505806,0.7474592328071594,256.78643798828125,28.213573455810547,0.9010050892829895,0.09899500012397766
20,False,0.0,0.01,1.9111499786376953,0.5464391708374023,0.0,1.9111499786376953,0.0,0.0,0.0,0.0,0.0,0.6166666666666667,0.5288515406162465,0.6086309523809524,0.871570073663234,0.48901960784313725,0.05000000074505806,0.05000000074505806,0.8122538328170776,258.95330810546875,26.04669952392578,0.9086081385612488,0.09139192849397659
21,True,0.05,0.009999830837037664,2.1162338256835938,0.5512452125549316,0.027562260627746582,2.143795967102051,0.0004185257130302489,0.0004562494286801666,3.725290298461914e-09,2.121669240295887e-07,6.444752216339111e-07,0.6166666666666667,0.5326305220883535,0.6458333333333334,0.870061520415294,0.4876255020080321,0.05045180022716522,0.05045180022716522,0.6190298795700073,238.67340087890625,46.326595306396484,0.8374505639076233,0.1625494658946991
22,True,0.05,0.009999323359712722,1.9854695796966553,0.551705539226532,0.02758527733385563,2.013054847717285,0.0005140512948855758,0.0005338464980013669,3.725290298461914e-09,2.2095628082752228e-07,3.725290298461914e-07,0.6333333333333333,0.6202686202686203,0.6408730158730158,0.8829201895239631,0.582905982905983,0.0509074330329895,0.05090741068124771,0.827292799949646,245.58718872070312,39.412811279296875,0.861709475517273,0.13829056918621063
23,True,0.05,0.009998477602710573,1.8597512245178223,0.5230772495269775,0.026153862476348877,1.8859050273895264,0.0009277831995859742,0.0007584522827528417,3.725290298461914e-09,1.6763806343078613e-07,5.923211574554443e-07,0.7333333333333333,0.7529261513034332,0.8060515873015873,0.874917328042328,0.7311742168131621,0.05136781930923462,0.05136752128601074,0.5345743894577026,232.01898193359375,52.98101806640625,0.8141016960144043,0.1858983188867569
24,True,0.05,0.009997293623837585,1.794896125793457,0.5154950618743896,0.025774752721190453,1.8206708431243896,0.0012758799130097032,0.0007554920739494264,3.725290298461914e-09,1.7136335372924805e-07,5.848705768585205e-07,0.7,0.7403846153846154,0.7961309523809524,0.8924501424501425,0.6931089743589745,0.05183304473757744,0.0518314428627491,0.7188327312469482,242.9925537109375,42.0074462890625,0.8526054620742798,0.1473945528268814
25,True,0.05,0.00999577150401714,1.6820387840270996,0.46859854459762573,0.023429928347468376,1.7054686546325684,0.0016093641752377152,0.0005950069753453135,7.450580596923828e-09,2.3469328880310059e-07,5.774199962615967e-07,0.75,0.7628000671478933,0.7574404761904762,0.8953068845462714,0.7444183313748531,0.052303943783044815,0.05229960009455681,0.8621732592582703,219.4807891845703,65.51921081542969,0.7701080441474915,0.22989197075366974
26,True,0.05,0.009993911347284109,1.6228100061416626,0.47708919644355774,0.023854460567235947,1.6466645002365112,0.002143668243661523,0.0008388528367504478,7.450580596923828e-09,2.7194619178771973e-07,4.805624485015869e-07,0.75,0.7668368479467258,0.8328373015873015,0.9152040089540089,0.7444683684794673,0.05278095602989197,0.052772752940654755,0.6291911602020264,170.791015625,114.208984375,0.5992667078971863,0.4007332921028137
27,True,0.05,0.009991713280777732,1.5256054401397705,0.43019914627075195,0.021509958431124687,1.547115445137024,0.0022818404249846935,0.0016170432791113853,7.450580596923828e-09,2.5704503059387207e-07,6.295740604400635e-07,0.7666666666666667,0.8063907044299201,0.8432539682539683,0.943143950956451,0.7647349310094408,0.05326319858431816,0.05325263366103172,0.6852008104324341,200.97406005859375,84.02594757080078,0.7051721811294556,0.2948278784751892
28,True,0.05,0.009989177454732934,1.4452054500579834,0.3949131965637207,0.019745660945773125,1.4649511575698853,0.002217465080320835,0.0006443759193643928,7.450580596923828e-09,2.60770320892334e-07,3.762543201446533e-07,0.8,0.8091938091938092,0.783234126984127,0.8855865701384569,0.7878724878724879,0.05375225096940994,0.05373675748705864,0.9776910543441772,97.9791488647461,187.02084350585938,0.3437865078449249,0.6562135219573975
29,True,0.05,0.00998630404247006,1.3971264362335205,0.3900236487388611,0.019501183182001114,1.4166276454925537,0.00275674881413579,0.0015852830838412046,7.450580596923828e-09,3.3155083656311035e-07,4.917383193969727e-07,0.7,0.7547474747474747,0.8015873015873015,0.9154711029711029,0.692040404040404,0.05424683541059494,0.054227039217948914,0.7807741165161133,207.33517456054688,77.66481018066406,0.7274918556213379,0.2725081145763397
30,True,0.05,0.009983093240383016,1.515921950340271,0.3450353145599365,0.017251765355467796,1.533173680305481,0.001719757216051221,0.00014131642819847912,7.450580596923828e-09,2.942979335784912e-07,4.6566128730773926e-07,0.7,0.7380952380952381,0.8070436507936508,0.9261803011803011,0.6854166666666667,0.05473671481013298,0.054711513221263885,0.7586275339126587,233.00628662109375,51.99371337890625,0.81756591796875,0.18243408203125
31,True,0.05,0.009979545267925863,1.3425188064575195,0.3416823744773865,0.017084119841456413,1.359602928161621,0.0023062988184392452,0.00035413907608017325,7.450580596923828e-09,3.46451997756958e-07,5.736947059631348e-07,0.7333333333333333,0.7662345679012347,0.8169642857142857,0.9404348544973544,0.729391975308642,0.05522802099585533,0.05518791824579239,0.8880408406257629,238.07125854492188,46.928733825683594,0.83533775806427,0.1646622270345688
32,True,0.05,0.009975660367597807,1.2919224500656128,0.2918681204319,0.014593406580388546,1.3065158128738403,0.0022249387111514807,0.00010879411274800077,7.450580596923828e-09,2.980232238769531e-07,6.183981895446777e-07,0.8666666666666667,0.8814814814814814,0.9057539682539683,0.9602902229671098,0.8666666666666667,0.055724676698446274,0.05565974861383438,0.9613162279129028,218.5771484375,66.4228515625,0.7669373750686646,0.23306263983249664
33,True,0.05,0.009971438804926623,1.267679214477539,0.252936452627182,0.012646823190152645,1.280326008796692,0.0021231668069958687,5.709188189939596e-05,7.450580596923828e-09,3.5390257835388184e-07,6.593763828277588e-07,0.8666666666666667,0.8784287418008349,0.8630952380952381,0.9599531757550626,0.8673822301729278,0.05622352659702301,0.05612998828291893,0.9910222887992859,176.9027557373047,108.09724426269531,0.6207114458084106,0.37928858399391174
34,True,0.05,0.00996688086845051,1.2042508125305176,0.24315062165260315,0.012157531455159187,1.216408371925354,0.0016751948278397322,0.0002717437455430627,7.450580596923828e-09,4.842877388000488e-07,6.668269634246826e-07,0.8333333333333334,0.8395833333333332,0.8685515873015873,0.9487847222222223,0.8320833333333333,0.05672897398471832,0.05659374222159386,0.9556694626808167,165.52340698242188,119.4765853881836,0.5807839035987854,0.4192160964012146
35,True,0.05,0.009961986869698373,1.1775175333023071,0.26681920886039734,0.013340960256755352,1.1908584833145142,0.00038207395118661225,0.0003098460438195616,7.450580596923828e-09,4.544854164123535e-07,6.668269634246826e-07,0.8333333333333334,0.8421717171717172,0.8794642857142857,0.9486670736670737,0.8328914141414142,0.05722576007246971,0.05705223232507706,0.9279614686965942,128.083740234375,156.916259765625,0.4494166374206543,0.5505833625793457
36,True,0.05,0.009956757143168527,1.0645052194595337,0.22141152620315552,0.01107057649642229,1.075575828552246,0.0008622611640021205,8.984372107079253e-05,7.450580596923828e-09,4.507601261138916e-07,6.332993507385254e-07,0.8,0.8296296296296296,0.8531746031746031,0.9467115638990639,0.8,0.057717807590961456,0.05751071125268936,0.96207594871521,116.94689178466797,168.0531005859375,0.41033998131752014,0.5896599888801575
37,True,0.05,0.009951192046305833,0.9810152053833008,0.179742693901062,0.008987135253846645,0.9900023341178894,0.0011886073043569922,7.765626651234925e-05,7.450580596923828e-09,5.662441253662109e-07,5.736947059631348e-07,0.8166666666666667,0.8016838882510525,0.7837301587301587,0.9561134892797628,0.8155147340221967,0.05821767449378967,0.057972393929958344,0.9960520267486572,100.7093734741211,184.29063415527344,0.3533662259578705,0.6466338038444519
38,True,0.05,0.009945291959477269,1.0503162145614624,0.21618139743804932,0.01080907043069601,1.0611252784729004,0.00031573596061207354,0.00025646117865107954,7.450580596923828e-09,4.5821070671081543e-07,5.438923835754395e-07,0.85,0.8504983388704318,0.8526785714285715,0.9742981402769139,0.8501661129568105,0.058707062155008316,0.05843375623226166,0.9909566640853882,101.56236267089844,183.43765258789062,0.35635918378829956,0.6436408758163452
39,True,0.05,0.009939057285945933,0.9323963522911072,0.19182059168815613,0.009591029956936836,0.9419873952865601,0.0005506286979652941,0.00036965368781238794,7.450580596923828e-09,5.289912223815918e-07,5.476176738739014e-07,0.85,0.8556340238543628,0.8953373015873015,0.9677356786731787,0.8496162900188324,0.059194281697273254,0.058888912200927734,0.9585690498352051,145.50164794921875,139.49835205078125,0.5105320811271667,0.48946791887283325
40,True,0.05,0.009932488451843476,1.005417823791504,0.18361157178878784,0.009180578403174877,1.0145983695983887,4.550016819848679e-05,0.00020628879428841174,3.725290298461914e-09,5.140900611877441e-07,6.07222318649292e-07,0.8833333333333333,0.8813222772906341,0.9161706349206349,0.9568199205581281,0.8835168064557124,0.05967077985405922,0.05934932455420494,0.9457727670669556,148.79928588867188,136.20071411132812,0.5221027731895447,0.4778972566127777
41,True,0.05,0.009925585906140986,1.0125439167022705,0.22058869898319244,0.011029435321688652,1.023573398590088,0.0003359444672241807,0.00014928735618013889,7.450580596923828e-09,6.146728992462158e-07,6.183981895446777e-07,0.8666666666666667,0.8677035330261137,0.9002976190476191,0.9530741249491249,0.8665994623655915,0.060135163366794586,0.059810519218444824,0.9870438575744629,156.80079650878906,128.19920349121094,0.5501782298088074,0.4498217701911926
42,True,0.05,0.009918350120618293,0.8979350328445435,0.1709798276424408,0.00854899175465107,0.9064840078353882,0.00010547893907641992,0.00015033426461741328,7.450580596923828e-09,6.07222318649292e-07,7.078051567077637e-07,0.8666666666666667,0.8792005420054201,0.8948412698412698,0.9763621794871794,0.8657994579945799,0.06059463694691658,0.0602787584066391,0.997255802154541,140.78347778320312,144.21652221679688,0.4939771294593811,0.5060228705406189
43,True,0.05,0.009910781589831726,0.8436808586120605,0.1252102106809616,0.0062605105340480804,0.8499413728713989,0.0011661812895908952,0.0004690833739005029,7.450580596923828e-09,4.6938657760620117e-07,6.258487701416016e-07,0.8666666666666667,0.8573232323232324,0.8313492063492064,0.9625001079894947,0.8661616161616161,0.06106124073266983,0.06075609102845192,0.983130693435669,75.93046569824219,209.0695343017578,0.26642268896102905,0.733577311038971
44,True,0.05,0.009902880831080306,0.8509665131568909,0.18835684657096863,0.009417842142283916,0.8603843450546265,0.00106007419526577,0.0003044928889721632,7.450580596923828e-09,4.3213367462158203e-07,4.805624485015869e-07,0.8,0.8174603174603173,0.8640873015873015,0.9747691544566545,0.7982142857142857,0.06154173985123634,0.06122593954205513,0.9661767482757568,107.4451675415039,177.55482482910156,0.3770006000995636,0.622999370098114
45,True,0.05,0.009894648384370404,0.7952389121055603,0.12254161387681961,0.0061270808801054955,0.8013659715652466,0.0006223722011782229,0.0005251733819022775,7.450580596923828e-09,6.258487701416016e-07,6.146728992462158e-07,0.8333333333333334,0.8428910544727636,0.8849206349206349,0.9742699430199431,0.8325930784607697,0.06202653795480728,0.06171155720949173,0.9774916172027588,80.06477355957031,204.93521118164062,0.2809290289878845,0.7190709114074707
46,True,0.05,0.009886084812378817,0.832685112953186,0.1641789972782135,0.00820895005017519,0.8408940434455872,0.00037276733200997114,0.0006931518437340856,7.450580596923828e-09,5.736947059631348e-07,4.246830940246582e-07,0.85,0.8560563643150428,0.9007936507936508,0.9750489672364674,0.8490784807764091,0.06249789893627167,0.06220727413892746,0.9204607009887695,66.53690338134766,218.46310424804688,0.23346282541751862,0.7665372490882874
47,True,0.05,0.009877190700414313,0.8543712496757507,0.1681852638721466,0.00840926356613636,0.8627805113792419,0.00015133623674046248,0.0002407991560176015,7.450580596923828e-09,6.183981895446777e-07,5.066394805908203e-07,0.8666666666666667,0.8684343434343434,0.9057539682539683,0.9770140160765161,0.8665782828282829,0.0629640594124794,0.06270720064640045,0.9724360108375549,59.30060958862305,225.69940185546875,0.20807231962680817,0.7919277548789978
48,True,0.05,0.00986796665637763,0.7693226933479309,0.13317325711250305,0.0066586630418896675,0.7759813666343689,0.00020114443032070994,0.0006370145711116493,7.450580596923828e-09,6.556510925292969e-07,4.3213367462158203e-07,0.85,0.8548894395730081,0.8898809523809524,0.9643874643874644,0.8497513978904562,0.06342822313308716,0.06322348862886429,0.9756414890289307,58.86470031738281,226.1352996826172,0.20654281973838806,0.7934572100639343
49,True,0.05,0.009858413310719925,0.7214864492416382,0.11257512122392654,0.005628756247460842,0.7271152138710022,0.0001672199578024447,0.0003884110483340919,7.450580596923828e-09,6.556510925292969e-07,5.364418029785156e-07,0.9,0.9058773712737128,0.9211309523809524,0.968409773097273,0.8995392953929539,0.06388891488313675,0.06374552100896835,0.9959295988082886,53.09174346923828,231.9082489013672,0.1862868219614029,0.8137131929397583
50,True,0.05,0.009848531316399685,0.7068890333175659,0.10630187392234802,0.005315093789249659,0.712204098701477,0.00010157396172871813,0.0006179657066240907,7.450580596923828e-09,6.48200511932373e-07,4.76837158203125e-07,0.9,0.9211309523809524,0.9211309523809524,0.9660027472527473,0.9,0.06434644013643265,0.06428313255310059,0.9944239854812622,59.25752258300781,225.74246215820312,0.2079211324453354,0.7920788526535034
51,True,0.05,0.009838321348838096,0.7293041348457336,0.1160973384976387,0.005804867018014193,0.7351090312004089,0.00036783935502171516,0.0005575502873398364,7.450580596923828e-09,6.034970283508301e-07,5.662441253662109e-07,0.8333333333333334,0.8313573491412068,0.8794642857142857,0.9611664377289376,0.8335461316309469,0.06480786949396133,0.06483186036348343,0.9928296804428101,120.254638671875,164.745361328125,0.42194610834121704,0.578053891658783
52,True,0.05,0.009827784105872876,0.7280114889144897,0.09426651895046234,0.0047133262269198895,0.7327247858047485,0.0001229201880050823,0.00038520919042639434,7.450580596923828e-09,6.109476089477539e-07,5.811452865600586e-07,0.85,0.8538037166085947,0.8844246031746031,0.9687468203093204,0.8494700929152148,0.0652666687965393,0.06538572907447815,0.9947927594184875,132.10873413085938,152.89126586914062,0.4635394215583801,0.5364605784416199
53,True,0.05,0.009816920307710586,0.6409671306610107,0.07017222046852112,0.0035086111165583134,0.6444757580757141,0.0004721687873825431,0.0002485726145096123,7.450580596923828e-09,6.109476089477539e-07,6.48200511932373e-07,0.8666666666666667,0.8666666666666667,0.8948412698412698,0.9776181573056574,0.8662499999999999,0.06573457270860672,0.0659421980381012,0.9980008602142334,126.65744018554688,158.34255981445312,0.44441208243370056,0.5555879473686218
54,True,0.05,0.0098057306968774,0.665712833404541,0.0739491805434227,0.0036974591203033924,0.6694102883338928,7.591698522446677e-05,6.392479554051533e-05,7.450580596923828e-09,6.034970283508301e-07,5.736947059631348e-07,0.9,0.9074074074074074,0.9320436507936508,0.9781873219373219,0.9,0.06619780510663986,0.06649375706911087,0.9962069392204285,114.55316162109375,170.44683837890625,0.4019409120082855,0.5980591177940369
55,True,0.05,0.009794216038168352,0.6828439831733704,0.06484343111515045,0.0032421716023236513,0.6860861778259277,0.00043865846237167716,0.00028371461667120457,7.450580596923828e-09,7.152557373046875e-07,5.811452865600586e-07,0.8833333333333333,0.8813222772906341,0.9161706349206349,0.967013888888889,0.8835168064557124,0.06666652858257294,0.06704776734113693,0.9951057434082031,112.82083129882812,172.17916870117188,0.3958625793457031,0.6041374206542969
56,True,0.05,0.009782377118595071,0.684542179107666,0.07423780858516693,0.0037118904292583466,0.6882540583610535,0.0002906614390667528,0.0002840860397554934,3.725290298461914e-09,6.631016731262207e-07,4.842877388000488e-07,0.8666666666666667,0.8684343434343434,0.9057539682539683,0.9631187678062677,0.8665782828282829,0.067138671875,0.06760625541210175,0.9985474348068237,97.5905532836914,187.40945434570312,0.3424229919910431,0.6575770378112793
57,True,0.05,0.009770214747331984,0.6634892225265503,0.06575388461351395,0.0032876941841095686,0.6667768955230713,9.719564695842564e-05,7.704745075898245e-05,7.450580596923828e-09,6.183981895446777e-07,6.407499313354492e-07,0.8833333333333333,0.9098967820279297,0.9161706349206349,0.9589565527065527,0.8843533697632059,0.06760659068822861,0.06816019117832184,0.9971504807472229,85.89859771728516,199.10140991210938,0.3013986051082611,0.6986014246940613
58,True,0.05,0.009757729755661011,0.6253550052642822,0.044355183839797974,0.00221775914542377,0.627572774887085,0.00013511982979252934,0.00018093199469149113,7.450580596923828e-09,6.48200511932373e-07,6.183981895446777e-07,0.8833333333333333,0.9098967820279297,0.9161706349206349,0.9555383852258853,0.8843533697632059,0.0680733323097229,0.06871513277292252,0.9992163777351379,74.61814880371094,210.38186645507812,0.2618180811405182,0.738182008266449
59,True,0.05,0.009744922996914747,0.6417121887207031,0.04651428014039993,0.002325714100152254,0.6440379023551941,0.0001814828283386305,0.00011359747441019863,7.450580596923828e-09,6.258487701416016e-07,6.183981895446777e-07,0.8333333333333334,0.8542468950570976,0.8740079365079364,0.9532935236060237,0.8329449028923896,0.06854061782360077,0.06925971060991287,0.9995795488357544,84.74018859863281,200.2598114013672,0.2973340153694153,0.7026660442352295
60,True,0.05,0.00973179534641814,0.6664444208145142,0.05314410477876663,0.002657205332070589,0.6691016554832458,0.00037538394099101424,0.00022956430620979518,3.725290298461914e-09,6.705522537231445e-07,5.066394805908203e-07,0.85,0.8679913893028647,0.8898809523809524,0.9588525828207431,0.8498973339956948,0.06899400055408478,0.06980530917644501,0.9987093210220337,88.21819305419922,196.78179931640625,0.30953752994537354,0.6904624700546265
61,True,0.05,0.009718347701428667,0.6510403156280518,0.05033516138792038,0.0025167581625282764,0.6535570621490479,7.160194218158722e-05,0.00013518623018171638,7.450580596923828e-09,6.407499313354492e-07,5.066394805908203e-07,0.8666666666666667,0.8805034591981329,0.9002976190476191,0.970117266992267,0.8664282737351005,0.06944084167480469,0.07035158574581146,0.9976868629455566,91.44953918457031,193.5504608154297,0.3208755850791931,0.6791244149208069
62,True,0.05,0.009704580981074998,0.596227765083313,0.031094765290617943,0.0015547382645308971,0.5977824926376343,0.0002945216547232121,9.008954657474533e-05,7.450580596923828e-09,6.034970283508301e-07,5.960464477539062e-07,0.85,0.8666666666666667,0.8844246031746031,0.9743971306471306,0.8493650793650793,0.06989490985870361,0.07089675962924957,0.9998463988304138,93.00003051757812,191.99998474121094,0.32631590962409973,0.6736841797828674
63,True,0.05,0.009690496126294182,0.6045598983764648,0.03535210341215134,0.0017676051938906312,0.606327474117279,6.665557157248259e-05,6.956588185857981e-05,3.725290298461914e-09,6.556510925292969e-07,5.066394805908203e-07,0.8666666666666667,0.8775446775446776,0.8893849206349206,0.9795482295482296,0.8647552447552447,0.0703476071357727,0.07144021987915039,0.999863862991333,107.6682357788086,177.33175659179688,0.37778329849243164,0.6222167015075684
64,True,0.05,0.009676094099767331,0.6397616863250732,0.04827135056257248,0.0024135676212608814,0.6421752572059631,0.0002869965392164886,0.00020137010142207146,7.450580596923828e-09,6.631016731262207e-07,4.76837158203125e-07,0.9,0.9067600233391682,0.9265873015873015,0.969608636471844,0.8999116445778111,0.07079300284385681,0.07198227196931839,0.9993189573287964,114.1466064453125,170.8533935546875,0.4005144238471985,0.5994855761528015
65,True,0.05,0.009661375885853831,0.6474502682685852,0.04290395975112915,0.002145197940990329,0.6495954394340515,7.909913983894512e-05,0.00020515815413091332,7.450580596923828e-09,5.736947059631348e-07,6.407499313354492e-07,0.8833333333333333,0.8940718662030137,0.9161706349206349,0.958260320436028,0.8832927637025999,0.07123328000307083,0.07252711802721024,0.9972308874130249,121.42353820800781,163.5764617919922,0.42604750394821167,0.5739524960517883
66,True,0.05,0.00964634249052405,0.6510357856750488,0.061701491475105286,0.0030850747134536505,0.6541208624839783,9.159668843494728e-05,0.00020965623843949288,7.450580596923828e-09,6.854534149169922e-07,5.289912223815918e-07,0.8833333333333333,0.8940718662030137,0.9161706349206349,0.9822223494098493,0.8832927637025999,0.07167031615972519,0.0730704590678215,0.9989674687385559,127.02983093261719,157.97015380859375,0.4457187056541443,0.5542812347412109
67,True,0.05,0.009630994941290591,0.6782426834106445,0.07168957591056824,0.003584478748962283,0.681827187538147,3.2029061003413517e-06,1.5146160876611248e-05,7.450580596923828e-09,6.92903995513916e-07,5.662441253662109e-07,0.8833333333333333,0.8884057971014493,0.8943452380952381,0.984559422059422,0.8797826086956522,0.07210571318864822,0.07360981404781342,0.9998583197593689,136.79869079589844,148.20130920410156,0.4799954295158386,0.5200046300888062
68,True,0.05,0.009615334287138054,0.6667072772979736,0.053189717233181,0.0026594859082251787,0.6693667769432068,8.033811172936112e-05,0.0003647766716312617,7.450580596923828e-09,6.258487701416016e-07,5.662441253662109e-07,0.8833333333333333,0.8884057971014493,0.8943452380952381,0.9743049196174196,0.8797826086956522,0.0725414976477623,0.07415461540222168,0.9999241828918457,151.9530792236328,133.04690551757812,0.5331687331199646,0.4668312668800354
69,True,0.05,0.00959936159845135,0.6630545854568481,0.0624355673789978,0.00312177836894989,0.6661763787269592,0.00033053444349206984,0.00042374327313154936,7.450580596923828e-09,6.034970283508301e-07,5.736947059631348e-07,0.8666666666666667,0.8775446775446776,0.8893849206349206,0.970317707493415,0.8647552447552447,0.07297375053167343,0.07469835877418518,0.9997596144676208,136.84959411621094,148.150390625,0.4801740348339081,0.5198259353637695
70,True,0.05,0.009583077966942534,0.5905223488807678,0.03910693898797035,0.001955346902832389,0.5924776792526245,0.00045304151717573404,0.00024124483752530068,7.450580596923828e-09,6.258487701416016e-07,5.438923835754395e-07,0.8666666666666667,0.8805034591981329,0.9002976190476191,0.9695736598743675,0.8664282737351005,0.07342270761728287,0.0752488225698471,0.9992597103118896,129.1062469482422,155.89373779296875,0.453004390001297,0.5469955801963806
71,True,0.05,0.009566484505576189,0.6199830770492554,0.05180201306939125,0.00259010074660182,0.62257319688797,0.0003369076002854854,0.00016382947796955705,7.450580596923828e-09,5.960464477539062e-07,5.885958671569824e-07,0.9,0.9058773712737128,0.9211309523809524,0.9730131252831725,0.8995392953929539,0.07387780398130417,0.0757993757724762,0.9997957944869995,120.10487365722656,164.8951416015625,0.4214206039905548,0.5785794854164124
72,True,0.05,0.009549582348493355,0.5918347835540771,0.0430666022002697,0.002153330249711871,0.5939881205558777,0.000796930689830333,0.0001508329005446285,7.450580596923828e-09,5.960464477539062e-07,6.705522537231445e-07,0.9166666666666666,0.9188034188034188,0.9315476190476191,0.9726411014736486,0.9161965811965813,0.07436037808656693,0.07635215669870377,0.9999250173568726,116.48326873779297,168.5167236328125,0.4087132215499878,0.5912867784500122
73,True,0.05,0.009532372650934018,0.5764223337173462,0.03298080340027809,0.0016490401467308402,0.5780713558197021,0.0004311503726057708,0.00011964829900534824,7.450580596923828e-09,5.885958671569824e-07,6.183981895446777e-07,0.8666666666666667,0.8805034591981329,0.9002976190476191,0.9653858872608873,0.8664282737351005,0.07485423237085342,0.07690562307834625,0.9988293647766113,106.14997863769531,178.8500213623047,0.37245607376098633,0.6275439262390137
74,True,0.05,0.009514856589158148,0.5823638439178467,0.03862958401441574,0.001931479200720787,0.5842953324317932,0.00038230448262766004,3.1795130780665204e-05,7.450580596923828e-09,6.780028343200684e-07,6.48200511932373e-07,0.85,0.8548894395730081,0.8898809523809524,0.9674558658933657,0.8497513978904562,0.07535650581121445,0.07745260000228882,0.9997401833534241,100.92265319824219,184.07733154296875,0.3541145920753479,0.6458854079246521
75,True,0.05,0.009497035360365296,0.558397114276886,0.03060189262032509,0.0015300946542993188,0.559927225112915,0.00028802244924008846,6.176361694087973e-06,7.450580596923828e-09,6.332993507385254e-07,5.140900611877441e-07,0.9,0.8842854449472096,0.9211309523809524,0.9577389711528864,0.9024886877828054,0.07586032897233963,0.07799550145864487,0.9996517300605774,99.15726470947266,185.84274291992188,0.3479202389717102,0.6520798206329346
76,True,0.05,0.00947891018261278,0.6144622564315796,0.04681498557329178,0.0023407493717968464,0.616802990436554,3.375774758751504e-05,4.584994167089462e-05,7.450580596923828e-09,6.48200511932373e-07,5.587935447692871e-07,0.85,0.8448744675065711,0.8953373015873015,0.9480758911773063,0.8503285597752198,0.07635749131441116,0.07853315770626068,0.9989967346191406,88.53526306152344,196.46475219726562,0.3106500506401062,0.6893500089645386
77,True,0.05,0.00946048229473242,0.5864651203155518,0.050380054861307144,0.0025190028827637434,0.5889841318130493,1.4292075320554432e-05,5.222500840318389e-05,7.450580596923828e-09,6.705522537231445e-07,5.438923835754395e-07,0.8666666666666667,0.8677035330261137,0.9002976190476191,0.9692333129833131,0.8665994623655915,0.07684816420078278,0.0790659636259079,0.9996206760406494,79.08625793457031,205.9137420654297,0.2774956524372101,0.7225043773651123
78,True,0.05,0.009441752956245879,0.6033329963684082,0.07077321410179138,0.003538660705089569,0.6068716645240784,9.997023153118789e-05,0.00020237914577592164,7.450580596923828e-09,6.780028343200684e-07,6.631016731262207e-07,0.8333333333333334,0.8503496503496505,0.8630952380952381,0.9668739824989826,0.8306449106449105,0.07733048498630524,0.07959065586328506,0.9999895691871643,73.30313110351562,211.69686889648438,0.25720396637916565,0.7427960634231567
79,True,0.05,0.009422723447278559,0.6765828132629395,0.08774644136428833,0.004387322347611189,0.6809701323509216,0.0008649882511235774,8.63233144627884e-05,7.450580596923828e-09,6.183981895446777e-07,6.407499313354492e-07,0.8166666666666667,0.8207315072986715,0.8154761904761904,0.963286871453145,0.8150019135093761,0.07779908925294876,0.08011432737112045,0.9999947547912598,44.23495864868164,240.76504516601562,0.15521039068698883,0.8447896242141724
80,True,0.05,0.00940339506847212,0.6915242075920105,0.11521533131599426,0.005760766565799713,0.697284996509552,0.0005538149853236973,4.576244464260526e-05,7.450580596923828e-09,6.109476089477539e-07,4.991888999938965e-07,0.8833333333333333,0.8931216931216931,0.9107142857142857,0.9714209401709403,0.882962962962963,0.07824894785881042,0.0806346982717514,0.9995410442352295,97.21348571777344,187.78651428222656,0.34109994769096375,0.6589000821113586
81,True,0.05,0.009383769140895582,0.5663788318634033,0.04360450804233551,0.0021802254486829042,0.5685590505599976,0.00039705829112790525,0.00016022086492739618,7.450580596923828e-09,6.556510925292969e-07,6.034970283508301e-07,0.8666666666666667,0.8677035330261137,0.9002976190476191,0.9645496286121286,0.8665994623655915,0.07871172577142715,0.08116082847118378,0.997956395149231,101.83210754394531,183.1678924560547,0.357305645942688,0.642694354057312
82,True,0.05,0.009363847005955023,0.5955868363380432,0.06087513640522957,0.0030437568202614784,0.5986306071281433,0.00033892830833792686,0.00015360611723735929,7.450580596923828e-09,6.48200511932373e-07,5.140900611877441e-07,0.85,0.864957264957265,0.878968253968254,0.9669789122914123,0.8483760683760685,0.07918567210435867,0.08167681097984314,0.9998006820678711,98.644287109375,186.35572814941406,0.34612032771110535,0.6538797616958618
83,True,0.05,0.009343630025301902,0.5891992449760437,0.045644611120224,0.0022822306491434574,0.5914814472198486,0.00029298686422407627,0.00042331754229962826,7.450580596923828e-09,5.438923835754395e-07,5.21540641784668e-07,0.8833333333333333,0.9086993970714902,0.9107142857142857,0.9669439356939357,0.8837639965546942,0.0796661376953125,0.08221038430929184,0.999498724937439,89.07067108154297,195.9293212890625,0.31252866983413696,0.687471330165863
84,True,0.05,0.00932311958073999,0.5812872052192688,0.051641546189785004,0.0025820774026215076,0.5838692784309387,0.00038312526885420084,0.0004992166068404913,7.450580596923828e-09,5.736947059631348e-07,5.587935447692871e-07,0.8333333333333334,0.8317550505050505,0.8050595238095237,0.9641153908547776,0.8335858585858585,0.08015815913677216,0.08276642858982086,0.9988741874694824,83.2058334350586,201.79417419433594,0.2919502854347229,0.7080497741699219
85,True,0.05,0.009302317074130931,0.6391558647155762,0.09540005773305893,0.004770002793520689,0.6439258456230164,0.00024713019956834614,0.00015020700811874121,7.450580596923828e-09,6.332993507385254e-07,5.662441253662109e-07,0.85,0.8427577559357683,0.8100198412698413,0.963553965470239,0.8491576669498038,0.08063890039920807,0.08332108706235886,0.9999956488609314,77.7445068359375,207.2554931640625,0.27278774976730347,0.7272122502326965
86,True,0.05,0.009281223927298419,0.5985710024833679,0.06544297933578491,0.0032721490133553743,0.6018431782722473,0.0005629194783978164,0.0002966642496176064,7.450580596923828e-09,5.960464477539062e-07,5.885958671569824e-07,0.8833333333333333,0.905345069524174,0.8998015873015873,0.9692110551485551,0.8814580941446614,0.08112738281488419,0.08387879282236099,0.9999947547912598,100.55044555664062,184.44955444335938,0.3528085947036743,0.6471914052963257
87,True,0.05,0.009259841581931017,0.5808647871017456,0.046250902116298676,0.0023125451989471912,0.5831773281097412,0.0004392518021631986,0.0005964990123175085,7.450580596923828e-09,4.991888999938965e-07,5.438923835754395e-07,0.9,0.9211309523809524,0.9211309523809524,0.9650138634513633,0.9,0.08161818981170654,0.08444409817457199,0.9999923706054688,92.7738037109375,192.2261962890625,0.32552212476730347,0.6744778752326965
88,True,0.05,0.00923817149948363,0.5622180700302124,0.054363660514354706,0.0027181829791516066,0.5649362802505493,0.0005423675174824893,8.98171347216703e-05,7.450580596923828e-09,5.364418029785156e-07,5.364418029785156e-07,0.8666666666666667,0.8684343434343434,0.9057539682539683,0.9486107991414595,0.8665782828282829,0.0821269154548645,0.08500812202692032,0.9990180730819702,87.52613067626953,197.473876953125,0.3071092367172241,0.6928908228874207
89,True,0.05,0.00921621516107761,0.59398353099823,0.05648302286863327,0.0028241511899977922,0.5968076586723328,0.00010273048974340782,2.1333344193408266e-05,7.450580596923828e-09,5.736947059631348e-07,5.662441253662109e-07,0.8666666666666667,0.8579723362213102,0.9057539682539683,0.9412412360525568,0.8676029791761667,0.08263012021780014,0.08556672185659409,0.9991308450698853,82.657470703125,202.342529296875,0.2900262176990509,0.7099738121032715
90,True,0.05,0.009193974067399517,0.619849681854248,0.06977454572916031,0.003488727379590273,0.6233384013175964,1.0100995496031828e-05,0.00016934947052504867,7.450580596923828e-09,5.21540641784668e-07,5.289912223815918e-07,0.8666666666666667,0.8792005420054201,0.8948412698412698,0.9264304468461307,0.8657994579945799,0.08312585949897766,0.08612523972988129,0.9999679923057556,98.58880615234375,186.41119384765625,0.34592562913894653,0.6540743708610535
91,True,0.05,0.009171449738598562,0.6595016717910767,0.07475970685482025,0.0037379853893071413,0.6632396578788757,0.0004466736863832921,0.00017977229435928166,7.450580596923828e-09,6.631016731262207e-07,5.140900611877441e-07,0.85,0.864957264957265,0.878968253968254,0.9383222800086007,0.8483760683760685,0.08360901474952698,0.08668110519647598,0.9999606013298035,105.84297180175781,179.15704345703125,0.3713788688182831,0.6286212205886841
92,True,0.05,0.009148643714182699,0.6410022377967834,0.06529218703508377,0.0032646094914525747,0.6442668437957764,0.0002951432252302766,0.00011054235801566392,7.450580596923828e-09,5.364418029785156e-07,6.109476089477539e-07,0.85,0.8666666666666667,0.8844246031746031,0.9418726146320485,0.8493650793650793,0.08408185094594955,0.08723384886980057,0.999419093132019,113.43092346191406,171.569091796875,0.3980032503604889,0.6019968390464783
93,True,0.05,0.009125557552913402,0.6087945699691772,0.06481225788593292,0.0032406130339950323,0.6120351552963257,0.00041826380765996873,4.229701517033391e-05,7.450580596923828e-09,5.364418029785156e-07,5.140900611877441e-07,0.8166666666666667,0.8184235173268074,0.8690476190476191,0.9410287367244914,0.8163403728209313,0.0845647007226944,0.08778327703475952,0.9982031583786011,121.1591796875,163.8408203125,0.42511993646621704,0.574880063533783
94,True,0.05,0.009102192832699127,0.676785945892334,0.09545724093914032,0.0047728619538247585,0.6815587878227234,0.0002345268876524642,0.000295269739581272,7.450580596923828e-09,6.258487701416016e-07,4.76837158203125e-07,0.85,0.8448744675065711,0.8953373015873015,0.9466158732078543,0.8503285597752198,0.085047148168087,0.08832050114870071,0.9987409114837646,123.7874755859375,161.21253967285156,0.43434202671051025,0.5656580328941345
95,True,0.05,0.009078551150487465,0.6181051731109619,0.07654842734336853,0.003827421460300684,0.6219325661659241,0.0005542555009014904,0.00010475175076862797,7.450580596923828e-09,5.662441253662109e-07,5.21540641784668e-07,0.8666666666666667,0.8677035330261137,0.9002976190476191,0.9617210837729706,0.8665994623655915,0.08553527295589447,0.08885159343481064,0.9999172687530518,110.61837005615234,174.38162231445312,0.388134628534317,0.6118653416633606
96,True,0.05,0.00905463412215599,0.5757995843887329,0.06402812898159027,0.0032014064490795135,0.5790010094642639,0.0006256811902858317,0.00014715323050040752,7.450580596923828e-09,5.587935447692871e-07,4.76837158203125e-07,0.8666666666666667,0.8792005420054201,0.8948412698412698,0.9753160612535612,0.8657994579945799,0.08604049682617188,0.08938613533973694,0.9999916553497314,92.514404296875,192.485595703125,0.32461196184158325,0.6753880977630615
97,True,0.05,0.009030443382401818,0.6373267769813538,0.09403587877750397,0.004701794125139713,0.6420285701751709,0.0005780531209893525,0.00011528956383699551,7.450580596923828e-09,6.034970283508301e-07,5.587935447692871e-07,0.9,0.9058773712737128,0.9211309523809524,0.9815132783882784,0.8995392953929539,0.08655530214309692,0.08992136269807816,0.9999819397926331,84.49158477783203,200.5084228515625,0.29646170139312744,0.7035383582115173
98,True,0.05,0.009005980584629878,0.5991922616958618,0.07326748222112656,0.003663374111056328,0.6028556227684021,6.610130367334932e-05,0.0005920069525018334,1.4901161193847656e-08,5.885958671569824e-07,4.544854164123535e-07,0.8833333333333333,0.871179072721985,0.9161706349206349,0.9746761035086506,0.8848762455801994,0.08705916255712509,0.0904783084988594,0.999803900718689,73.51828002929688,211.48171997070312,0.25795888900756836,0.7420411109924316
99,True,0.05,0.008981247400839902,0.622822642326355,0.07748110592365265,0.003874055342748761,0.6266967058181763,0.0001943816023413092,0.00042669117101468146,7.450580596923828e-09,5.811452865600586e-07,5.21540641784668e-07,0.8666666666666667,0.8497354497354497,0.9057539682539683,0.9812248864430467,0.8696296296296296,0.08756488561630249,0.09105342626571655,0.999799370765686,68.13314819335938,216.86685180664062,0.23906368017196655,0.7609363198280334
100,True,0.05,0.00895624552151215,0.6114139556884766,0.08083729445934296,0.00404186500236392,0.6154558062553406,0.00020526169100776315,0.0005539190606214106,1.4901161193847656e-08,5.662441253662109e-07,5.140900611877441e-07,0.9333333333333333,0.9325542005420054,0.9474206349206349,0.9828119720513588,0.933279132791328,0.08807279914617538,0.09165170043706894,0.9999902248382568,66.79900360107422,218.2010040283203,0.2343824803829193,0.7656175494194031
101,True,0.05,0.008930976655491857,0.596539318561554,0.07949774712324142,0.003974887542426586,0.6005142331123352,7.597003423143178e-05,8.817844354780391e-05,7.450580596923828e-09,6.332993507385254e-07,5.140900611877441e-07,0.9333333333333333,0.9325542005420054,0.9474206349206349,0.9851140681034548,0.933279132791328,0.0885705053806305,0.09224287420511246,0.9999860525131226,69.711669921875,215.288330078125,0.24460235238075256,0.7553976774215698
102,True,0.05,0.008905442529872458,0.5554068684577942,0.042000673711299896,0.002100033685564995,0.5575069189071655,8.771693683229387e-05,0.0005294096190482378,1.4901161193847656e-08,6.854534149169922e-07,5.885958671569824e-07,0.9166666666666666,0.9201523431031627,0.9424603174603176,0.9606896041153116,0.9166881934095049,0.08906350284814835,0.09284090250730515,0.9982397556304932,75.60530090332031,209.39468383789062,0.2652817666530609,0.7347182035446167
103,True,0.05,0.008879644889877513,0.6276901960372925,0.08524354547262192,0.004262177273631096,0.6319523453712463,0.0004426375380717218,0.0002529619086999446,7.450580596923828e-09,6.183981895446777e-07,4.246830940246582e-07,0.9,0.8946969696969697,0.9320436507936508,0.9575035540542616,0.9002651515151515,0.08954443037509918,0.09343218058347702,0.9982397556304932,79.37873077392578,205.62127685546875,0.278521865606308,0.7214781641960144
104,True,0.05,0.008853585498741453,0.614059329032898,0.07448210567235947,0.0037241054233163595,0.6177834272384644,9.626593964640051e-05,0.0003329026803839952,7.450580596923828e-09,6.258487701416016e-07,6.109476089477539e-07,0.9,0.8937499999999999,0.9211309523809524,0.9627468639850715,0.9004166666666668,0.09001849591732025,0.09401903301477432,0.9995891451835632,86.14228057861328,198.8577117919922,0.3022536337375641,0.6977463960647583
105,True,0.05,0.008827266137589043,0.5953553318977356,0.046764276921749115,0.0023382138460874557,0.5976935625076294,4.678102413890883e-05,0.0007445043884217739,7.450580596923828e-09,6.780028343200684e-07,4.172325134277344e-07,0.9,0.9058773712737128,0.9211309523809524,0.9712239193371269,0.8995392953929539,0.09048561006784439,0.094632588326931,0.9998533725738525,99.94219207763672,185.05780029296875,0.3506743609905243,0.6493256092071533
106,True,0.05,0.008800688605313658,0.5963172912597656,0.0402093306183815,0.002010466530919075,0.5983277559280396,2.5379606086062267e-05,0.00057269970420748,7.450580596923828e-09,6.183981895446777e-07,5.885958671569824e-07,0.8666666666666667,0.8630952380952381,0.8630952380952381,0.9730276438708042,0.8666666666666667,0.09094806015491486,0.09524364769458771,0.9990118145942688,107.2628402709961,177.73716735839844,0.37636086344718933,0.6236392259597778
107,True,0.05,0.008773854718454323,0.6034390926361084,0.05881774052977562,0.0029408871196210384,0.6063799858093262,0.0004351543029770255,0.00048799061914905906,1.4901161193847656e-08,5.811452865600586e-07,6.034970283508301e-07,0.8666666666666667,0.8784287418008349,0.8630952380952381,0.975891165307439,0.8673822301729278,0.0914195254445076,0.09585913270711899,0.9994211792945862,112.72502136230469,172.2749786376953,0.3955264091491699,0.6044736504554749
108,True,0.05,0.008746766311071562,0.619414210319519,0.06472019851207733,0.0032360099721699953,0.6226502060890198,0.0008409683941863477,8.250447535829153e-06,7.450580596923828e-09,5.960464477539062e-07,6.854534149169922e-07,0.85,0.8538037166085947,0.8844246031746031,0.9744670838420838,0.8494700929152148,0.09191545099020004,0.09646144509315491,0.9995667934417725,111.68862915039062,173.31137084960938,0.39188992977142334,0.6081100702285767
109,True,0.05,0.008719425234622036,0.584293007850647,0.04321737214922905,0.0021608686074614525,0.5864538550376892,0.0008376148762181401,0.0003788268659263849,7.450580596923828e-09,5.21540641784668e-07,6.407499313354492e-07,0.8666666666666667,0.8792005420054201,0.8948412698412698,0.9719678469678471,0.8657994579945799,0.09244531393051147,0.09707421064376831,0.9992843866348267,82.41801452636719,202.5819854736328,0.289186030626297,0.7108139991760254
110,True,0.05,0.008691833357832001,0.5913012027740479,0.055162105709314346,0.0027581052854657173,0.5940592885017395,0.00018972290854435414,0.0002715025038924068,7.450580596923828e-09,6.183981895446777e-07,4.76837158203125e-07,0.8666666666666667,0.8948412698412698,0.8948412698412698,0.9705369861619862,0.8666666666666667,0.09297320991754532,0.09768874198198318,0.9995183944702148,70.93101501464844,214.06898498535156,0.2488807588815689,0.7511192560195923
111,True,0.05,0.008663992566569587,0.5880879759788513,0.06049560755491257,0.003024780424311757,0.5911127328872681,1.465618970541982e-05,5.149229764356278e-06,7.450580596923828e-09,7.152557373046875e-07,4.3213367462158203e-07,0.8833333333333333,0.8895331037122082,0.8680555555555555,0.976060108872609,0.8828042479908151,0.09348976612091064,0.09828974306583405,0.9999858140945435,65.43738555908203,219.5626220703125,0.22960487008094788,0.7703951597213745
112,True,0.05,0.00863590476371589,0.6520962715148926,0.08639516681432724,0.004319758620113134,0.6564160585403442,0.0003757026279345155,0.00026942993281409144,1.4901161193847656e-08,6.705522537231445e-07,5.736947059631348e-07,0.8666666666666667,0.8784287418008349,0.8630952380952381,0.9703185474117078,0.8673822301729278,0.09399214386940002,0.09887479245662689,0.999976396560669,51.37242889404297,233.6275634765625,0.18025414645671844,0.8197458386421204
113,True,0.05,0.008607571869034929,0.6748844385147095,0.11254776269197464,0.005627388134598732,0.6805118322372437,3.8879761632415466e-07,0.0008517237729392946,1.4901161193847656e-08,5.513429641723633e-07,5.513429641723633e-07,0.85,0.8672076319973683,0.8581349206349206,0.9595111987505854,0.8514675512180858,0.09448619186878204,0.09943539649248123,0.9986646175384521,64.52947235107422,220.4705352783203,0.22641921043395996,0.7735808491706848
114,True,0.05,0.008578995819042416,0.6033473610877991,0.06363305449485779,0.0031816528644412756,0.6065289974212646,0.00040940428152680397,4.902734872302972e-06,7.450580596923828e-09,5.736947059631348e-07,6.556510925292969e-07,0.8833333333333333,0.9098967820279297,0.9161706349206349,0.956374643874644,0.8843533697632059,0.09499023854732513,0.09998778253793716,0.9974536299705505,69.59187316894531,215.40811157226562,0.2441820204257965,0.7558179497718811
115,True,0.05,0.00855017856687341,0.5631327629089355,0.04563524201512337,0.002281762193888426,0.565414547920227,0.0005215100245550275,0.00023398738994728774,7.450580596923828e-09,5.811452865600586e-07,6.258487701416016e-07,0.8166666666666667,0.8184235173268074,0.8690476190476191,0.9617705789580789,0.8163403728209313,0.09550914913415909,0.10054498165845871,0.9975733160972595,62.67133331298828,222.3286590576172,0.21989941596984863,0.7801005840301514
116,True,0.05,0.00852112208214882,0.6193735003471375,0.061339445412158966,0.0030669723637402058,0.6224404573440552,0.0002078180987155065,0.0001261345751117915,7.450580596923828e-09,6.258487701416016e-07,5.438923835754395e-07,0.8333333333333334,0.8395833333333332,0.8685515873015873,0.9379244887057387,0.8320833333333333,0.0960242971777916,0.10108902305364609,0.9980378150939941,67.40471649169922,217.59527587890625,0.23650778830051422,0.763492226600647
117,True,0.05,0.008491828350840775,0.6769160628318787,0.0717826634645462,0.0035891332663595676,0.6805052161216736,0.0005120192072354257,0.0005178683204576373,1.4901161193847656e-08,5.662441253662109e-07,5.587935447692871e-07,0.8666666666666667,0.8929292929292929,0.8893849206349206,0.9424698565323565,0.8653535353535353,0.09651990234851837,0.10163706541061401,0.9994363188743591,62.69851303100586,222.30148315429688,0.21999478340148926,0.7800052165985107
118,True,0.05,0.0084622993751369,0.5989800691604614,0.04988131672143936,0.0024940657895058393,0.6014741063117981,0.0002723759680520743,0.000754755805246532,7.450580596923828e-09,6.183981895446777e-07,5.140900611877441e-07,0.8666666666666667,0.8963831867057674,0.9002976190476191,0.9603874135124135,0.8675464320625611,0.09700039029121399,0.10219939053058624,0.9988278150558472,59.795616149902344,225.20437622070312,0.20980918407440186,0.7901908159255981
119,True,0.05,0.008432537173303462,0.5672750473022461,0.051982805132865906,0.0025991403963416815,0.5698741674423218,5.69190269743558e-05,0.0003576787421479821,1.4901161193847656e-08,6.631016731262207e-07,4.842877388000488e-07,0.8666666666666667,0.880269139843608,0.8740079365079364,0.9516559829059829,0.8677868703400619,0.09747704863548279,0.10277429968118668,0.9976848363876343,66.4103775024414,218.58963012695312,0.2330188751220703,0.7669811844825745
120,True,0.05,0.00840254377954742,0.6035299301147461,0.0689852237701416,0.00344926118850708,0.6069791913032532,2.501400922483299e-05,0.0002032722841249779,1.4901161193847656e-08,6.109476089477539e-07,5.289912223815918e-07,0.85,0.8672076319973683,0.8581349206349206,0.9506525805169673,0.8514675512180858,0.09794742614030838,0.10334131121635437,0.9994834661483765,67.34510040283203,217.65489196777344,0.236298605799675,0.7637013792991638
121,True,0.05,0.008372321243877393,0.6105239391326904,0.08151009678840637,0.004075504839420319,0.6145994663238525,0.00010557984205661342,8.845518459565938e-05,1.4901161193847656e-08,6.332993507385254e-07,4.842877388000488e-07,0.8333333333333334,0.8539288668320927,0.8422619047619048,0.9635957214082214,0.8350041356492971,0.09841641038656235,0.10390271991491318,0.9999817609786987,77.10224914550781,207.89773559570312,0.2705342173576355,0.7294657826423645
122,True,0.05,0.00834187163196355,0.5574548244476318,0.03475845605134964,0.0017379227792844176,0.5591927766799927,0.0003878302813973278,0.00020768035028595477,7.450580596923828e-09,5.289912223815918e-07,5.736947059631348e-07,0.8666666666666667,0.8792005420054201,0.8948412698412698,0.9578482205251073,0.8657994579945799,0.09888792037963867,0.10445968061685562,0.9999846816062927,85.569580078125,199.430419921875,0.30024415254592896,0.699755847454071
123,True,0.05,0.008311197024996417,0.563508152961731,0.032478950917720795,0.0016239475226029754,0.5651320815086365,0.0003944488416891545,0.00029662688029929996,7.450580596923828e-09,6.407499313354492e-07,5.736947059631348e-07,0.8833333333333333,0.8931216931216931,0.9107142857142857,0.9575811265080133,0.882962962962963,0.0993669405579567,0.10501939058303833,0.9999657869338989,88.78675079345703,196.2132568359375,0.31153246760368347,0.6884675621986389
124,True,0.05,0.008280299519544634,0.5702161192893982,0.04355453699827194,0.0021777269430458546,0.5723938345909119,0.00015642282960470766,0.00024186374503187835,1.4901161193847656e-08,5.885958671569824e-07,5.885958671569824e-07,0.8833333333333333,0.9098967820279297,0.9161706349206349,0.97152586996337,0.8843533697632059,0.09984715282917023,0.1055842712521553,0.9999256134033203,88.514892578125,196.485107421875,0.3105785846710205,0.6894214153289795
125,True,0.05,0.008249181227411657,0.5381331443786621,0.027198534458875656,0.0013599267695099115,0.5394930839538574,0.00041434381273575127,0.00025682669365778565,1.4901161193847656e-08,6.407499313354492e-07,5.736947059631348e-07,0.9,0.9231884057971014,0.9320436507936508,0.970734126984127,0.9010144927536231,0.10033703595399857,0.10615098476409912,0.9978694319725037,93.90511322021484,191.09487915039062,0.32949164509773254,0.6705083847045898
126,True,0.05,0.008217844275491416,0.6274845600128174,0.07679969072341919,0.0038399845361709595,0.6313245296478271,0.0004506625991780311,0.00031279190443456173,7.450580596923828e-09,6.407499313354492e-07,5.066394805908203e-07,0.8833333333333333,0.9098967820279297,0.9161706349206349,0.9735131766381766,0.8843533697632059,0.10080824047327042,0.10671482235193253,0.999058723449707,96.32098388671875,188.67901611328125,0.3379683792591095,0.6620316505432129
127,True,0.05,0.008186290805622951,0.632941484451294,0.07078637927770615,0.0035393189173191786,0.6364808082580566,0.00030659500043839216,0.00023164841695688665,7.450580596923828e-09,5.736947059631348e-07,6.258487701416016e-07,0.9166666666666666,0.9188034188034188,0.9315476190476191,0.957411223036223,0.9161965811965813,0.10126946121454239,0.10727045685052872,0.9999533891677856,101.29387664794922,183.70611572265625,0.3554171323776245,0.6445828676223755
128,True,0.05,0.008154522974444009,0.5884244441986084,0.04231063276529312,0.0021155315916985273,0.5905399918556213,4.086342869413784e-06,0.00013235867663752288,1.4901161193847656e-08,5.21540641784668e-07,6.034970283508301e-07,0.8666666666666667,0.8652977139819246,0.8893849206349206,0.9296811406186406,0.8655070441254651,0.10172448307275772,0.10782421380281448,0.9999840259552002,107.99153137207031,177.0084686279297,0.3789176642894745,0.6210823655128479
129,True,0.05,0.008122542953243656,0.5597410202026367,0.02827509306371212,0.001413754653185606,0.5611547827720642,0.0002425235725240782,0.00041050641448237,7.450580596923828e-09,5.811452865600586e-07,5.885958671569824e-07,0.85,0.8423910454870208,0.878968253968254,0.9536561283318359,0.8503024529649916,0.10216125845909119,0.10839231312274933,0.9998698830604553,108.01963806152344,176.98037719726562,0.37901628017425537,0.6209837794303894
130,True,0.05,0.008090352927813856,0.568548321723938,0.03428846225142479,0.0017144231824204326,0.5702627301216125,0.0003321388503536582,0.0001362826587865129,7.450580596923828e-09,6.631016731262207e-07,5.066394805908203e-07,0.8666666666666667,0.8579723362213102,0.9057539682539683,0.9646477790640526,0.8676029791761667,0.10260385274887085,0.10895305871963501,0.9993394613265991,113.16349792480469,171.8365020751953,0.3970649242401123,0.6029351353645325
131,True,0.05,0.008057955098300092,0.570297122001648,0.051438625901937485,0.002571931341663003,0.572869062423706,0.00042052558274008334,9.324825441581197e-06,7.450580596923828e-09,5.960464477539062e-07,7.227063179016113e-07,0.8666666666666667,0.8579723362213102,0.9057539682539683,0.9683602779121646,0.8676029791761667,0.1030648872256279,0.10950173437595367,0.9998538494110107,109.4727783203125,175.5272216796875,0.3841150104999542,0.6158850193023682
132,True,0.05,0.008025351679050973,0.5281752943992615,0.02431117556989193,0.0012155588483437896,0.5293908715248108,0.00044334278209134936,8.554892701795325e-05,7.450580596923828e-09,5.289912223815918e-07,5.364418029785156e-07,0.8833333333333333,0.8806458897922312,0.9107142857142857,0.9741650132275131,0.883474480578139,0.10354358702898026,0.11004546284675598,0.9999762177467346,106.9436264038086,178.05636596679688,0.3752408027648926,0.6247591972351074
133,True,0.05,0.0079925448984669,0.5318183898925781,0.02167918160557747,0.0010839591268450022,0.5329023599624634,0.0004697405965998769,0.00014749921683687717,7.450580596923828e-09,5.513429641723633e-07,5.811452865600586e-07,0.9,0.9058773712737128,0.9211309523809524,0.9558658933658934,0.8995392953929539,0.10403943061828613,0.11058854311704636,0.9999918937683105,105.7659683227539,179.23403930664062,0.37110868096351624,0.6288914084434509
134,True,0.05,0.007959536998847744,0.5245416164398193,0.02160871960222721,0.0010804360499605536,0.5256220698356628,0.00043063887278549373,9.868790948530659e-05,1.4901161193847656e-08,5.885958671569824e-07,6.034970283508301e-07,0.9,0.9196969696969698,0.9156746031746031,0.9484953703703703,0.8990151515151514,0.10454846173524857,0.11112770438194275,0.9999967813491821,102.60372924804688,182.39627075195312,0.36001309752464294,0.6399869322776794
135,True,0.05,0.007926330236239594,0.5470831394195557,0.029945161193609238,0.0014972580829635262,0.5485804080963135,0.0001811238907976076,0.00011973026266787201,7.450580596923828e-09,5.289912223815918e-07,6.407499313354492e-07,0.9166666666666666,0.9337085678549094,0.9315476190476191,0.9547498219373219,0.9162914321450907,0.10505573451519012,0.11166451126337051,0.9999980330467224,101.48416137695312,183.51583862304688,0.35608479380607605,0.6439152359962463
136,True,0.05,0.00789292688028057,0.5322314500808716,0.022549163550138474,0.0011274581775069237,0.5333589315414429,0.0004827829252462834,0.00010200464021181688,1.4901161193847656e-08,6.183981895446777e-07,5.587935447692871e-07,0.8666666666666667,0.8677035330261137,0.9002976190476191,0.9509800886569755,0.8665994623655915,0.10557755082845688,0.11219785362482071,0.9999854564666748,98.88523864746094,186.11476135253906,0.3469657599925995,0.6530342698097229
137,True,0.05,0.00785932921404568,0.5267902612686157,0.02089691162109375,0.0010448455577716231,0.5278351306915283,0.00032725860364735126,0.00016258192772511393,1.4901161193847656e-08,6.556510925292969e-07,5.885958671569824e-07,0.8666666666666667,0.8666666666666667,0.8948412698412698,0.9331344046851123,0.8662499999999999,0.10610394179821014,0.11273182928562164,0.9999992847442627,96.01490783691406,188.98509216308594,0.3368944227695465,0.6631056070327759
138,True,0.05,0.007825539533890782,0.5328508615493774,0.024769151583313942,0.0012384576257318258,0.5340893268585205,9.942586621036753e-05,0.000212157639907673,7.450580596923828e-09,6.109476089477539e-07,6.258487701416016e-07,0.8833333333333333,0.8918803418803418,0.9052579365079364,0.935121711359919,0.8822863247863248,0.1066218912601471,0.1132693812251091,0.9999996423721313,94.5749740600586,190.42501831054688,0.3318420350551605,0.6681579947471619
139,True,0.05,0.007791560149295626,0.5299985408782959,0.018485676497220993,0.0009242838132195175,0.5309228301048279,8.16212486824952e-05,0.00020132279314566404,7.450580596923828e-09,6.48200511932373e-07,5.066394805908203e-07,0.8833333333333333,0.8918803418803418,0.9052579365079364,0.9353538287795363,0.8822863247863248,0.10713111609220505,0.1138092428445816,0.9999998807907104,93.17080688476562,191.82919311523438,0.32691511511802673,0.6730849146842957
140,True,0.05,0.007757393382706014,0.5522795915603638,0.037843186408281326,0.0018921593436971307,0.5541717410087585,0.0001468570699216798,6.604746158700436e-05,1.4901161193847656e-08,6.109476089477539e-07,6.407499313354492e-07,0.8833333333333333,0.8918803418803418,0.9052579365079364,0.9557082886976755,0.8822863247863248,0.1076250746846199,0.11433929204940796,0.9999998807907104,93.09961700439453,191.900390625,0.32666534185409546,0.6733347177505493
141,True,0.05,0.00772304156937506,0.5909976959228516,0.05349215865135193,0.002674608025699854,0.5936722755432129,0.00011947539314860478,9.251788287656382e-05,7.450580596923828e-09,5.885958671569824e-07,7.078051567077637e-07,0.9,0.9196969696969698,0.9156746031746031,0.9635130494505493,0.8990151515151514,0.10810110718011856,0.11486490815877914,0.9999621510505676,93.02104187011719,191.97897338867188,0.3263896405696869,0.6736104488372803
142,True,0.05,0.00768850705720357,0.5695425271987915,0.059603460133075714,0.002980173099786043,0.5725226998329163,0.00012098886509193107,6.690678128506988e-05,7.450580596923828e-09,5.662441253662109e-07,6.48200511932373e-07,0.9,0.9196969696969698,0.9156746031746031,0.9660250050875051,0.8990151515151514,0.108560711145401,0.1153758093714714,0.9999997019767761,96.99748992919922,188.00250244140625,0.34034207463264465,0.659657895565033
143,True,0.05,0.00765379220657958,0.5672919154167175,0.04643143713474274,0.002321571810171008,0.569613516330719,0.0007874028524383903,0.00015987118240445852,1.4901161193847656e-08,5.513429641723633e-07,4.76837158203125e-07,0.8833333333333333,0.8918803418803418,0.9052579365079364,0.9616529304029303,0.8822863247863248,0.10905508697032928,0.11588820815086365,0.9999996423721313,89.0702133178711,195.92979431152344,0.312527060508728,0.6874729990959167
144,True,0.05,0.007618899390217016,0.540813684463501,0.02998657338321209,0.0014993286458775401,0.5423130393028259,0.0003462904132902622,0.00031004587071947753,7.450580596923828e-09,6.407499313354492e-07,5.21540641784668e-07,0.8833333333333333,0.8918803418803418,0.9052579365079364,0.9496398490354858,0.8822863247863248,0.10955668240785599,0.11641153693199158,0.9999989867210388,88.66923522949219,196.3307647705078,0.3111201226711273,0.6888799071311951
145,True,0.05,0.007583830992993526,0.5261592864990234,0.02420881763100624,0.001210440881550312,0.5273697376251221,0.0004567224532365799,0.0004265789466444403,7.450580596923828e-09,5.736947059631348e-07,5.513429641723633e-07,0.8833333333333333,0.8918803418803418,0.9052579365079364,0.9334091179610047,0.8822863247863248,0.11007060110569,0.11695192754268646,0.9999926090240479,87.04026794433594,197.959716796875,0.3054044544696808,0.6945955157279968
146,True,0.05,0.007548589411787477,0.5382696986198425,0.03441265970468521,0.001720633008517325,0.5399903059005737,0.00038462341763079166,3.4538003092166036e-05,7.450580596923828e-09,6.48200511932373e-07,5.513429641723633e-07,0.8666666666666667,0.8652977139819246,0.8893849206349206,0.9221394542738883,0.8655070441254651,0.11058489233255386,0.11748121678829193,0.9999724626541138,86.85469055175781,198.14529418945312,0.30475330352783203,0.6952466368675232
147,True,0.05,0.007513177055314133,0.5350687503814697,0.01956472545862198,0.0009782363194972277,0.5360469818115234,0.00032367141102440655,0.0003514844283927232,7.450580596923828e-09,6.332993507385254e-07,5.587935447692871e-07,0.8666666666666667,0.8652977139819246,0.8893849206349206,0.9126989526458867,0.8655070441254651,0.11110257357358932,0.11802166700363159,0.9999498128890991,88.53121948242188,196.46878051757812,0.31063586473464966,0.6893641352653503
148,True,0.05,0.0074775963439610155,0.5878964066505432,0.044358253479003906,0.0022179128136485815,0.5901142954826355,0.0005515667144209146,0.000342164101311937,7.450580596923828e-09,6.780028343200684e-07,5.811452865600586e-07,0.8666666666666667,0.8666666666666667,0.8948412698412698,0.9146026274564011,0.8662499999999999,0.11157405376434326,0.11857128143310547,0.999957799911499,90.2539291381836,194.74607849121094,0.3166804611682892,0.6833195686340332
149,True,0.05,0.007441849709622487,0.5823934674263,0.05095406621694565,0.0025477034505456686,0.5849411487579346,0.00026636035181581974,9.173617581836879e-05,7.450580596923828e-09,6.556510925292969e-07,6.034970283508301e-07,0.8666666666666667,0.8666666666666667,0.8948412698412698,0.9391166627310495,0.8662499999999999,0.1120198592543602,0.11910049617290497,0.9999844431877136,104.03300476074219,180.96697998046875,0.3650280833244324,0.6349718570709229
150,True,0.05,0.007405939595533515,0.5411633253097534,0.03173181414604187,0.0015865907771512866,0.5427499413490295,0.00018746363639365882,0.0001247071340912953,1.4901161193847656e-08,6.109476089477539e-07,5.513429641723633e-07,0.9166666666666666,0.9195767195767196,0.9370039682539683,0.9465493996743995,0.9165608465608465,0.11246787011623383,0.11962537467479706,0.9998379945755005,110.00215148925781,174.99783325195312,0.3859724700450897,0.6140275001525879
151,True,0.05,0.007369868456102699,0.5431865453720093,0.04428794980049133,0.0022143975365906954,0.5454009175300598,0.00039625310455448925,6.699228833895177e-05,7.450580596923828e-09,5.364418029785156e-07,6.183981895446777e-07,0.9333333333333333,0.9474206349206349,0.9474206349206349,0.9572236212861213,0.9333333333333333,0.11291048675775528,0.12013725936412811,0.9996720552444458,106.1031494140625,178.89686584472656,0.37229177355766296,0.6277083158493042
152,True,0.05,0.0073336387567445056,0.5885131359100342,0.07394103705883026,0.003697051899507642,0.5922101736068726,0.00027401052648201585,0.00016798463184386492,1.4901161193847656e-08,6.258487701416016e-07,5.438923835754395e-07,0.9,0.9196969696969698,0.9156746031746031,0.967350936100936,0.8990151515151514,0.1133536621928215,0.12063135951757431,0.9999996423721313,110.86192321777344,174.1380615234375,0.3889892101287842,0.611010730266571
153,True,0.05,0.007297252973710758,0.5439577698707581,0.034283801913261414,0.001714190118946135,0.5456719398498535,0.0006779672112315893,3.412574005778879e-05,1.4901161193847656e-08,4.991888999938965e-07,5.587935447692871e-07,0.8833333333333333,0.903120511816164,0.8943452380952381,0.9476082366707367,0.8796775035905472,0.11382562667131424,0.12111341953277588,0.9999997615814209,117.19851684570312,167.80148315429688,0.4112228751182556,0.5887771248817444
154,True,0.05,0.007260713593921394,0.520508885383606,0.019579295068979263,0.0009789647301658988,0.521487832069397,0.0006441616569645703,0.00020413218589965254,7.450580596923828e-09,5.438923835754395e-07,5.289912223815918e-07,0.8666666666666667,0.8652977139819246,0.8893849206349206,0.938899063899064,0.8655070441254651,0.11431486904621124,0.12159771472215652,0.9999998807907104,114.70901489257812,170.29098510742188,0.40248778462409973,0.5975122451782227
155,True,0.05,0.007224023114794484,0.5626752376556396,0.05118470638990402,0.002559235319495201,0.5652344822883606,0.00015276249905582517,3.848913183901459e-05,7.450580596923828e-09,5.662441253662109e-07,5.21540641784668e-07,0.85,0.8423910454870208,0.878968253968254,0.9410031792107264,0.8503024529649916,0.11479900777339935,0.12207022309303284,0.9999982714653015,108.31562805175781,176.6843719482422,0.3800548315048218,0.6199451684951782
156,True,0.05,0.00718718404407554,0.5312356948852539,0.023165017366409302,0.0011582508450374007,0.5323939323425293,0.00020764864166267216,0.0001841005141614005,7.450580596923828e-09,5.066394805908203e-07,4.6938657760620117e-07,0.85,0.8360951915530084,0.8898809523809524,0.9430423208430284,0.8527026226546418,0.11528140306472778,0.12254664301872253,0.9999866485595703,100.49468994140625,184.50531005859375,0.3526129424571991,0.6473870873451233
157,True,0.05,0.0071501988996661115,0.5401414036750793,0.022184664383530617,0.0011092332424595952,0.5412506461143494,0.0004995068302378058,6.461496468546102e-06,7.450580596923828e-09,5.513429641723633e-07,6.258487701416016e-07,0.8666666666666667,0.8497354497354497,0.9057539682539683,0.9357989854746931,0.8696296296296296,0.1157769113779068,0.12301454693078995,0.999998927116394,91.80238342285156,193.19761657714844,0.32211363315582275,0.6778863668441772
158,True,0.05,0.007113070209451689,0.5215753316879272,0.01987786591053009,0.0009938933653756976,0.5225692391395569,0.0005457065417431295,0.0001299206051044166,7.450580596923828e-09,5.662441253662109e-07,5.662441253662109e-07,0.8833333333333333,0.8631220893735675,0.9216269841269842,0.9426848156211364,0.8863786332647192,0.116287462413311,0.12348280847072601,0.9999970197677612,83.02235412597656,201.9776611328125,0.2913065254688263,0.7086935639381409
159,True,0.05,0.007075800511128927,0.5307537317276001,0.03372076153755188,0.0016860381001606584,0.5324397683143616,0.00010110277798958123,0.00027803386910818517,7.450580596923828e-09,5.885958671569824e-07,4.842877388000488e-07,0.8833333333333333,0.8631220893735675,0.9216269841269842,0.9479911794180662,0.8863786332647192,0.11678702384233475,0.12396086007356644,0.9999936819076538,78.19501495361328,206.8049774169922,0.2743684649467468,0.7256315350532532
160,True,0.05,0.0070383923520322,0.5316212177276611,0.031235087662935257,0.0015617543831467628,0.5331829786300659,0.00014845532132312655,0.00022617394279222935,7.450580596923828e-09,6.258487701416016e-07,6.705522537231445e-07,0.8833333333333333,0.871179072721985,0.9161706349206349,0.9590392246642248,0.8848762455801994,0.11727908253669739,0.12444407492876053,0.9999970197677612,72.34693908691406,212.653076171875,0.2538489103317261,0.7461511492729187
161,True,0.05,0.007000848288959491,0.533477246761322,0.027387842535972595,0.0013693921500816941,0.5348466634750366,0.00021806360746268183,0.00025303949951194227,1.4901161193847656e-08,5.811452865600586e-07,4.917383193969727e-07,0.8666666666666667,0.8497354497354497,0.9057539682539683,0.9412795123290407,0.8696296296296296,0.11776622384786606,0.12493092566728592,0.9999966621398926,73.54960632324219,211.45037841796875,0.2580687999725342,0.741931140422821
162,True,0.05,0.006963170887997639,0.5134920477867126,0.017547722905874252,0.0008773861336521804,0.5143694281578064,0.0001738884748192504,0.00031044564093463123,1.4901161193847656e-08,5.736947059631348e-07,5.885958671569824e-07,0.8833333333333333,0.870806100217865,0.9107142857142857,0.9453930721619401,0.8851525054466232,0.11824808269739151,0.1254269927740097,0.9999963045120239,74.26917266845703,210.7308349609375,0.26059359312057495,0.7394064664840698
163,True,0.05,0.006925362724346952,0.5188384652137756,0.017476484179496765,0.0008738242322579026,0.5197122693061829,0.00018952522077597678,0.0003401562571525574,1.4901161193847656e-08,5.811452865600586e-07,5.21540641784668e-07,0.8666666666666667,0.8575153113959982,0.9002976190476191,0.9437625207819783,0.8679116335755388,0.11872579157352448,0.1259329468011856,0.9999963045120239,75.69963073730469,209.3003692626953,0.26561275124549866,0.7343872785568237
164,True,0.05,0.006887426382145193,0.5407600402832031,0.025267545133829117,0.0012633772566914558,0.5420234203338623,0.00024166604271158576,0.0002802294329740107,7.450580596923828e-09,6.109476089477539e-07,5.960464477539062e-07,0.8666666666666667,0.8579723362213102,0.9057539682539683,0.9336590536472612,0.8676029791761667,0.11918096989393234,0.12643636763095856,0.9999961853027344,77.29316711425781,207.7068328857422,0.2712041139602661,0.7287959456443787
165,True,0.05,0.006849364454290958,0.520513653755188,0.020988058298826218,0.001049402984790504,0.5215630531311035,5.585379039985128e-05,0.00017036162898875773,7.450580596923828e-09,5.960464477539062e-07,4.917383193969727e-07,0.85,0.8450666307713016,0.9007936507936508,0.9408324358206434,0.8495490644770494,0.11962062865495682,0.12693729996681213,0.9999417066574097,78.70417785644531,206.29583740234375,0.276155024766922,0.7238450646400452
166,True,0.05,0.006811179542266458,0.5280802249908447,0.02097460813820362,0.0010487304534763098,0.5291289687156677,0.00010482307698111981,0.00012275800690986216,7.450580596923828e-09,6.109476089477539e-07,5.066394805908203e-07,0.8666666666666667,0.8581624220569454,0.9112103174603176,0.9400883882015957,0.8669596574261889,0.12005508691072464,0.12743262946605682,0.9999445676803589,78.00985717773438,206.99014282226562,0.27371880412101746,0.7262812256813049
167,True,0.05,0.006772874255959703,0.533443033695221,0.033612001687288284,0.0016806001076474786,0.5351236462593079,6.403623410733417e-05,0.0001687289768597111,7.450580596923828e-09,6.034970283508301e-07,5.960464477539062e-07,0.8666666666666667,0.8579723362213102,0.9057539682539683,0.9409659828291903,0.8676029791761667,0.12048238515853882,0.12792566418647766,0.9999977350234985,76.01066589355469,208.9893341064453,0.26670408248901367,0.7332959175109863
168,True,0.05,0.006734451213486133,0.518750786781311,0.01740746572613716,0.0008703732746653259,0.5196211338043213,8.141386206261814e-05,0.000295371311949566,1.4901161193847656e-08,6.407499313354492e-07,4.76837158203125e-07,0.8833333333333333,0.871179072721985,0.9161706349206349,0.9352743365125441,0.8848762455801994,0.12090399116277695,0.1284245401620865,0.9999982118606567,77.15005493164062,207.84994506835938,0.27070194482803345,0.7292980551719666
169,True,0.05,0.006695913041009662,0.5303928256034851,0.024407070130109787,0.0012203535297885537,0.5316131711006165,2.1533303879550658e-05,7.192612974904478e-05,1.4901161193847656e-08,6.556510925292969e-07,5.811452865600586e-07,0.8666666666666667,0.8579723362213102,0.9057539682539683,0.9410866910866912,0.8676029791761667,0.12131693214178085,0.12891387939453125,0.9999986886978149,81.82257080078125,203.17742919921875,0.2870967388153076,0.7129032611846924
170,True,0.05,0.006657262372563185,0.5518882274627686,0.04462102800607681,0.0022310514468699694,0.5541192889213562,0.0001901041978271678,0.0003650473663583398,1.4901161193847656e-08,5.662441253662109e-07,6.258487701416016e-07,0.8666666666666667,0.8579723362213102,0.9057539682539683,0.9487370268620268,0.8676029791761667,0.1217312291264534,0.12936538457870483,0.9999987483024597,86.05549621582031,198.9445037841797,0.3019491136074066,0.6980509161949158
171,True,0.05,0.006618501849868548,0.5291317701339722,0.027298472821712494,0.001364923664368689,0.5304967164993286,0.00039388652658089995,0.00014804882812313735,7.450580596923828e-09,6.407499313354492e-07,5.21540641784668e-07,0.8666666666666667,0.8579723362213102,0.9057539682539683,0.9414715536472612,0.8676029791761667,0.12215766310691833,0.12981656193733215,0.9999980926513672,87.97380065917969,197.02618408203125,0.30867999792099,0.6913199424743652
172,True,0.05,0.006579634122155991,0.5173866748809814,0.017551684752106667,0.0008775842725299299,0.5182642340660095,0.00029905769042670727,0.0002837026258930564,7.450580596923828e-09,6.407499313354492e-07,5.811452865600586e-07,0.8666666666666667,0.8684343434343434,0.9057539682539683,0.9399135052142128,0.8665782828282829,0.12258955091238022,0.13027594983577728,0.9999971985816956,87.76327514648438,197.23672485351562,0.3079413175582886,0.6920586824417114
173,True,0.05,0.006540661845983073,0.5425765514373779,0.03246048465371132,0.001623024232685566,0.5441995859146118,0.00026951191830448806,6.810919148847461e-05,7.450580596923828e-09,6.183981895446777e-07,5.364418029785156e-07,0.8666666666666667,0.8684343434343434,0.9057539682539683,0.9421524274118612,0.8665782828282829,0.12302450835704803,0.13072843849658966,0.9999963045120239,85.16539764404297,199.83460998535156,0.2988259494304657,0.7011740803718567
174,True,0.05,0.0065015876850531016,0.5717185735702515,0.042296841740608215,0.0021148421801626682,0.5738334059715271,0.0002152974484488368,0.0005799589562229812,7.450580596923828e-09,5.960464477539062e-07,5.513429641723633e-07,0.8333333333333334,0.8410778289810548,0.8740079365079364,0.9396327325277797,0.832728494623656,0.12343521416187286,0.13120725750923157,0.9999924898147583,81.77403259277344,203.2259521484375,0.2869264483451843,0.7130735516548157
175,True,0.05,0.006462414310033072,0.5466291904449463,0.040864355862140656,0.0020432178862392902,0.5486724376678467,9.018574928632006e-05,0.000670880195684731,7.450580596923828e-09,5.21540641784668e-07,4.6193599700927734e-07,0.8333333333333334,0.8410778289810548,0.8740079365079364,0.9288176446195314,0.832728494623656,0.12384086847305298,0.13171479105949402,0.9999935626983643,79.47758483886719,205.52243041992188,0.27886873483657837,0.7211313247680664
176,True,0.05,0.0064231443983711325,0.5520934462547302,0.03678097203373909,0.0018390485784038901,0.5539324879646301,0.0004565989365801215,0.00014684957568533719,1.4901161193847656e-08,5.513429641723633e-07,5.364418029785156e-07,0.85,0.8538037166085947,0.8844246031746031,0.9167602575621444,0.8494700929152148,0.12424859404563904,0.13220970332622528,0.9999960064888,78.62855529785156,206.37144470214844,0.27588966488838196,0.7241103649139404
177,True,0.05,0.006383780634113578,0.5496542453765869,0.04319814592599869,0.0021599072497338057,0.5518141388893127,0.0002992663939949125,0.00021421624114736915,7.450580596923828e-09,6.48200511932373e-07,6.854534149169922e-07,0.85,0.8538037166085947,0.8844246031746031,0.9199335888604755,0.8494700929152148,0.12466248124837875,0.13270218670368195,0.9999986886978149,80.71846771240234,204.28152465820312,0.2832227051258087,0.7167772650718689
178,True,0.05,0.006344325707721409,0.5325380563735962,0.022397182881832123,0.0011198591673746705,0.5336579084396362,0.0005621368181891739,1.8475442630006e-05,1.4901161193847656e-08,6.109476089477539e-07,5.811452865600586e-07,0.8666666666666667,0.8792005420054201,0.8948412698412698,0.9139684891453759,0.8657994579945799,0.1250956654548645,0.13317732512950897,0.9999996423721313,81.50819396972656,203.49180603027344,0.28599366545677185,0.7140063643455505
179,True,0.05,0.006304782315886434,0.5217900276184082,0.018760494887828827,0.0009380247793160379,0.5227280259132385,0.00041435452294535935,0.0003091916732955724,7.450580596923828e-09,5.21540641784668e-07,6.109476089477539e-07,0.8666666666666667,0.8792005420054201,0.8948412698412698,0.9155265375784243,0.8657994579945799,0.12553797662258148,0.13365747034549713,0.9999997019767761,80.96629333496094,204.03372192382812,0.2840922772884369,0.7159078121185303
180,True,0.05,0.0062651531613469565,0.5296117067337036,0.03183186426758766,0.0015915932599455118,0.5312033295631409,0.00028144315001554787,0.00022883866040501744,1.4901161193847656e-08,6.258487701416016e-07,5.811452865600586e-07,0.8666666666666667,0.8792005420054201,0.8948412698412698,0.9210496602890471,0.8657994579945799,0.12598109245300293,0.13413673639297485,0.9999999403953552,81.29891967773438,203.70108032226562,0.2852593660354614,0.7147406339645386
181,True,0.05,0.00622544095270305,0.5358188152313232,0.03554864227771759,0.0017774321604520082,0.5375962257385254,8.425808482570574e-05,6.075724741094746e-05,1.4901161193847656e-08,6.705522537231445e-07,5.513429641723633e-07,0.85,0.8666666666666667,0.8844246031746031,0.9358161438055306,0.8493650793650793,0.12641210854053497,0.13460253179073334,0.9999998807907104,81.61994934082031,203.38006591796875,0.28638580441474915,0.713614284992218
182,True,0.05,0.006185648404231421,0.5286069512367249,0.02830979786813259,0.0014154899399727583,0.5300224423408508,0.0005117320688441396,0.00011361220822436735,7.450580596923828e-09,7.003545761108398e-07,6.109476089477539e-07,0.8333333333333334,0.8555555555555556,0.8794642857142857,0.937107098221485,0.8333333333333334,0.1268567442893982,0.13504643738269806,0.9999997019767761,81.16399383544922,203.83599853515625,0.2847859561443329,0.7152140736579895
183,True,0.05,0.0061457782356999025,0.5465338230133057,0.03949252516031265,0.001974626211449504,0.5485084652900696,5.701023110304959e-05,0.0001263932790607214,1.4901161193847656e-08,5.960464477539062e-07,5.811452865600586e-07,0.8333333333333334,0.8555555555555556,0.8794642857142857,0.9337700128531496,0.8333333333333334,0.1272890865802765,0.13548578321933746,0.9999997615814209,79.67768859863281,205.3223114013672,0.2795708477497101,0.7204291820526123
184,True,0.05,0.006105833172181549,0.5181629657745361,0.018659599125385284,0.0009329799795523286,0.5190959572792053,0.0003224741667509079,0.00013573696196544915,7.450580596923828e-09,5.662441253662109e-07,5.21540641784668e-07,0.85,0.8679913893028647,0.8898809523809524,0.9383630760399629,0.8498973339956948,0.1277243047952652,0.13592129945755005,0.9999997615814209,77.27108001708984,207.7289276123047,0.2711265981197357,0.7288734316825867
185,True,0.05,0.006065815943868391,0.525754451751709,0.027809593826532364,0.001390479737892747,0.5271449089050293,0.00030755798798054457,5.04207237099763e-05,7.450580596923828e-09,6.556510925292969e-07,5.662441253662109e-07,0.8833333333333333,0.8931216931216931,0.9107142857142857,0.9226442751649119,0.882962962962963,0.1281551569700241,0.13634656369686127,0.9999997019767761,75.12918090820312,209.87081909179688,0.26361116766929626,0.7363888621330261
186,True,0.05,0.006025729285884828,0.5284318923950195,0.027892030775547028,0.0013946015387773514,0.5298265218734741,8.921424159780145e-05,0.00025915729929693043,1.4901161193847656e-08,5.960464477539062e-07,5.066394805908203e-07,0.8666666666666667,0.8792005420054201,0.8948412698412698,0.9291213050794419,0.8657994579945799,0.12856656312942505,0.1367766261100769,0.999999463558197,73.24394989013672,211.75604248046875,0.2569963335990906,0.7430036664009094
187,True,0.05,0.005985575938100685,0.5146669745445251,0.017540806904435158,0.0008770403801463544,0.5155439972877502,0.00017042610852513462,0.00023572643112856895,1.4901161193847656e-08,6.258487701416016e-07,6.705522537231445e-07,0.8666666666666667,0.8792005420054201,0.8948412698412698,0.9364171053439921,0.8657994579945799,0.1289740949869156,0.13720917701721191,0.9999994039535522,71.94398498535156,213.05601501464844,0.25243502855300903,0.747564971446991
188,True,0.05,0.005945358644943944,0.519384503364563,0.017546886578202248,0.0008773443405516446,0.520261824131012,0.0001561233220854774,0.00028404712793417275,1.4901161193847656e-08,5.960464477539062e-07,5.960464477539062e-07,0.9,0.9067600233391682,0.9265873015873015,0.9513393937037805,0.8999116445778111,0.12937715649604797,0.13764669001102448,0.9999995231628418,71.60154724121094,213.39845275878906,0.2512335181236267,0.7487665414810181
189,True,0.05,0.005905080155213171,0.5179263949394226,0.016102179884910583,0.000805108982603997,0.5187314748764038,0.00018600764451548457,7.129136065486819e-05,7.450580596923828e-09,5.811452865600586e-07,5.662441253662109e-07,0.8666666666666667,0.8814814814814814,0.9057539682539683,0.9516474037405641,0.8666666666666667,0.12977753579616547,0.13807503879070282,0.9999996423721313,72.55668640136719,212.44332885742188,0.2545848786830902,0.745415210723877
190,True,0.05,0.005864743221889634,0.5178067684173584,0.016111619770526886,0.0008055809885263443,0.5186123251914978,0.00032081842073239386,0.00020663028408307582,7.450580596923828e-09,6.109476089477539e-07,5.21540641784668e-07,0.8833333333333333,0.8947514943093425,0.9216269841269842,0.9713773844080448,0.8832932121509866,0.13018229603767395,0.1385033279657364,0.9999176263809204,75.04058837890625,209.95941162109375,0.2633003294467926,0.7366997003555298
191,True,0.05,0.005824350601949144,0.5208771228790283,0.028769476339221,0.00143847381696105,0.5223156213760376,9.970096289180219e-05,0.00021311640739440918,1.4901161193847656e-08,5.21540641784668e-07,5.960464477539062e-07,0.9,0.9078340262492867,0.9375,0.9689345420477494,0.8998157658759273,0.1305791437625885,0.13893161714076996,0.9998133182525635,77.75381469726562,207.24618530273438,0.2728204131126404,0.7271795868873596
192,True,0.05,0.0057839050561736185,0.5387021899223328,0.06241827458143234,0.0031209138687700033,0.5418230891227722,0.0004467680992092937,0.00031044380739331245,7.450580596923828e-09,5.662441253662109e-07,6.109476089477539e-07,0.8833333333333333,0.8940718662030137,0.9161706349206349,0.9554240363497438,0.8832927637025999,0.13094846904277802,0.13935847580432892,0.9999997019767761,79.06474304199219,205.9352569580078,0.27742016315460205,0.722579836845398
193,True,0.05,0.005743409348962387,0.511574923992157,0.0150130745023489,0.0007506537367589772,0.5123255848884583,0.0003454208199400455,2.0443367247935385e-05,1.4901161193847656e-08,6.258487701416016e-07,6.258487701416016e-07,0.9333333333333333,0.9325542005420054,0.9474206349206349,0.9620282538914614,0.933279132791328,0.1313258409500122,0.13977043330669403,0.9999997615814209,81.16787719726562,203.83212280273438,0.28479957580566406,0.7152004241943359
194,True,0.05,0.005702866248143243,0.5301908254623413,0.027895666658878326,0.001394783379510045,0.5315856337547302,0.00011240562162129208,9.837828838499263e-05,7.450580596923828e-09,6.556510925292969e-07,4.76837158203125e-07,0.9,0.9047397047397047,0.9156746031746031,0.9499708668340744,0.8988655788655788,0.13169696927070618,0.14017505943775177,0.9999996423721313,84.30686950683594,200.69314575195312,0.29581359028816223,0.7041864991188049
195,True,0.05,0.005662278524783272,0.5328956842422485,0.01975312829017639,0.0009876564145088196,0.5338833332061768,0.0002477751113474369,0.00036210063262842596,7.450580596923828e-09,6.109476089477539e-07,6.407499313354492e-07,0.8833333333333333,0.8884057971014493,0.8943452380952381,0.9484111085673584,0.8797826086956522,0.13207031786441803,0.14058992266654968,0.9999998211860657,85.91719055175781,199.0828094482422,0.3014638423919678,0.698536217212677
196,True,0.05,0.005621648952999453,0.5294967889785767,0.01668139174580574,0.0008340696222148836,0.5303308367729187,0.00023594923550263047,0.0002562110312283039,1.4901161193847656e-08,6.258487701416016e-07,6.109476089477539e-07,0.8833333333333333,0.8884057971014493,0.8943452380952381,0.942527090964591,0.8797826086956522,0.13244472444057465,0.1410071849822998,0.9999998807907104,86.92864227294922,198.07135009765625,0.3050127923488617,0.6949872374534607
197,True,0.05,0.005580980309769044,0.5153253674507141,0.01495292503386736,0.0007476462633349001,0.5160729885101318,0.0001937302586156875,0.00020663722534663975,1.4901161193847656e-08,6.109476089477539e-07,6.854534149169922e-07,0.9166666666666666,0.9308003655829743,0.9206349206349206,0.952549475986976,0.9140553597075337,0.13281768560409546,0.1414232850074768,1.0,87.74524688720703,197.2547607421875,0.3078780770301819,0.6921219825744629
198,True,0.05,0.005540275374739791,0.5788739919662476,0.038806039839982986,0.001940301968716085,0.5808143019676208,0.0005952956853434443,0.0001772494288161397,7.450580596923828e-09,6.705522537231445e-07,6.407499313354492e-07,0.95,0.9602251407129456,0.9578373015873015,0.9708040801790802,0.9497748592870544,0.13315443694591522,0.14183400571346283,0.9999998807907104,91.00450897216797,193.9954833984375,0.31931406259536743,0.6806859374046326
199,True,0.05,0.0054995369300399315,0.5145959258079529,0.014255490154027939,0.0007127745193429291,0.515308678150177,1.6402427718276158e-05,0.0002670455724000931,7.450580596923828e-09,6.556510925292969e-07,5.960464477539062e-07,0.9166666666666666,0.9347852836224929,0.9370039682539683,0.9668040293040293,0.916974283253353,0.13348226249217987,0.14224720001220703,0.9999997615814209,91.98451232910156,193.01548767089844,0.3227526843547821,0.6772473454475403
200,True,0.05,0.005458767760088046,0.5142562389373779,0.014248414896428585,0.0007124207331798971,0.5149686336517334,0.0003801370912697166,4.1124760173261166e-05,7.450580596923828e-09,6.258487701416016e-07,6.407499313354492e-07,0.9,0.9222873900293256,0.9265873015873015,0.9457576566951568,0.9006598240469208,0.13382212817668915,0.1426437497138977,0.9999619126319885,93.25730895996094,191.74267578125,0.327218621969223,0.6727813482284546
201,True,0.05,0.0054179706514027445,0.5515506863594055,0.05378998816013336,0.002689499408006668,0.5542401671409607,0.00046762486454099417,0.0004596889193635434,7.450580596923828e-09,6.407499313354492e-07,6.258487701416016e-07,0.8833333333333333,0.8940718662030137,0.9161706349206349,0.9539676180301179,0.8832927637025999,0.13417686522006989,0.14299961924552917,0.9999983310699463,90.52506256103516,194.47494506835938,0.3176318109035492,0.6823682188987732
202,True,0.05,0.005377148392412213,0.5166945457458496,0.015729079023003578,0.0007864539511501789,0.5174810290336609,0.0004982931423000991,0.00028419989394024014,7.450580596923828e-09,5.960464477539062e-07,6.705522537231445e-07,0.8833333333333333,0.8940718662030137,0.9161706349206349,0.9474315538584407,0.8832927637025999,0.13454604148864746,0.14336368441581726,0.9999985098838806,93.14995574951172,191.85003662109375,0.32684195041656494,0.6731580495834351
203,True,0.05,0.005336303773263628,0.51666259765625,0.015350207686424255,0.0007675103843212128,0.5174301266670227,0.0004522309172898531,0.00034942736965604126,7.450580596923828e-09,5.960464477539062e-07,5.364418029785156e-07,0.9,0.9067600233391682,0.9265873015873015,0.9483539941234517,0.8999116445778111,0.1349254846572876,0.14373859763145447,0.9999964237213135,95.92031860351562,189.07968139648438,0.33656251430511475,0.6634374856948853
204,True,0.05,0.005295439585632452,0.5113979578018188,0.014747530221939087,0.0007373765110969543,0.5121353268623352,0.00023774082364980131,0.0003587708924897015,7.450580596923828e-09,6.407499313354492e-07,5.513429641723633e-07,0.9,0.9067600233391682,0.9265873015873015,0.9453078504523079,0.8999116445778111,0.13530315458774567,0.14412334561347961,0.9999809265136719,93.92575073242188,191.07424926757812,0.32956403493881226,0.6704359650611877
205,True,0.05,0.005254558622531626,0.5193625688552856,0.017375612631440163,0.0008687806548550725,0.5202313661575317,0.00021267095871735364,0.00025780906435102224,7.450580596923828e-09,5.513429641723633e-07,6.109476089477539e-07,0.9,0.9211309523809524,0.9211309523809524,0.9522474053724054,0.9,0.13567636907100677,0.14450877904891968,0.9999946355819702,89.11277770996094,195.88722229003906,0.31267642974853516,0.6873236298561096
206,True,0.05,0.005213663678120677,0.5204547047615051,0.021619636565446854,0.0010809818049892783,0.5215356945991516,0.0001597669761395082,0.00013509321433957666,7.450580596923828e-09,6.258487701416016e-07,6.109476089477539e-07,0.8666666666666667,0.877044364849243,0.8576388888888888,0.9421900437525438,0.8666230788182008,0.13604401051998138,0.14488919079303741,0.999996542930603,80.789794921875,204.210205078125,0.2834729850292206,0.7165270447731018
207,True,0.05,0.005172757547514729,0.5527096390724182,0.044791046530008316,0.002239552326500416,0.554949164390564,0.0003739077365025878,0.0002829997683875263,1.4901161193847656e-08,6.258487701416016e-07,5.811452865600586e-07,0.8833333333333333,0.907191994996873,0.9052579365079364,0.929388609076109,0.8828080050031271,0.13640835881233215,0.14524808526039124,0.9999955892562866,79.95967102050781,205.04034423828125,0.2805602550506592,0.7194398045539856
208,True,0.05,0.0051318430265934745,0.5227446556091309,0.02304624766111374,0.001152312383055687,0.5238969922065735,0.00010116953490069136,0.0002881390100810677,7.450580596923828e-09,6.109476089477539e-07,5.364418029785156e-07,0.85,0.8538037166085947,0.8844246031746031,0.902203753618848,0.8494700929152148,0.13675464689731598,0.14561299979686737,0.9999630451202393,76.77516174316406,208.22482299804688,0.26938652992248535,0.7306134104728699
209,True,0.05,0.005090922911810069,0.5604572296142578,0.030775412917137146,0.001538770622573793,0.5619959831237793,6.76310301059857e-05,0.00022828098735772073,1.4901161193847656e-08,5.811452865600586e-07,5.662441253662109e-07,0.85,0.8538037166085947,0.8844246031746031,0.9044563544858355,0.8494700929152148,0.1370871216058731,0.1459757685661316,0.9999912977218628,76.84443664550781,208.1555633544922,0.2696295976638794,0.7303704023361206
210,True,0.05,0.005050000000000001,0.5207127928733826,0.02033308893442154,0.0010166544234380126,0.5217294692993164,2.8307382308412343e-05,0.0002942566352430731,1.4901161193847656e-08,6.258487701416016e-07,6.407499313354492e-07,0.85,0.8538037166085947,0.8844246031746031,0.9211306524101336,0.8494700929152148,0.13741040229797363,0.14633934199810028,0.9999966621398926,76.6068115234375,208.3931884765625,0.26879584789276123,0.7312042117118835
211,True,0.05,0.005009077088189933,0.5105186104774475,0.016423948109149933,0.0008211974054574966,0.5113397836685181,0.00033299537608399987,0.00020750053226947784,7.450580596923828e-09,6.109476089477539e-07,6.258487701416016e-07,0.8666666666666667,0.8792005420054201,0.8948412698412698,0.9315763562520637,0.8657994579945799,0.137740358710289,0.14670279622077942,0.9999977350234985,77.72977447509766,207.27023315429688,0.2727360427379608,0.7272639870643616
212,True,0.05,0.004968156973406526,0.5091407299041748,0.01650383695960045,0.0008251918479800224,0.5099658966064453,0.0003445988695602864,8.267073280876502e-05,1.4901161193847656e-08,5.811452865600586e-07,5.811452865600586e-07,0.8833333333333333,0.8931216931216931,0.9107142857142857,0.9381106205988282,0.882962962962963,0.1380765587091446,0.14705875515937805,0.9999984502792358,77.71414184570312,207.28585815429688,0.27268120646476746,0.7273188233375549
213,True,0.05,0.0049272424524852716,0.5225982666015625,0.027317125350236893,0.0013658562675118446,0.5239641070365906,0.000316363264573738,1.966620038729161e-05,7.450580596923828e-09,5.662441253662109e-07,5.811452865600586e-07,0.8833333333333333,0.8931216931216931,0.9107142857142857,0.940784740460448,0.882962962962963,0.1384166181087494,0.14740413427352905,0.9999988079071045,76.94267272949219,208.05731201171875,0.2699742913246155,0.7300256490707397
214,True,0.05,0.004886336321879326,0.5157857537269592,0.028284646570682526,0.001414232305251062,0.5171999931335449,0.0003060031740460545,2.5319379346910864e-05,7.450580596923828e-09,6.705522537231445e-07,5.364418029785156e-07,0.8833333333333333,0.8931216931216931,0.9107142857142857,0.9419707650839726,0.882962962962963,0.13875935971736908,0.14773720502853394,0.999998927116394,75.1180419921875,209.8819580078125,0.263572096824646,0.7364279627799988
215,True,0.05,0.004845441377468376,0.5411344766616821,0.03693946450948715,0.0018469732021912932,0.5429814457893372,0.00042371480958536267,0.00020172949007246643,1.4901161193847656e-08,5.960464477539062e-07,5.513429641723633e-07,0.8833333333333333,0.8931216931216931,0.9107142857142857,0.9386225507982583,0.882962962962963,0.1391025334596634,0.14806772768497467,0.9999988079071045,75.79641723632812,209.20358276367188,0.26595234870910645,0.7340476512908936
216,True,0.05,0.004804560414367551,0.5114049315452576,0.01764000579714775,0.0008820003131404519,0.5122869610786438,0.00035017909249290824,0.0002593544777482748,7.450580596923828e-09,6.407499313354492e-07,4.3213367462158203e-07,0.8833333333333333,0.8931216931216931,0.9107142857142857,0.932263169438877,0.882962962962963,0.13944947719573975,0.14840291440486908,0.9999986886978149,76.74618530273438,208.25381469726562,0.2692848742008209,0.7307151556015015
217,True,0.05,0.004763696226736375,0.5270707607269287,0.02957025170326233,0.0014785126550123096,0.5285492539405823,0.00031624166877008975,0.000126107654068619,7.450580596923828e-09,5.960464477539062e-07,5.364418029785156e-07,0.8833333333333333,0.8918803418803418,0.9052579365079364,0.9264379761136837,0.8822863247863248,0.1397978812456131,0.14873456954956055,0.9999986886978149,80.15052795410156,204.8494873046875,0.2812299430370331,0.7187701463699341
218,True,0.05,0.0047228516075877875,0.5237557888031006,0.01930796355009079,0.000965398212429136,0.5247212052345276,2.095714444294572e-05,0.0001105680494219996,1.4901161193847656e-08,6.258487701416016e-07,5.513429641723633e-07,0.9,0.9058773712737128,0.9211309523809524,0.9384749051612259,0.8995392953929539,0.14013290405273438,0.14905816316604614,0.9999984502792358,83.09028625488281,201.90972900390625,0.2915448844432831,0.7084552049636841
219,True,0.05,0.004682029348597257,0.5179558992385864,0.020903047174215317,0.001045152428559959,0.5190010666847229,0.0002831661549862474,0.000408351857913658,1.4901161193847656e-08,5.21540641784668e-07,8.195638656616211e-07,0.9166666666666666,0.9195767195767196,0.9370039682539683,0.9372539039402247,0.9165608465608465,0.14046844840049744,0.14939424395561218,0.9999978542327881,83.56744384765625,201.43255615234375,0.29321911931037903,0.7067809104919434
220,True,0.05,0.004641232239911956,0.5276943445205688,0.030052511021494865,0.001502625527791679,0.5291969776153564,7.441349589498714e-05,0.000271517870714888,1.1175870895385742e-08,6.109476089477539e-07,4.917383193969727e-07,0.9166666666666666,0.9195767195767196,0.9370039682539683,0.9379629749617958,0.9165608465608465,0.14079073071479797,0.14972057938575745,0.9999969601631165,83.72265625,201.27734375,0.2937637269496918,0.7062363028526306
221,True,0.05,0.00460046306996007,0.5241973996162415,0.0184828732162714,0.0009241436491720378,0.5251215696334839,6.610516720684245e-05,0.0002246041112812236,1.4901161193847656e-08,5.811452865600586e-07,4.3213367462158203e-07,0.9166666666666666,0.9195767195767196,0.9370039682539683,0.9386720459833668,0.9165608465608465,0.1411043256521225,0.15004843473434448,0.999998152256012,81.91542053222656,203.0845947265625,0.2874225378036499,0.7125775218009949
222,True,0.05,0.00455972462526021,0.5219182968139648,0.021613486111164093,0.0010806743521243334,0.5229989886283875,0.00017218710854649544,3.203275991836563e-05,1.4901161193847656e-08,6.258487701416016e-07,5.513429641723633e-07,0.9166666666666666,0.9195767195767196,0.9370039682539683,0.9405321650309859,0.9165608465608465,0.14141473174095154,0.15036694705486298,0.9999987483024597,79.68345642089844,205.3165283203125,0.27959108352661133,0.7204088568687439
223,True,0.05,0.0045190196902309574,0.5604814291000366,0.034163281321525574,0.0017081641126424074,0.5621895790100098,0.0001983012625714764,0.0005417180946096778,1.4901161193847656e-08,6.258487701416016e-07,6.258487701416016e-07,0.9166666666666666,0.9195767195767196,0.9370039682539683,0.9546544312169312,0.9165608465608465,0.14172324538230896,0.15064558386802673,0.9999993443489075,73.30171966552734,211.69827270507812,0.2571990191936493,0.7428009510040283
224,True,0.05,0.00447835104700055,0.5245654582977295,0.02370516210794449,0.0011852581519633532,0.5257506966590881,0.00032450357684865594,0.00027594363200478256,7.450580596923828e-09,5.811452865600586e-07,4.917383193969727e-07,0.9333333333333333,0.9474206349206349,0.9474206349206349,0.9523523351648352,0.9333333333333333,0.14203539490699768,0.15093255043029785,0.9999996423721313,64.0231704711914,220.97683715820312,0.22464270889759064,0.7753573656082153
225,True,0.05,0.004437721475216731,0.5217934846878052,0.024513090029358864,0.0012256545014679432,0.5230191349983215,0.00023400149075314403,0.00017250722157768905,1.4901161193847656e-08,6.556510925292969e-07,4.3213367462158203e-07,0.9166666666666666,0.9347852836224929,0.9370039682539683,0.9460851648351648,0.916974283253353,0.14234648644924164,0.1512211561203003,0.9999998807907104,56.824256896972656,228.17575073242188,0.19938336312770844,0.8006166815757751
226,True,0.05,0.00439713375185676,0.5293980836868286,0.028103217482566833,0.0014051608741283417,0.5308032631874084,0.0003484687767922878,0.000506845535710454,1.4901161193847656e-08,6.407499313354492e-07,4.917383193969727e-07,0.9166666666666666,0.9347852836224929,0.9370039682539683,0.94500407000407,0.916974283253353,0.14266136288642883,0.15152831375598907,0.9999997615814209,62.640716552734375,222.35928344726562,0.21979199349880219,0.7802080512046814
227,True,0.05,0.004356590651037616,0.5167235136032104,0.021029658615589142,0.0010514829773455858,0.5177749991416931,0.0004893717705272138,0.0001812031405279413,1.4901161193847656e-08,6.407499313354492e-07,5.513429641723633e-07,0.9166666666666666,0.9347852836224929,0.9370039682539683,0.9466320716320716,0.916974283253353,0.14298544824123383,0.15183478593826294,0.9999996423721313,68.86573791503906,216.13424682617188,0.24163417518138885,0.75836580991745
228,True,0.05,0.004316094943826382,0.5250174403190613,0.023127630352973938,0.0011563815642148256,0.5261738300323486,6.736646901117638e-05,0.0001992889156099409,1.4901161193847656e-08,5.811452865600586e-07,4.917383193969727e-07,0.9166666666666666,0.9347852836224929,0.9370039682539683,0.953700524013024,0.916974283253353,0.14329299330711365,0.1521412581205368,0.9999997615814209,73.50846862792969,211.49151611328125,0.25792446732521057,0.742075502872467
229,True,0.05,0.0042756493980508565,0.5108819007873535,0.01602558232843876,0.0008012791513465345,0.5116831660270691,0.000226783609832637,0.000305971538182348,1.1175870895385742e-08,5.811452865600586e-07,4.917383193969727e-07,0.9166666666666666,0.9347852836224929,0.9370039682539683,0.9568166208791209,0.916974283253353,0.14359840750694275,0.15245282649993896,0.9999995231628418,78.04911041259766,206.9508819580078,0.273856520652771,0.726143479347229
230,True,0.05,0.0042352567781103675,0.5365311503410339,0.03513859212398529,0.0017569296760484576,0.5382880568504333,6.179184856591746e-05,9.231639705831185e-05,1.1175870895385742e-08,6.556510925292969e-07,6.109476089477539e-07,0.9166666666666666,0.9347852836224929,0.9370039682539683,0.9549787596662597,0.916974283253353,0.14388905465602875,0.15275776386260986,0.9999994039535522,82.45065307617188,202.54934692382812,0.2893005311489105,0.7106994986534119
231,True,0.05,0.004194919844786831,0.539197564125061,0.030483201146125793,0.0015241600340232253,0.5407217144966125,0.00037532273563556373,0.000309895200189203,7.450580596923828e-09,5.662441253662109e-07,5.364418029785156e-07,0.9,0.9211309523809524,0.9211309523809524,0.9601076007326007,0.9,0.1441623419523239,0.15305817127227783,0.9999991655349731,86.66348266601562,198.33651733398438,0.30408239364624023,0.6959176063537598
232,True,0.05,0.004154641355056057,0.5355384349822998,0.027495186775922775,0.0013747593620792031,0.5369132161140442,0.00020617512927856296,0.0005173725076019764,1.0244548320770264e-08,5.364418029785156e-07,5.066394805908203e-07,0.9166666666666666,0.9337085678549094,0.9315476190476191,0.9554334554334555,0.9162914321450907,0.14441756904125214,0.15337377786636353,0.999998927116394,89.9462890625,195.0537109375,0.31560102105140686,0.6843990087509155
233,True,0.05,0.004114424061899316,0.5139766931533813,0.016327887773513794,0.0008163944003172219,0.5147930979728699,0.0004163731064181775,0.0001948469434864819,1.4901161193847656e-08,6.407499313354492e-07,6.854534149169922e-07,0.9,0.9196969696969698,0.9156746031746031,0.9500152625152625,0.8990151515151514,0.1446831375360489,0.1536865383386612,0.9999986886978149,90.88240051269531,194.1175994873047,0.3188856244087219,0.6811143755912781
234,True,0.05,0.004074270714115174,0.5204430818557739,0.016924269497394562,0.0008462134865112603,0.5212892889976501,0.00013346152263693511,0.0005747770774178207,1.4901161193847656e-08,6.407499313354492e-07,5.364418029785156e-07,0.85,0.8538037166085947,0.8844246031746031,0.9448641636141636,0.8494700929152148,0.1449456363916397,0.15401500463485718,0.9999991059303284,89.90436553955078,195.09564208984375,0.3154539167881012,0.6845461130142212
235,True,0.05,0.004034184056131611,0.5364484190940857,0.014418050646781921,0.0007209025206975639,0.537169337272644,0.0003466796188149601,0.00016761530423536897,1.1175870895385742e-08,6.109476089477539e-07,6.556510925292969e-07,0.85,0.8538037166085947,0.8844246031746031,0.9316812860444936,0.8494700929152148,0.14521408081054688,0.15433721244335175,0.9999994039535522,89.70988464355469,195.2901153564453,0.31477153301239014,0.6852284669876099
236,True,0.05,0.003994166827818454,0.5357584953308105,0.023678410798311234,0.0011839205399155617,0.5369424223899841,6.456411483668489e-06,0.0002661499020177871,1.1175870895385742e-08,6.854534149169922e-07,4.470348358154297e-07,0.8333333333333334,0.8305024606223292,0.8740079365079364,0.9353442897074973,0.8336341617685626,0.14547279477119446,0.15465831756591797,0.9999995231628418,89.08879089355469,195.9112091064453,0.3125922679901123,0.6874077916145325
237,True,0.05,0.003954221764300101,0.5485370755195618,0.050487276166677475,0.0025243638083338737,0.5510614514350891,0.00013064773520454764,2.5403191102668643e-05,1.4901161193847656e-08,6.407499313354492e-07,6.109476089477539e-07,0.8333333333333334,0.8313573491412068,0.8794642857142857,0.9382427877416086,0.8335461316309469,0.14572826027870178,0.15496397018432617,0.9999997019767761,88.68370056152344,196.31631469726562,0.31117087602615356,0.6888291835784912
238,True,0.05,0.003914351595768582,0.5153188705444336,0.014592364430427551,0.0007296182448044419,0.5160484910011292,0.00026717656874097884,0.0004927606787532568,1.1175870895385742e-08,6.109476089477539e-07,5.21540641784668e-07,0.85,0.8448744675065711,0.8953373015873015,0.9323962964882776,0.8503285597752198,0.14598622918128967,0.15528032183647156,0.9999998807907104,88.03619384765625,196.96380615234375,0.30889892578125,0.69110107421875
239,True,0.05,0.0038745590472969507,0.5079585909843445,0.013345959596335888,0.0006672979798167944,0.508625864982605,1.879815863503609e-05,0.00029331757104955614,1.1175870895385742e-08,6.258487701416016e-07,5.066394805908203e-07,0.85,0.8287821720025109,0.8635912698412698,0.9294773404443216,0.8505885122410546,0.14623594284057617,0.15559637546539307,0.9999999403953552,86.82196807861328,198.17803955078125,0.30463850498199463,0.6953615546226501
240,True,0.05,0.0038348468386530444,0.5193686485290527,0.023439032956957817,0.0011719516478478909,0.5205405950546265,4.550610901787877e-05,0.0002701017656363547,7.450580596923828e-09,6.556510925292969e-07,6.854534149169922e-07,0.8333333333333334,0.8156565656565657,0.847718253968254,0.9290703400373213,0.8342171717171717,0.14647918939590454,0.15591071546077728,0.9999999403953552,85.15690612792969,199.84307861328125,0.2987961769104004,0.7012038230895996
241,True,0.05,0.0037952176841135675,0.5098645687103271,0.014325966127216816,0.0007162982947193086,0.510580837726593,0.00027252337895333767,0.0001706399634713307,1.4901161193847656e-08,5.21540641784668e-07,5.364418029785156e-07,0.8166666666666667,0.8022938111577075,0.8318452380952381,0.9288177646078589,0.8176817257593086,0.14672553539276123,0.1562185436487198,0.9999998807907104,83.63703155517578,201.3629608154297,0.29346325993537903,0.7065367102622986
242,True,0.05,0.0037556742922785925,0.5106722116470337,0.01525089144706726,0.000762544572353363,0.5114347338676453,0.00016451129340566695,0.0003660951042547822,1.4901161193847656e-08,5.364418029785156e-07,5.513429641723633e-07,0.8166666666666667,0.8022938111577075,0.8318452380952381,0.932088286451494,0.8176817257593086,0.14697004854679108,0.1565292477607727,0.9999998807907104,81.9508056640625,203.0491943359375,0.28754669427871704,0.712453305721283
243,True,0.05,0.003716219365886423,0.5185636878013611,0.023378098383545876,0.0011689049424603581,0.5197325944900513,4.402704507810995e-05,0.00026564570725895464,1.1175870895385742e-08,6.556510925292969e-07,5.662441253662109e-07,0.8166666666666667,0.8022938111577075,0.8318452380952381,0.936363170590765,0.8176817257593086,0.14720439910888672,0.15683750808238983,0.9999999403953552,80.86994934082031,204.1300506591797,0.2837541997432709,0.7162458300590515
244,True,0.05,0.0036768556016288706,0.5129563808441162,0.017415586858987808,0.0008707793313078582,0.5138271450996399,0.00010156909411307424,0.0001890717539936304,1.1175870895385742e-08,5.662441253662109e-07,6.109476089477539e-07,0.8333333333333334,0.8156565656565657,0.847718253968254,0.9294142865782017,0.8342171717171717,0.14743298292160034,0.15713505446910858,0.9999999403953552,80.34498596191406,204.65501403808594,0.281912237405777,0.7180877923965454
245,True,0.05,0.00363758568996693,0.5107625722885132,0.01528648566454649,0.0007643242715857923,0.511526882648468,0.0002966691681649536,0.00020481475803535432,1.4901161193847656e-08,5.662441253662109e-07,5.960464477539062e-07,0.8333333333333334,0.8156565656565657,0.847718253968254,0.9232589453697945,0.8342171717171717,0.14766603708267212,0.15742814540863037,1.0,79.74906158447266,205.25094604492188,0.2798212766647339,0.7201787829399109
246,True,0.05,0.0035984123149469,0.5251202583312988,0.019412532448768616,0.0009706266573630273,0.5260908603668213,0.00038357891025952995,0.00019536569016054273,1.4901161193847656e-08,5.811452865600586e-07,5.21540641784668e-07,0.85,0.8386984600099354,0.8581349206349206,0.9208868961227452,0.85025086934923,0.1479039341211319,0.15770013630390167,1.0,79.48860168457031,205.51138305664062,0.2789073884487152,0.7210925817489624
247,True,0.05,0.003559338154016929,0.5080152153968811,0.015220453031361103,0.0007610226748511195,0.5087762475013733,0.0002644342021085322,8.499844989273697e-05,1.4901161193847656e-08,5.960464477539062e-07,6.109476089477539e-07,0.8666666666666667,0.8684343434343434,0.9057539682539683,0.9473284238909239,0.8665782828282829,0.14814341068267822,0.15796446800231934,1.0,79.28514099121094,205.71487426757812,0.27819347381591797,0.7218065857887268
248,True,0.05,0.003520365877844012,0.506857693195343,0.014805757440626621,0.0007402878836728632,0.5075979828834534,0.00019545771647244692,6.19415586697869e-05,1.4901161193847656e-08,6.556510925292969e-07,6.109476089477539e-07,0.8666666666666667,0.8684343434343434,0.9057539682539683,0.9456018518518517,0.8665782828282829,0.14838136732578278,0.15822067856788635,1.0,79.38264465332031,205.6173553466797,0.2785356044769287,0.7214643955230713
249,True,0.05,0.0034814981501314545,0.5080431699752808,0.01483369804918766,0.0007416849257424474,0.508784830570221,0.0003575754235498607,5.467736627906561e-05,1.4901161193847656e-08,6.109476089477539e-07,4.6193599700927734e-07,0.8666666666666667,0.8684343434343434,0.9057539682539683,0.9461423992673992,0.8665782828282829,0.14862379431724548,0.1584690511226654,1.0,79.79981994628906,205.2001953125,0.27999937534332275,0.720000684261322
250,True,0.05,0.0034427376274368173,0.5095725059509277,0.01687256246805191,0.0008436281350441277,0.5104161500930786,0.0003913510881830007,0.00036428042221814394,1.4901161193847656e-08,6.258487701416016e-07,5.662441253662109e-07,0.8666666666666667,0.8684343434343434,0.9057539682539683,0.9429563492063492,0.8665782828282829,0.14887107908725739,0.1587236225605011,1.0,79.68060302734375,205.31939697265625,0.27958106994628906,0.7204189300537109
251,True,0.05,0.003404086958990339,0.51173996925354,0.015640806406736374,0.0007820403552614152,0.5125219821929932,0.0003402662114240229,0.0002460162213537842,1.4901161193847656e-08,6.109476089477539e-07,6.109476089477539e-07,0.8833333333333333,0.8940718662030137,0.9161706349206349,0.9421073717948718,0.8832927637025999,0.14912046492099762,0.15897829830646515,1.0000001192092896,78.75230407714844,206.2476806640625,0.2763238847255707,0.7236760854721069
252,True,0.05,0.003365548786513867,0.5081030130386353,0.014140838757157326,0.0007070419378578663,0.5088100433349609,0.0001345618220511824,8.842239185469225e-05,1.4901161193847656e-08,6.258487701416016e-07,5.21540641784668e-07,0.8833333333333333,0.8940718662030137,0.9161706349206349,0.9416653947903947,0.8832927637025999,0.1493639349937439,0.15922598540782928,0.9999998807907104,78.11094665527344,206.8890380859375,0.2740735113620758,0.7259264588356018
253,True,0.05,0.003327125744040297,0.5067737102508545,0.01436567772179842,0.0007182838744483888,0.5074920058250427,0.00040575393359176815,1.5902223822195083e-05,1.1175870895385742e-08,5.811452865600586e-07,6.258487701416016e-07,0.8833333333333333,0.8940718662030137,0.9161706349206349,0.9417003713878714,0.8832927637025999,0.14961163699626923,0.15946273505687714,1.0,78.10627746582031,206.8937225341797,0.2740571200847626,0.7259429097175598
254,True,0.05,0.0032888204577335442,0.507300615310669,0.014703073538839817,0.0007351536769419909,0.5080357789993286,0.00022550080029759556,0.00012921376037411392,1.4901161193847656e-08,6.258487701416016e-07,5.513429641723633e-07,0.8666666666666667,0.8814814814814814,0.9057539682539683,0.9432584198209198,0.8666666666666667,0.14985628426074982,0.15969565510749817,1.0,79.06019592285156,205.93980407714844,0.27740418910980225,0.7225958108901978
255,True,0.05,0.0032506355457090426,0.5123236179351807,0.021075209602713585,0.001053760526701808,0.5133773684501648,2.976809446408879e-05,0.00014020789240021259,1.1175870895385742e-08,6.705522537231445e-07,4.76837158203125e-07,0.8666666666666667,0.8814814814814814,0.9057539682539683,0.9452234686609686,0.8666666666666667,0.1500909924507141,0.15992531180381775,1.0,79.39008331298828,205.60992431640625,0.27856171131134033,0.7214383482933044
256,True,0.05,0.0032125736178548075,0.507419764995575,0.01430823840200901,0.0007154119084589183,0.508135199546814,0.00012585548392962664,0.00026823548250831664,1.4901161193847656e-08,6.258487701416016e-07,5.21540641784668e-07,0.8666666666666667,0.8814814814814814,0.9057539682539683,0.9455954924704925,0.8666666666666667,0.15032002329826355,0.16015709936618805,1.0,79.46340942382812,205.53660583496094,0.2788189947605133,0.7211810946464539
257,True,0.05,0.0031746372756530482,0.5203642845153809,0.018572941422462463,0.000928647059481591,0.5212929248809814,9.421451977686957e-05,0.00015725141565781087,1.4901161193847656e-08,5.960464477539062e-07,5.960464477539062e-07,0.8666666666666667,0.8814814814814814,0.9057539682539683,0.9463395400895401,0.8666666666666667,0.15054260194301605,0.16038590669631958,0.9999999403953552,79.4516830444336,205.54830932617188,0.2787778377532959,0.7212221622467041
258,True,0.05,0.0031368291120023616,0.5071142911911011,0.014830104075372219,0.0007415052386932075,0.5078557729721069,1.551124660181813e-05,0.00034037494333460927,1.4901161193847656e-08,6.258487701416016e-07,6.705522537231445e-07,0.8666666666666667,0.8814814814814814,0.9057539682539683,0.9463045634920634,0.8666666666666667,0.15075650811195374,0.16061913967132568,1.0,79.24034881591797,205.7596435546875,0.27803632616996765,0.7219637036323547
259,True,0.05,0.0030991517110405113,0.5102396011352539,0.015338131226599216,0.0007669065962545574,0.5110065340995789,0.0001590929605299607,0.0003573035937733948,1.4901161193847656e-08,6.407499313354492e-07,5.364418029785156e-07,0.8666666666666667,0.8814814814814814,0.9057539682539683,0.9464905753968255,0.8666666666666667,0.15096735954284668,0.16085661947727203,1.0,79.05650329589844,205.94349670410156,0.277391254901886,0.7226088047027588
260,True,0.05,0.0030616076479678023,0.5108129978179932,0.014719787053763866,0.0007359893643297255,0.5115489959716797,0.00013934241724200547,0.0003490035596769303,7.450580596923828e-09,6.258487701416016e-07,5.811452865600586e-07,0.8666666666666667,0.8814814814814814,0.9057539682539683,0.9442345848595849,0.8666666666666667,0.15117458999156952,0.16109715402126312,0.9999998807907104,78.93562316894531,206.0643768310547,0.2769671082496643,0.7230328917503357
261,True,0.05,0.0030241994888710747,0.5208088755607605,0.020145095884799957,0.0010072548175230622,0.5218161344528198,0.0002563048619776964,0.0004990443703718483,1.1175870895385742e-08,6.109476089477539e-07,4.470348358154297e-07,0.85,0.8689593056579055,0.8953373015873015,0.9445716320716321,0.8499967248014411,0.15136492252349854,0.16134586930274963,1.0,78.9106216430664,206.08937072753906,0.27687937021255493,0.7231206297874451
262,True,0.05,0.0029869297905483136,0.523955225944519,0.03226857632398605,0.0016134288161993027,0.5255686640739441,0.00014601025031879544,1.697357583907433e-05,1.0244548320770264e-08,6.258487701416016e-07,6.258487701416016e-07,0.85,0.8689593056579055,0.8953373015873015,0.945013609076109,0.8499967248014411,0.15155361592769623,0.1615828424692154,0.9999998807907104,78.90919494628906,206.0908203125,0.2768743634223938,0.723125696182251
263,True,0.05,0.00294980110033389,0.5245129466056824,0.029039517045021057,0.0014519758988171816,0.5259649157524109,0.0001291678927373141,0.00044181893463246524,1.4901161193847656e-08,6.407499313354492e-07,5.513429641723633e-07,0.85,0.8689593056579055,0.8953373015873015,0.9462346102971102,0.8499967248014411,0.151731476187706,0.16182532906532288,1.0,78.94692993164062,206.0530548095703,0.27700677514076233,0.7229931950569153
264,True,0.05,0.0029128159559244607,0.5177940130233765,0.021979346871376038,0.0010989673901349306,0.5188930034637451,7.88391480455175e-05,0.0001696332765277475,1.4901161193847656e-08,5.811452865600586e-07,4.76837158203125e-07,0.85,0.8689593056579055,0.8953373015873015,0.9465716575091575,0.8499967248014411,0.1519063264131546,0.16206209361553192,0.9999999403953552,80.6251220703125,204.3748779296875,0.28289517760276794,0.7171048521995544
265,True,0.05,0.0028759768852055175,0.5280708074569702,0.021978721022605896,0.0010989360744133592,0.5291697382926941,0.00014144017768558115,2.7659163606585935e-05,1.4901161193847656e-08,6.109476089477539e-07,5.066394805908203e-07,0.85,0.8689593056579055,0.8953373015873015,0.9462695868945868,0.8499967248014411,0.15208035707473755,0.16228604316711426,1.0,82.44139099121094,202.55860900878906,0.28926804661750793,0.7107319831848145
266,True,0.05,0.002839286406078608,0.5073524117469788,0.013677101582288742,0.0006838550907559693,0.5080362558364868,0.00021163922792766243,0.00019740221614483744,1.4901161193847656e-08,5.21540641784668e-07,5.21540641784668e-07,0.85,0.8689593056579055,0.8953373015873015,0.946606634106634,0.8499967248014411,0.15225566923618317,0.16250677406787872,0.9999998211860657,82.92301940917969,202.0769805908203,0.2909579575061798,0.7090420722961426
267,True,0.05,0.0028027470262892437,0.51801598072052,0.018416181206703186,0.0009208090486936271,0.518936812877655,0.00021487308549694717,0.00012554855493362993,1.1175870895385742e-08,6.854534149169922e-07,5.811452865600586e-07,0.8666666666666667,0.8814814814814814,0.9057539682539683,0.946606634106634,0.8666666666666667,0.1524319350719452,0.1627216935157776,0.9999998211860657,82.4757080078125,202.5242919921875,0.2893884479999542,0.7106115818023682
268,True,0.05,0.002766361243255496,0.507940411567688,0.014490336179733276,0.0007245168089866638,0.5086649060249329,0.00013984020915813744,0.00035240346915088594,1.4901161193847656e-08,6.258487701416016e-07,6.109476089477539e-07,0.8666666666666667,0.8814814814814814,0.9057539682539683,0.9472521113146112,0.8666666666666667,0.15260644257068634,0.1629393845796585,0.9999998211860657,82.07393646240234,202.92605590820312,0.28797873854637146,0.7120212912559509
269,True,0.05,0.002730131543897301,0.5067446231842041,0.014174443669617176,0.0007087222184054554,0.5074533224105835,0.00031665913411416113,6.684480467811227e-05,1.4901161193847656e-08,6.407499313354492e-07,5.513429641723633e-07,0.8666666666666667,0.8814814814814814,0.9057539682539683,0.9478626119251118,0.8666666666666667,0.15278463065624237,0.1631489247083664,0.9999998807907104,82.52545166015625,202.4745330810547,0.28956300020217896,0.710436999797821
270,True,0.05,0.0026940604044664858,0.5223672986030579,0.028312141075730324,0.0014156070537865162,0.5237829089164734,4.5223801862448454e-05,0.00029294160776771605,1.4901161193847656e-08,5.811452865600586e-07,5.960464477539062e-07,0.8666666666666667,0.8814814814814814,0.9057539682539683,0.9486416361416361,0.8666666666666667,0.15295745432376862,0.16335904598236084,0.9999998211860657,83.19783020019531,201.8021697998047,0.2919222116470337,0.7080777883529663
271,True,0.05,0.002658150290377515,0.5121990442276001,0.01568186841905117,0.0007840934558771551,0.5129831433296204,0.0004010446136817336,0.00013938466145191342,1.4901161193847656e-08,5.960464477539062e-07,5.066394805908203e-07,0.8833333333333333,0.8940718662030137,0.9161706349206349,0.9473856583231584,0.8832927637025999,0.15313605964183807,0.16356395184993744,0.9999998807907104,83.97438049316406,201.02561950683594,0.2946469485759735,0.7053530812263489
272,True,0.05,0.0026224036560389846,0.5073232650756836,0.014504041522741318,0.0007252020877785981,0.5080484747886658,0.00037457371945492923,0.00015862489817664027,1.4901161193847656e-08,5.662441253662109e-07,5.811452865600586e-07,0.8833333333333333,0.8940718662030137,0.9161706349206349,0.9470136345136345,0.8832927637025999,0.15331868827342987,0.16376462578773499,0.9999997615814209,84.61259460449219,200.3874053955078,0.29688629508018494,0.7031137347221375
273,True,0.05,0.0025868229446858685,0.5062077045440674,0.012498094700276852,0.000624904758296907,0.5068325996398926,0.00015555706340819597,7.41421026759781e-05,1.4901161193847656e-08,6.705522537231445e-07,5.21540641784668e-07,0.8833333333333333,0.8940718662030137,0.9161706349206349,0.947048611111111,0.8832927637025999,0.1534980982542038,0.1639583706855774,0.9999997615814209,84.98712921142578,200.0128631591797,0.29820045828819275,0.7017995119094849
274,True,0.05,0.0025514105882125234,0.5100652575492859,0.013990812003612518,0.0006995406001806259,0.5107647776603699,0.0003473990655038506,5.458823579829186e-06,1.4901161193847656e-08,7.003545761108398e-07,5.662441253662109e-07,0.8833333333333333,0.8940718662030137,0.9161706349206349,0.9479325651200651,0.8832927637025999,0.1536800116300583,0.164143368601799,0.9999997615814209,85.4825439453125,199.5174560546875,0.29993876814842224,0.7000612616539001
275,True,0.05,0.002516169007006475,0.5171026587486267,0.01953493431210518,0.000976746785454452,0.518079400062561,4.190346953691915e-05,0.000258235028013587,1.1175870895385742e-08,6.109476089477539e-07,6.109476089477539e-07,0.8833333333333333,0.8940718662030137,0.9161706349206349,0.9483745421245421,0.8832927637025999,0.15385259687900543,0.16432888805866241,0.9999997615814209,86.38070678710938,198.61929321289062,0.3030902147293091,0.6969098448753357
276,True,0.05,0.0024811006097829845,0.5087924599647522,0.014537060633301735,0.0007268530316650867,0.5095193386077881,0.00039380296948365867,0.00024437622050754726,1.1175870895385742e-08,5.662441253662109e-07,6.258487701416016e-07,0.8833333333333333,0.8940718662030137,0.9161706349206349,0.9480374949124949,0.8832927637025999,0.15402911603450775,0.16451409459114075,0.9999998211860657,86.78146362304688,198.21853637695312,0.3044963777065277,0.6955036520957947
277,True,0.05,0.002446207793420422,0.5164506435394287,0.018988315016031265,0.0009494157857261598,0.5174000859260559,7.563422968814848e-06,0.00018951988022308797,1.4901161193847656e-08,6.109476089477539e-07,5.811452865600586e-07,0.8833333333333333,0.8940718662030137,0.9161706349206349,0.9512934981684982,0.8832927637025999,0.15419796109199524,0.16469693183898926,0.9999998211860657,86.9546890258789,198.04531860351562,0.30510416626930237,0.69489586353302
278,True,0.05,0.002411492942796432,0.5054067373275757,0.01291661337018013,0.000645830703433603,0.506052553653717,0.00020651183149311692,3.638396810856648e-05,1.4901161193847656e-08,6.407499313354492e-07,6.258487701416016e-07,0.8833333333333333,0.8940718662030137,0.9161706349206349,0.9508864977614978,0.8832927637025999,0.15436531603336334,0.1648724526166916,0.9999997615814209,86.69729614257812,198.3026885986328,0.30420103669166565,0.695798933506012
279,True,0.05,0.0023769584306249435,0.5055158138275146,0.0132742365822196,0.0006637118640355766,0.5061795115470886,0.0002922364219557494,9.366103768115863e-05,1.4901161193847656e-08,6.258487701416016e-07,4.76837158203125e-07,0.8833333333333333,0.8940718662030137,0.9161706349206349,0.950072496947497,0.8832927637025999,0.15453344583511353,0.16504305601119995,0.9999997615814209,86.26370239257812,198.73629760742188,0.3026796579360962,0.6973203420639038
280,True,0.05,0.0023426066172939877,0.5086139440536499,0.013656550087034702,0.0006828274927102029,0.5092967748641968,0.00020871330343652517,0.00015049208013806492,1.1175870895385742e-08,5.364418029785156e-07,5.364418029785156e-07,0.8833333333333333,0.8940718662030137,0.9161706349206349,0.9488514957264957,0.8832927637025999,0.15469972789287567,0.16521088778972626,0.9999998807907104,85.76084899902344,199.23916625976562,0.30091527104377747,0.6990848183631897
281,True,0.05,0.002308439850704377,0.5098193287849426,0.013391466811299324,0.0006695733754895627,0.5104889273643494,0.00042623429908417165,1.548468935652636e-05,1.1175870895385742e-08,6.407499313354492e-07,6.556510925292969e-07,0.8833333333333333,0.8940718662030137,0.9161706349206349,0.9476654711029711,0.8832927637025999,0.1548699140548706,0.16537177562713623,0.9999998807907104,85.60682678222656,199.39315795898438,0.300374835729599,0.6996251344680786
282,True,0.05,0.002274460466109219,0.5058457851409912,0.01321178674697876,0.0006605893722735345,0.5065063834190369,0.0002871934266295284,0.00010712978837545961,1.4901161193847656e-08,5.364418029785156e-07,5.364418029785156e-07,0.8833333333333333,0.8940718662030137,0.9161706349206349,0.9480374949124949,0.8832927637025999,0.15503954887390137,0.16552914679050446,0.9999997615814209,85.53003692626953,199.469970703125,0.30010539293289185,0.6998946666717529
283,True,0.05,0.0022406707859543205,0.5067036151885986,0.013543371111154556,0.0006771685439161956,0.5073807835578918,0.00034366679028607905,0.00011751127749448642,1.1175870895385742e-08,5.811452865600586e-07,5.662441253662109e-07,0.8833333333333333,0.8940718662030137,0.9161706349206349,0.9484444953194954,0.8832927637025999,0.15520986914634705,0.16568347811698914,0.9999997615814209,85.61616516113281,199.38385009765625,0.3004075884819031,0.6995924711227417
284,True,0.05,0.002207073119719429,0.5085775256156921,0.014281116425991058,0.0007140558445826173,0.5092915892601013,0.0004040566855110228,8.725114457774907e-05,1.4901161193847656e-08,6.109476089477539e-07,5.21540641784668e-07,0.8833333333333333,0.8940718662030137,0.9161706349206349,0.948107448107448,0.8832927637025999,0.15538205206394196,0.1658339649438858,0.9999998211860657,85.7990493774414,199.20094299316406,0.30104929208755493,0.6989507079124451
285,True,0.05,0.0021736697637604056,0.5198237299919128,0.026142368093132973,0.0013071184512227774,0.5211308598518372,0.00023886833514552563,0.00013744602620135993,1.4901161193847656e-08,6.407499313354492e-07,5.662441253662109e-07,0.8833333333333333,0.8940718662030137,0.9161706349206349,0.948107448107448,0.8832927637025999,0.15555138885974884,0.16597409546375275,0.9999998211860657,85.58451843261719,199.4154815673828,0.3002965748310089,0.6997034549713135
286,True,0.05,0.0021404630011522584,0.5076361894607544,0.013962442055344582,0.0006981221376918256,0.5083343386650085,0.00016374880215153098,0.0003905858611688018,1.4901161193847656e-08,6.705522537231445e-07,5.960464477539062e-07,0.8833333333333333,0.8940718662030137,0.9161706349206349,0.948107448107448,0.8832927637025999,0.15571603178977966,0.16612039506435394,0.9999997615814209,85.0206527709961,199.97935485839844,0.298318088054657,0.7016819715499878
287,True,0.05,0.0021074551015331003,0.5061591863632202,0.0135146863758564,0.0006757343071512878,0.5068349242210388,0.0002089931513182819,0.00024101442249957472,1.4901161193847656e-08,7.003545761108398e-07,5.662441253662109e-07,0.8833333333333333,0.8940718662030137,0.9161706349206349,0.9477004477004476,0.8832927637025999,0.15587744116783142,0.1662675142288208,0.9999998211860657,84.58544158935547,200.41456604003906,0.2967910170555115,0.7032090425491333
288,True,0.05,0.0020746483209490257,0.5089418292045593,0.013765811920166016,0.0006882906309328973,0.5096301436424255,0.0001968944852706045,0.00019824008631985635,1.4901161193847656e-08,6.556510925292969e-07,4.3213367462158203e-07,0.8833333333333333,0.8940718662030137,0.9161706349206349,0.9477004477004476,0.8832927637025999,0.1560353934764862,0.16641390323638916,0.9999997615814209,84.24687957763672,200.75311279296875,0.29560309648513794,0.7043969035148621
289,True,0.05,0.002042044901699908,0.5157309770584106,0.019361302256584167,0.0009680651128292084,0.5166990160942078,0.00029852785519324243,6.98712028679438e-05,1.4901161193847656e-08,6.258487701416016e-07,7.003545761108398e-07,0.8833333333333333,0.8940718662030137,0.9161706349206349,0.9477004477004476,0.8832927637025999,0.15619248151779175,0.1665557324886322,0.9999997019767761,84.1116943359375,200.8883056640625,0.2951287627220154,0.7048712372779846
290,True,0.05,0.0020096470721861445,0.5088503360748291,0.014730541035532951,0.0007365270867012441,0.5095868706703186,0.00015116530994419008,0.00011256092693656683,1.4901161193847656e-08,5.513429641723633e-07,6.109476089477539e-07,0.8833333333333333,0.8940718662030137,0.9161706349206349,0.9477004477004476,0.8832927637025999,0.15634502470493317,0.1666945368051529,0.9999996423721313,84.11000061035156,200.88999938964844,0.29512280225753784,0.7048771977424622
291,True,0.05,0.0019774570467563477,0.5056279897689819,0.013502553105354309,0.0006751276669092476,0.5063031315803528,7.233820360852405e-05,0.0002804529794957489,1.4901161193847656e-08,6.258487701416016e-07,4.917383193969727e-07,0.8833333333333333,0.8940718662030137,0.9161706349206349,0.9477004477004476,0.8832927637025999,0.1564914882183075,0.1668349802494049,0.9999997615814209,83.86312103271484,201.1368865966797,0.2942565679550171,0.7057434916496277
292,True,0.05,0.001945477025555992,0.5067824125289917,0.01362543273717165,0.0006812716601416469,0.5074636936187744,0.00016636561485938728,7.707848271820694e-05,1.4901161193847656e-08,5.513429641723633e-07,5.364418029785156e-07,0.8833333333333333,0.8940718662030137,0.9161706349206349,0.948107448107448,0.8832927637025999,0.15663452446460724,0.1669711321592331,0.9999998211860657,83.7801284790039,201.21987915039062,0.2939653694629669,0.7060346603393555
293,True,0.05,0.0019137091943770502,0.513168215751648,0.013308677822351456,0.0006654338794760406,0.5138336420059204,9.871293150354177e-05,0.00011886270658578724,1.4901161193847656e-08,6.109476089477539e-07,6.854534149169922e-07,0.8833333333333333,0.8940718662030137,0.9161706349206349,0.948107448107448,0.8832927637025999,0.15677276253700256,0.16710440814495087,0.9999997615814209,83.55895233154297,201.4410400390625,0.29318931698799133,0.7068106532096863
294,True,0.05,0.0018821557245085828,0.5169785022735596,0.025088150054216385,0.0012544075725600123,0.5182328820228577,0.00016256977687589824,0.00022250277106650174,1.4901161193847656e-08,5.960464477539062e-07,4.470348358154297e-07,0.8833333333333333,0.8940718662030137,0.9161706349206349,0.9479564128001629,0.8832927637025999,0.15690062940120697,0.16723759472370148,0.9999997019767761,83.21485900878906,201.78514099121094,0.291981965303421,0.7080180644989014
295,True,0.05,0.0018508187725883422,0.5085619688034058,0.013890514150261879,0.0006945257191546261,0.5092564821243286,0.00014268884842749685,0.00017020532686728984,1.4901161193847656e-08,5.960464477539062e-07,4.6193599700927734e-07,0.8833333333333333,0.8940718662030137,0.9161706349206349,0.9477704008954008,0.8832927637025999,0.157026007771492,0.167369082570076,0.9999997615814209,82.85234069824219,202.14767456054688,0.2907099723815918,0.709290087223053
296,True,0.05,0.0018197004804553652,0.5137094855308533,0.017987379804253578,0.0008993690134957433,0.5146088600158691,0.00018401900888420641,3.292689143563621e-05,1.4901161193847656e-08,5.960464477539062e-07,4.6193599700927734e-07,0.8833333333333333,0.8940718662030137,0.9161706349206349,0.9473634004884004,0.8832927637025999,0.15714982151985168,0.16749370098114014,0.9999997615814209,82.59424591064453,202.40576171875,0.2898043692111969,0.7101956605911255
297,True,0.05,0.0017888029750035847,0.5181065201759338,0.017912933602929115,0.000895646691787988,0.5190021395683289,9.253231110051274e-05,0.0003392761864233762,1.4901161193847656e-08,5.960464477539062e-07,5.811452865600586e-07,0.8833333333333333,0.8940718662030137,0.9161706349206349,0.9473634004884004,0.8832927637025999,0.15727010369300842,0.16762134432792664,0.9999997019767761,83.74867248535156,201.25132751464844,0.2938550114631653,0.7061450481414795
298,True,0.05,0.0017581283680364525,0.5124269127845764,0.018757442012429237,0.0009378721006214619,0.5133647918701172,6.2201390392147e-05,3.09353563352488e-05,1.4901161193847656e-08,6.258487701416016e-07,5.811452865600586e-07,0.8833333333333333,0.8940718662030137,0.9161706349206349,0.9477354242979242,0.8832927637025999,0.15738637745380402,0.1677422821521759,0.9999997019767761,86.11100769042969,198.88897705078125,0.3021439015865326,0.697856068611145
299,True,0.05,0.0017276787561226095,0.5135276317596436,0.01365650538355112,0.0006828252808190882,0.5142104625701904,0.00029280930175445974,0.00022599322255700827,1.4901161193847656e-08,6.556510925292969e-07,5.811452865600586e-07,0.8833333333333333,0.8940718662030137,0.9161706349206349,0.9477354242979242,0.8832927637025999,0.15750375390052795,0.16786330938339233,0.9999996423721313,87.87101745605469,197.1289825439453,0.3083193600177765,0.6916806697845459
300,True,0.05,0.0016974562204525828,0.5065089464187622,0.013909170404076576,0.0006954585551284254,0.5072044134140015,0.0004686115134973079,6.133673014119267e-05,1.4901161193847656e-08,5.811452865600586e-07,6.109476089477539e-07,0.8833333333333333,0.8940718662030137,0.9161706349206349,0.9477704008954008,0.8832927637025999,0.15762536227703094,0.16798032820224762,0.9999996423721313,88.87796020507812,196.12203979492188,0.31185248494148254,0.6881475448608398
301,True,0.05,0.0016674628266965387,0.5139516592025757,0.018191279843449593,0.0009095640270970762,0.5148612260818481,0.0001421875786036253,0.00036823214031755924,1.4901161193847656e-08,6.258487701416016e-07,5.811452865600586e-07,0.8833333333333333,0.8940718662030137,0.9161706349206349,0.947398377085877,0.8832927637025999,0.1577439159154892,0.16810069978237152,0.9999997615814209,87.87245178222656,197.1275634765625,0.30832439661026,0.6916756629943848
302,True,0.05,0.0016377006248631,0.5086015462875366,0.01604035310447216,0.0008020176901482046,0.5094035863876343,0.00017452491738367826,0.00029966342845000327,1.4901161193847656e-08,5.960464477539062e-07,5.960464477539062e-07,0.8833333333333333,0.8940718662030137,0.9161706349206349,0.9473284238909239,0.8832927637025999,0.1578601747751236,0.16822218894958496,0.9999997615814209,86.38955688476562,198.61044311523438,0.30312126874923706,0.6968787908554077
303,True,0.05,0.001608171649159226,0.506355881690979,0.013746253214776516,0.0006873126840218902,0.507043182849884,0.00016350726946257055,0.0001808045490179211,1.4901161193847656e-08,6.258487701416016e-07,5.364418029785156e-07,0.8833333333333333,0.8940718662030137,0.9161706349206349,0.9471249236874236,0.8832927637025999,0.157973974943161,0.16834169626235962,0.9999998807907104,85.46049499511719,199.53952026367188,0.2998614013195038,0.7001386880874634
304,True,0.05,0.0015788779178511816,0.5086730122566223,0.01440463401377201,0.0007202317356131971,0.5093932151794434,0.00014562996511813253,0.0002310892887180671,1.4901161193847656e-08,4.917383193969727e-07,6.258487701416016e-07,0.8833333333333333,0.8940718662030137,0.9161706349206349,0.9453283984533983,0.8832927637025999,0.15808503329753876,0.16846036911010742,0.9999998807907104,85.1148452758789,199.88516235351562,0.2986485958099365,0.7013514637947083
305,True,0.05,0.0015498214331265902,0.5083651542663574,0.0165704358369112,0.0008285217918455601,0.5091936588287354,0.00019251793855801225,0.00010821397881954908,1.4901161193847656e-08,6.854534149169922e-07,5.811452865600586e-07,0.8833333333333333,0.8940718662030137,0.9161706349206349,0.9449563746438746,0.8832927637025999,0.1581943780183792,0.16857530176639557,1.0,85.62749481201172,199.37249755859375,0.30044734477996826,0.6995526552200317
306,True,0.05,0.001521004180957585,0.5073033571243286,0.01322854869067669,0.0006614274461753666,0.5079647898674011,0.00022918180911801755,2.2780279778089607e-06,1.4901161193847656e-08,6.407499313354492e-07,5.364418029785156e-07,0.8833333333333333,0.8940718662030137,0.9161706349206349,0.9446193274318274,0.8832927637025999,0.1583026498556137,0.16868449747562408,1.0,85.88534545898438,199.11465454101562,0.3013520836830139,0.6986479163169861
307,True,0.05,0.001492428130965072,0.5068808794021606,0.013763288035988808,0.0006881644367240369,0.5075690150260925,7.583491242257878e-05,0.00023254872940015048,1.4901161193847656e-08,6.258487701416016e-07,5.364418029785156e-07,0.8833333333333333,0.8940718662030137,0.9161706349206349,0.9446193274318274,0.8832927637025999,0.15840695798397064,0.16879330575466156,0.9999999403953552,85.22665405273438,199.77334594726562,0.29904088377952576,0.7009591460227966
308,True,0.05,0.0014640952362841098,0.5111112594604492,0.013872956857085228,0.0006936478312127292,0.5118048787117004,3.136883970000781e-05,0.0004496300534810871,1.4901161193847656e-08,6.258487701416016e-07,4.917383193969727e-07,0.8833333333333333,0.8940718662030137,0.9161706349206349,0.9449913512413511,0.8832927637025999,0.15850676596164703,0.16890601813793182,0.9999999403953552,82.76498413085938,202.23501586914062,0.29040345549583435,0.709596574306488
309,True,0.05,0.0014360074334304135,0.5066988468170166,0.013614017516374588,0.0006807008758187294,0.5073795318603516,3.985638977610506e-05,0.00031046770163811743,1.4901161193847656e-08,6.258487701416016e-07,5.811452865600586e-07,0.8833333333333333,0.8940718662030137,0.9161706349206349,0.9449913512413511,0.8832927637025999,0.15860262513160706,0.16901902854442596,0.9999999403953552,80.7443618774414,204.25563049316406,0.2833135426044464,0.7166864275932312
310,True,0.05,0.0014081666421679989,0.5101016163825989,0.014174068346619606,0.0007087034173309803,0.5108103156089783,0.00021707169071305543,0.00014678975276183337,1.4901161193847656e-08,5.513429641723633e-07,6.258487701416016e-07,0.8833333333333333,0.8940718662030137,0.9161706349206349,0.9445843508343508,0.8832927637025999,0.15869788825511932,0.16912877559661865,1.0,79.80284118652344,205.19715881347656,0.2800099849700928,0.719990074634552
311,True,0.05,0.0013805747653779662,0.5060006976127625,0.014164512977004051,0.0007082256488502026,0.5067089200019836,0.0001921121875056997,0.0001574147172505036,1.4901161193847656e-08,6.258487701416016e-07,6.109476089477539e-07,0.8833333333333333,0.8940718662030137,0.9161706349206349,0.9441423738298739,0.8832927637025999,0.15879195928573608,0.16923561692237854,0.9999999403953552,79.33560180664062,205.66439819335938,0.27837052941322327,0.7216295003890991
312,True,0.05,0.00135323368892844,0.5086678266525269,0.014129838906228542,0.0007064919336698949,0.5093743205070496,9.013428643811494e-05,0.00027143798070028424,1.4901161193847656e-08,6.705522537231445e-07,5.960464477539062e-07,0.8833333333333333,0.8940718662030137,0.9161706349206349,0.9445143976393976,0.8832927637025999,0.15888312458992004,0.16934189200401306,1.0,79.08335876464844,205.9166259765625,0.2774854898452759,0.7225145101547241
313,True,0.05,0.001326145281545679,0.5069236755371094,0.014023909345269203,0.0007011955021880567,0.5076248645782471,0.00013556428893934935,0.0002187096542911604,1.4901161193847656e-08,5.960464477539062e-07,5.21540641784668e-07,0.8833333333333333,0.8940718662030137,0.9161706349206349,0.9452584452584452,0.8832927637025999,0.15897223353385925,0.1694464236497879,1.0,78.93272399902344,206.06729125976562,0.2769569456577301,0.7230431437492371
314,True,0.05,0.0012993113946863431,0.5074099898338318,0.014155544340610504,0.0007077772170305252,0.5081177949905396,0.00010210379696218297,0.00038027408299967647,1.4901161193847656e-08,5.662441253662109e-07,4.917383193969727e-07,0.8833333333333333,0.8940718662030137,0.9161706349206349,0.9456654456654455,0.8832927637025999,0.1590588390827179,0.16955214738845825,1.0,78.83499908447266,206.16500854492188,0.2766140401363373,0.7233859896659851
315,True,0.05,0.0012727338624109576,0.5048701763153076,0.013099906966090202,0.0006549953832291067,0.5055251717567444,3.937887231586501e-05,7.841067417757586e-05,1.4901161193847656e-08,6.407499313354492e-07,5.960464477539062e-07,0.8833333333333333,0.8940718662030137,0.9161706349206349,0.9456654456654455,0.8832927637025999,0.15914206206798553,0.16965316236019135,0.9999999403953552,78.86830139160156,206.13169860839844,0.27673089504241943,0.7232691049575806
316,True,0.05,0.0012464145012585474,0.5074966549873352,0.013854412361979485,0.0006927206413820386,0.5081893801689148,0.00019631149189081043,0.0002467668673489243,1.4901161193847656e-08,6.109476089477539e-07,6.407499313354492e-07,0.8833333333333333,0.8940718662030137,0.9161706349206349,0.944921398046398,0.8832927637025999,0.15922459959983826,0.16975286602973938,1.0,78.98397827148438,206.01602172851562,0.27713677287101746,0.7228632569313049
317,True,0.05,0.0012203551101224882,0.5119525790214539,0.014680888503789902,0.0007340444135479629,0.5126866102218628,0.0004619070969056338,0.00011876140342792496,1.4901161193847656e-08,5.811452865600586e-07,6.109476089477539e-07,0.8833333333333333,0.8940718662030137,0.9161706349206349,0.9445493742368742,0.8832927637025999,0.15931029617786407,0.16984893381595612,1.0,79.37161254882812,205.62838745117188,0.2784968912601471,0.7215031385421753
318,True,0.05,0.001194557470127544,0.5063704252243042,0.013838076964020729,0.0006919038714841008,0.5070623159408569,0.00027508570929057896,0.0003281239769421518,1.4901161193847656e-08,6.407499313354492e-07,5.662441253662109e-07,0.8833333333333333,0.8940718662030137,0.9161706349206349,0.9438053266178267,0.8832927637025999,0.15939576923847198,0.16994518041610718,0.9999999403953552,79.70491027832031,205.2950897216797,0.27966636419296265,0.7203336358070374
319,True,0.05,0.001169023344508143,0.5076380372047424,0.01459142379462719,0.0007295712130144238,0.5083675980567932,0.0001704999158391729,0.0003250490117352456,1.4901161193847656e-08,5.811452865600586e-07,5.21540641784668e-07,0.8833333333333333,0.8940718662030137,0.9161706349206349,0.9441773504273504,0.8832927637025999,0.1594793051481247,0.1700412780046463,0.9999998807907104,80.0439224243164,204.95608520507812,0.28085586428642273,0.7191441655158997
320,True,0.05,0.0011437544784878525,0.5200773477554321,0.0262396652251482,0.0013119833311066031,0.5213893055915833,4.489475941227283e-06,8.02582799224183e-05,1.4901161193847656e-08,6.407499313354492e-07,5.811452865600586e-07,0.8833333333333333,0.8940718662030137,0.9161706349206349,0.9441773504273504,0.8832927637025999,0.15955841541290283,0.17013294994831085,1.0,79.90872192382812,205.09127807617188,0.2803815007209778,0.719618558883667
321,True,0.05,0.0011187525991600985,0.5060851573944092,0.014746502041816711,0.0007373251137323678,0.5068224668502808,0.0001624711585463956,0.00022227213776204735,1.4901161193847656e-08,5.662441253662109e-07,5.066394805908203e-07,0.8833333333333333,0.8940718662030137,0.9161706349206349,0.9437703500203499,0.8832927637025999,0.15963587164878845,0.17022287845611572,1.0,79.76377868652344,205.23622131347656,0.27987292408943176,0.7201271057128906
322,True,0.05,0.001094019415370123,0.5068311095237732,0.013870468363165855,0.0006935234414413571,0.5075246095657349,0.00019687267194967717,0.00024060005671344697,1.4901161193847656e-08,6.705522537231445e-07,6.407499313354492e-07,0.8833333333333333,0.8940718662030137,0.9161706349206349,0.9437703500203499,0.8832927637025999,0.15971212089061737,0.1703113317489624,0.9999998807907104,79.622802734375,205.377197265625,0.2793782651424408,0.7206217646598816
323,True,0.05,0.0010695566175981828,0.506272554397583,0.013435184955596924,0.0006717592477798462,0.5069442987442017,0.00017763598589226604,0.00021647206449415535,1.4901161193847656e-08,6.556510925292969e-07,5.21540641784668e-07,0.8833333333333333,0.8940718662030137,0.9161706349206349,0.9441423738298739,0.8832927637025999,0.1597869098186493,0.17039784789085388,1.0,79.56478881835938,205.43521118164062,0.27917471528053284,0.7208253145217896
324,True,0.05,0.0010453658778440107,0.5060446858406067,0.014165915548801422,0.0007082957890816033,0.5067529678344727,0.00021737307542935014,0.00021399323304649442,1.4901161193847656e-08,7.003545761108398e-07,6.258487701416016e-07,0.8833333333333333,0.8940718662030137,0.9161706349206349,0.9437703500203499,0.8832927637025999,0.15986070036888123,0.17048247158527374,0.9999999403953552,79.6180191040039,205.38197326660156,0.2793614864349365,0.7206385135650635
325,True,0.05,0.0010214488495125353,0.5060895681381226,0.014105698093771935,0.0007052849396131933,0.5067948698997498,0.00010858628957066685,0.0002759575436357409,1.4901161193847656e-08,6.407499313354492e-07,5.21540641784668e-07,0.8833333333333333,0.8940718662030137,0.9161706349206349,0.9433983262108262,0.8832927637025999,0.15993206202983856,0.1705661118030548,1.0,79.61543273925781,205.38458251953125,0.2793523967266083,0.7206476926803589
326,True,0.05,0.0009978071673008729,0.5060645341873169,0.013898901641368866,0.0006949451053515077,0.5067594647407532,0.00021626967645715922,0.0002348988055018708,1.4901161193847656e-08,6.556510925292969e-07,4.470348358154297e-07,0.8833333333333333,0.8940718662030137,0.9161706349206349,0.9433983262108262,0.8832927637025999,0.1600024551153183,0.17064805328845978,0.9999998807907104,79.74237060546875,205.25762939453125,0.2797977924346924,0.7202022075653076
327,True,0.05,0.0009744424470865977,0.5111928582191467,0.01546594500541687,0.0007732972735539079,0.5119661688804626,0.00015368785534519702,9.259925718652084e-06,1.4901161193847656e-08,5.662441253662109e-07,6.109476089477539e-07,0.8833333333333333,0.8940718662030137,0.9161706349206349,0.9437703500203499,0.8832927637025999,0.16007104516029358,0.17072486877441406,0.9999998807907104,80.03638458251953,204.96360778808594,0.28082942962646484,0.7191705703735352
328,True,0.05,0.0009513562858173009,0.5113349556922913,0.019368257373571396,0.0009684129036031663,0.512303352355957,0.0001701486180536449,2.406982093816623e-05,1.1175870895385742e-08,6.109476089477539e-07,4.6193599700927734e-07,0.8833333333333333,0.8940718662030137,0.9161706349206349,0.9437703500203499,0.8832927637025999,0.1601380854845047,0.1707974523305893,1.0,80.1166763305664,204.88333129882812,0.2811111509799957,0.7188888788223267
329,True,0.05,0.0009285502614014378,0.5056567192077637,0.013021595776081085,0.0006510798120871186,0.5063077807426453,7.303787424461916e-05,0.0002310515264980495,1.4901161193847656e-08,5.364418029785156e-07,6.258487701416016e-07,0.8833333333333333,0.8940718662030137,0.9161706349206349,0.9437703500203499,0.8832927637025999,0.16020244359970093,0.17086902260780334,0.9999998807907104,80.15904998779297,204.8409423828125,0.28125983476638794,0.7187401652336121
330,True,0.05,0.0009060259326004838,0.5059866309165955,0.014009637758135796,0.0007004818762652576,0.5066871047019958,0.00029085681308060884,0.00014446087880060077,1.4901161193847656e-08,6.109476089477539e-07,5.513429641723633e-07,0.8666666666666667,0.8684343434343434,0.9057539682539683,0.9439563619251118,0.8665782828282829,0.16026678681373596,0.17093834280967712,0.9999999403953552,80.31997680664062,204.68002319335938,0.2818244993686676,0.7181755304336548
331,True,0.05,0.000883784838922391,0.5054945349693298,0.013466466218233109,0.000673323345836252,0.5061678290367126,5.445892020361498e-05,0.00027104036416858435,1.4901161193847656e-08,5.513429641723633e-07,5.811452865600586e-07,0.8666666666666667,0.8684343434343434,0.9057539682539683,0.9441773504273504,0.8665782828282829,0.16032829880714417,0.1710071712732315,0.9999998807907104,80.38345336914062,204.61654663085938,0.28204721212387085,0.7179527878761292
332,True,0.05,0.0008618285005163704,0.506751298904419,0.014102963730692863,0.0007051482098177075,0.5074564218521118,0.00024202620261348784,0.0002500726259313524,1.4901161193847656e-08,6.109476089477539e-07,4.023313522338867e-07,0.8666666666666667,0.8684343434343434,0.9057539682539683,0.9437703500203499,0.8665782828282829,0.1603892296552658,0.17107509076595306,0.9999998807907104,80.50794982910156,204.49205017089844,0.2824840545654297,0.7175160050392151
333,True,0.05,0.0008401584180689843,0.5090324878692627,0.013870920985937119,0.0006935460842214525,0.5097260475158691,0.00020447431597858667,0.0002618452999740839,1.4901161193847656e-08,5.960464477539062e-07,4.470348358154297e-07,0.8666666666666667,0.8684343434343434,0.9057539682539683,0.9433983262108262,0.8665782828282829,0.1604490429162979,0.17114216089248657,1.0,80.66290283203125,204.33709716796875,0.2830277383327484,0.716972291469574
334,True,0.05,0.000818776072701583,0.5056151151657104,0.013497326523065567,0.0006748663145117462,0.5062899589538574,9.443863382330164e-05,0.0001356075517833233,1.4901161193847656e-08,5.960464477539062e-07,6.109476089477539e-07,0.8666666666666667,0.8684343434343434,0.9057539682539683,0.9433983262108262,0.8665782828282829,0.16050657629966736,0.17120672762393951,0.9999998807907104,80.78489685058594,204.21511840820312,0.2834557890892029,0.7165442705154419
335,True,0.05,0.0007976829258690679,0.5052784085273743,0.01278962567448616,0.0006394812953658402,0.5059179067611694,9.30200403672643e-05,0.00012481243174988776,1.4901161193847656e-08,6.854534149169922e-07,5.066394805908203e-07,0.8666666666666667,0.8684343434343434,0.9057539682539683,0.9437703500203499,0.8665782828282829,0.1605619639158249,0.17126883566379547,0.9999997615814209,80.94596862792969,204.0540313720703,0.28402096033096313,0.7159790992736816
336,True,0.05,0.0007768804192600093,0.5051999688148499,0.013901868835091591,0.0006950934766791761,0.5058950781822205,0.0002630767412483692,0.00018386503506917506,1.4901161193847656e-08,7.003545761108398e-07,5.364418029785156e-07,0.8666666666666667,0.8684343434343434,0.9057539682539683,0.9393060643060642,0.8665782828282829,0.16061700880527496,0.1713293194770813,1.0,81.18317413330078,203.81683349609375,0.2848532497882843,0.7151467800140381
337,True,0.05,0.0007563699746980984,0.5059362053871155,0.013257098384201527,0.0006628549308516085,0.5065990686416626,0.0001630467886570841,7.941848889458925e-05,1.4901161193847656e-08,5.960464477539062e-07,5.811452865600586e-07,0.8666666666666667,0.8684343434343434,0.9057539682539683,0.9363298738298736,0.8665782828282829,0.16067059338092804,0.17138703167438507,0.9999998807907104,81.49969482421875,203.50030517578125,0.28596383333206177,0.7140361666679382
338,True,0.05,0.0007361529940449782,0.5059510469436646,0.012892303057014942,0.0006446151528507471,0.5065956711769104,0.00016477798635605723,0.0001861255441326648,1.4901161193847656e-08,5.960464477539062e-07,5.066394805908203e-07,0.8666666666666667,0.8684343434343434,0.9057539682539683,0.9367018976393977,0.8665782828282829,0.1607227921485901,0.17144332826137543,0.9999998807907104,81.81298828125,203.18701171875,0.2870631217956543,0.7129368782043457
339,True,0.05,0.0007162308591044182,0.5072392225265503,0.013604747131466866,0.0006802373682148755,0.507919430732727,0.0001946356351254508,0.00013409281382337213,1.4901161193847656e-08,5.960464477539062e-07,4.6193599700927734e-07,0.8666666666666667,0.8684343434343434,0.9057539682539683,0.9370739214489214,0.8665782828282829,0.1607738733291626,0.1714976727962494,0.9999998807907104,82.15032958984375,202.84967041015625,0.2882467806339264,0.711753249168396
340,True,0.05,0.0006966049315278798,0.5149186849594116,0.019102245569229126,0.0009551122784614563,0.5158737897872925,4.122191967326216e-06,0.0001331119128735736,1.4901161193847656e-08,5.811452865600586e-07,6.556510925292969e-07,0.8666666666666667,0.8684343434343434,0.9057539682539683,0.9374459452584452,0.8665782828282829,0.16082201898097992,0.17155015468597412,0.9999998807907104,82.37208557128906,202.62791442871094,0.28902485966682434,0.710975170135498
341,True,0.05,0.0006772765527214417,0.5068386793136597,0.013361466117203236,0.0006680733058601618,0.5075067281723022,0.000163902499480173,0.00029315543361008167,1.4901161193847656e-08,5.811452865600586e-07,5.513429641723633e-07,0.8666666666666667,0.8684343434343434,0.9057539682539683,0.9378529456654455,0.8665782828282829,0.16086900234222412,0.17160245776176453,0.9999998807907104,82.69087982177734,202.3091278076172,0.2901434302330017,0.7098566293716431
342,True,0.05,0.0006582470437541217,0.5216212272644043,0.020798947662115097,0.0010399473831057549,0.5226611495018005,0.00015318728401325643,9.01776147657074e-05,1.4901161193847656e-08,5.960464477539062e-07,5.662441253662109e-07,0.8666666666666667,0.8684343434343434,0.9057539682539683,0.9385969932844933,0.8665782828282829,0.16091470420360565,0.1716524362564087,0.9999998807907104,83.06532287597656,201.9346923828125,0.29145726561546326,0.7085428237915039
343,True,0.05,0.0006395177052675795,0.5070313215255737,0.012782271951436996,0.0006391135975718498,0.5076704621315002,0.00011047971929656342,0.00016823863552417606,1.1175870895385742e-08,6.109476089477539e-07,5.364418029785156e-07,0.8666666666666667,0.8684343434343434,0.9057539682539683,0.9385620166870167,0.8665782828282829,0.16095879673957825,0.17170101404190063,0.9999998807907104,83.49220275878906,201.50779724121094,0.29295510053634644,0.7070448994636536
344,True,0.05,0.0006210898173872209,0.5072804689407349,0.013041656464338303,0.0006520828464999795,0.5079325437545776,0.00029558708774857223,6.597994797630236e-05,1.4901161193847656e-08,6.407499313354492e-07,5.364418029785156e-07,0.8666666666666667,0.8684343434343434,0.9057539682539683,0.9385270400895401,0.8665782828282829,0.16100284457206726,0.17174720764160156,0.9999999403953552,84.0196533203125,200.9803466796875,0.2948057949542999,0.7051942348480225
345,True,0.05,0.0006029646396347048,0.5060592889785767,0.013449530117213726,0.0006724765407852829,0.5067317485809326,0.00027516932459548116,0.00011833537428174168,1.4901161193847656e-08,6.258487701416016e-07,5.066394805908203e-07,0.8666666666666667,0.8684343434343434,0.9057539682539683,0.9385270400895401,0.8665782828282829,0.16104650497436523,0.1717917025089264,0.9999998807907104,84.53010559082031,200.4698944091797,0.29659685492515564,0.7034031748771667
346,True,0.05,0.000585143410841854,0.5052865743637085,0.012483645230531693,0.000624182284809649,0.5059107542037964,0.0002112712390953675,7.580499368486926e-05,1.4901161193847656e-08,6.407499313354492e-07,5.513429641723633e-07,0.8666666666666667,0.8684343434343434,0.9057539682539683,0.9385270400895399,0.8665782828282829,0.161089226603508,0.17183421552181244,0.9999999403953552,84.98759460449219,200.0124053955078,0.2982020974159241,0.7017979025840759
347,True,0.05,0.0005676273490659822,0.5059674978256226,0.013558714650571346,0.0006779357208870351,0.5066454410552979,0.0002566448238212615,0.0001473392330808565,1.4901161193847656e-08,5.662441253662109e-07,5.513429641723633e-07,0.8666666666666667,0.8684343434343434,0.9057539682539683,0.9385270400895399,0.8665782828282829,0.16113126277923584,0.1718754768371582,0.9999998807907104,85.39811706542969,199.6018829345703,0.29964253306388855,0.7003574967384338
348,True,0.05,0.0005504176515066467,0.5051395297050476,0.013662757351994514,0.0006831378559581935,0.5058226585388184,0.0002178130962420255,0.00017918112280312926,1.4901161193847656e-08,5.662441253662109e-07,5.364418029785156e-07,0.8666666666666667,0.8684343434343434,0.9057539682539683,0.9392710877085877,0.8665782828282829,0.1611723154783249,0.17191576957702637,0.9999998211860657,85.6881103515625,199.3118896484375,0.30066004395484924,0.6993399858474731
349,True,0.05,0.0005335154944238117,0.5057939291000366,0.012886612676084042,0.0006443306338042021,0.5064382553100586,0.00018156763690058142,0.00017687083163764328,1.4901161193847656e-08,5.811452865600586e-07,5.21540641784668e-07,0.8666666666666667,0.8684343434343434,0.9057539682539683,0.9415032305657305,0.8665782828282829,0.16121208667755127,0.17195506393909454,0.9999998807907104,85.87259674072266,199.12741088867188,0.30130735039711,0.6986926794052124
350,True,0.05,0.0005169220330574664,0.5062930583953857,0.014052847400307655,0.0007026423700153828,0.506995677947998,0.0002918427635449916,0.00013493043661583215,1.4901161193847656e-08,6.556510925292969e-07,5.21540641784668e-07,0.8666666666666667,0.8684343434343434,0.9057539682539683,0.9452234686609686,0.8665782828282829,0.16125136613845825,0.17199303209781647,0.9999998807907104,86.05476379394531,198.94525146484375,0.3019465506076813,0.6980535387992859
351,True,0.05,0.0005006384015486492,0.5159106254577637,0.017034243792295456,0.0008517121896147728,0.5167623162269592,8.185387559933588e-05,0.00011237398575758561,1.4901161193847656e-08,5.662441253662109e-07,5.513429641723633e-07,0.8666666666666667,0.8684343434343434,0.9057539682539683,0.9471535409035409,0.8665782828282829,0.16128866374492645,0.1720278263092041,0.9999998807907104,86.21501159667969,198.7849884033203,0.3025088310241699,0.6974912285804749
352,True,0.05,0.00048466571286194553,0.5078107118606567,0.013066091574728489,0.0006533045670948923,0.5084640383720398,0.00013298887643031776,0.00013691240746993572,1.1175870895385742e-08,5.662441253662109e-07,5.662441253662109e-07,0.8666666666666667,0.8684343434343434,0.9057539682539683,0.9471535409035409,0.8665782828282829,0.16132448613643646,0.17206162214279175,0.9999998807907104,86.32090759277344,198.67910766601562,0.3028803765773773,0.6971197128295898
353,True,0.05,0.00046900505870941026,0.505867600440979,0.013000430539250374,0.0006500215386040509,0.5065176486968994,0.00020550281624309719,2.5234434360754676e-05,1.4901161193847656e-08,5.960464477539062e-07,5.364418029785156e-07,0.8666666666666667,0.8684343434343434,0.9057539682539683,0.9471535409035409,0.8665782828282829,0.16135931015014648,0.17209327220916748,0.9999998807907104,86.44403076171875,198.55596923828125,0.30331239104270935,0.696687638759613
354,True,0.05,0.00045365750947594944,0.5144358277320862,0.016743779182434082,0.0008371889707632363,0.5152730345726013,0.00037396009429357946,0.00012300527305342257,1.4901161193847656e-08,5.513429641723633e-07,6.109476089477539e-07,0.8666666666666667,0.8684343434343434,0.9057539682539683,0.9471535409035409,0.8665782828282829,0.1613941788673401,0.1721222847700119,0.9999998807907104,86.69725036621094,198.302734375,0.3042008876800537,0.6957990527153015
355,True,0.05,0.00043862411414616955,0.5140689611434937,0.016835758462548256,0.0008417879580520093,0.5149107575416565,0.0001252737856702879,0.00010012918210122734,1.4901161193847656e-08,6.556510925292969e-07,5.21540641784668e-07,0.8666666666666667,0.8684343434343434,0.9057539682539683,0.9471535409035409,0.8665782828282829,0.16142748296260834,0.17215046286582947,0.9999998807907104,86.89141082763672,198.1085968017578,0.30488213896751404,0.6951178908348083
356,True,0.05,0.0004239059002326682,0.5057099461555481,0.012503607198596,0.0006251803715713322,0.5063351392745972,0.00021746099810115993,0.00012854307715315372,1.4901161193847656e-08,6.109476089477539e-07,6.109476089477539e-07,0.8666666666666667,0.8684343434343434,0.9057539682539683,0.9475255647130646,0.8665782828282829,0.16145983338356018,0.17217794060707092,0.9999999403953552,87.08116149902344,197.9188232421875,0.30554795265197754,0.6944520473480225
357,True,0.05,0.00040950387370581904,0.5055779218673706,0.01358599029481411,0.0006792995263822377,0.5062572360038757,0.00017734018911141902,0.0002524053561501205,1.4901161193847656e-08,5.960464477539062e-07,5.066394805908203e-07,0.8666666666666667,0.8684343434343434,0.9057539682539683,0.9475255647130646,0.8665782828282829,0.1614910066127777,0.17220555245876312,0.9999998807907104,87.21906280517578,197.78094482421875,0.3060317933559418,0.6939682364463806
358,True,0.05,0.00039541901892500223,0.5056248903274536,0.01364043913781643,0.0006820219568908215,0.5063068866729736,6.220304203452542e-05,0.0002892996999435127,1.4901161193847656e-08,6.407499313354492e-07,7.748603820800781e-07,0.8666666666666667,0.8684343434343434,0.9057539682539683,0.9467115638990639,0.8665782828282829,0.16152042150497437,0.17223332822322845,0.9999998807907104,87.24778747558594,197.75221252441406,0.30613258481025696,0.6938674449920654
359,True,0.05,0.00038165229857133195,0.5072140693664551,0.013822642154991627,0.0006911320961080492,0.5079051852226257,0.00014714135613758117,0.00027612148551270366,1.4901161193847656e-08,6.109476089477539e-07,5.066394805908203e-07,0.8666666666666667,0.8684343434343434,0.9057539682539683,0.9463395400895401,0.8665782828282829,0.1615487039089203,0.172261044383049,0.9999998807907104,87.21559143066406,197.78440856933594,0.3060196340084076,0.6939803957939148
360,True,0.05,0.00036820465358185857,0.5078188180923462,0.015080142766237259,0.0007540071383118629,0.5085728168487549,0.00021006922179367393,0.00043662285315804183,1.4901161193847656e-08,6.556510925292969e-07,5.21540641784668e-07,0.8666666666666667,0.8684343434343434,0.9057539682539683,0.9463395400895401,0.8665782828282829,0.16157613694667816,0.17228947579860687,0.9999999403953552,87.08551025390625,197.91448974609375,0.30556321144104004,0.6944368481636047
361,True,0.05,0.00035507700308525403,0.5067780017852783,0.012256864458322525,0.0006128432578407228,0.5073908567428589,2.7536785637494177e-05,0.00011861420352943242,1.4901161193847656e-08,6.854534149169922e-07,6.258487701416016e-07,0.8666666666666667,0.8684343434343434,0.9057539682539683,0.9463395400895401,0.8665782828282829,0.16160191595554352,0.17231665551662445,0.9999999403953552,86.891845703125,198.108154296875,0.3048836886882782,0.6951163411140442
362,True,0.05,0.00034227024433899005,0.5056395530700684,0.012760731391608715,0.0006380365812219679,0.5062775611877441,0.00015468636411242187,0.00013530973228625953,1.4901161193847656e-08,5.513429641723633e-07,5.364418029785156e-07,0.8666666666666667,0.8684343434343434,0.9057539682539683,0.9463395400895401,0.8665782828282829,0.16162675619125366,0.1723426878452301,0.9999998807907104,86.6955795288086,198.30441284179688,0.30419501662254333,0.6958049535751343
363,True,0.05,0.00032978525266801593,0.5074503421783447,0.013108639046549797,0.0006554319406859577,0.5081057548522949,0.00011303671635687351,0.0002275810984428972,1.4901161193847656e-08,5.364418029785156e-07,5.513429641723633e-07,0.8666666666666667,0.8684343434343434,0.9057539682539683,0.9463395400895401,0.8665782828282829,0.16165046393871307,0.1723681539297104,0.9999999403953552,86.45718383789062,198.54281616210938,0.3033585548400879,0.6966414451599121
364,True,0.05,0.0003176228814049297,0.5052110552787781,0.013342752121388912,0.0006671376177109778,0.505878210067749,0.00016211194451898336,0.00012439435522537678,1.4901161193847656e-08,6.109476089477539e-07,4.6193599700927734e-07,0.8666666666666667,0.8684343434343434,0.9057539682539683,0.9463395400895401,0.8665782828282829,0.16167335212230682,0.17239247262477875,0.9999999403953552,86.22264099121094,198.77734375,0.3025355935096741,0.6974644064903259
365,True,0.05,0.0003057839618316491,0.5062450170516968,0.013078505173325539,0.0006539252935908735,0.5068989396095276,0.0002108511107508093,2.1970661691739224e-05,1.4901161193847656e-08,5.960464477539062e-07,6.407499313354492e-07,0.8666666666666667,0.8684343434343434,0.9057539682539683,0.9463395400895401,0.8665782828282829,0.16169559955596924,0.17241503298282623,0.9999998807907104,86.0264663696289,198.97354125976562,0.3018472492694855,0.6981527805328369
366,True,0.05,0.00029426930312260227,0.5058488845825195,0.012542018666863441,0.0006271009333431721,0.5064759850502014,0.0001620699040358886,0.0001381328038405627,1.4901161193847656e-08,5.811452865600586e-07,5.21540641784668e-07,0.8666666666666667,0.8684343434343434,0.9057539682539683,0.9467465404965405,0.8665782828282829,0.161717027425766,0.17243672907352448,1.0,85.83438110351562,199.16561889648438,0.30117326974868774,0.6988267302513123
367,True,0.05,0.00028307969228941415,0.5050152540206909,0.012706742621958256,0.000635337142739445,0.5056505799293518,0.0001254757517017424,0.00021946911874692887,1.4901161193847656e-08,5.513429641723633e-07,6.258487701416016e-07,0.8833333333333333,0.8940718662030137,0.9161706349206349,0.9467465404965405,0.8832927637025999,0.16173753142356873,0.17245793342590332,0.9999998807907104,85.62980651855469,199.37017822265625,0.3004554808139801,0.6995444893836975
368,True,0.05,0.00027221589412712463,0.5079695582389832,0.01316940225660801,0.000658470147754997,0.5086280107498169,0.0002102081198245287,8.208281360566616e-05,1.4901161193847656e-08,5.364418029785156e-07,6.258487701416016e-07,0.8833333333333333,0.8940718662030137,0.9161706349206349,0.9467465404965405,0.8832927637025999,0.1617574393749237,0.17247804999351501,0.9999999403953552,85.45732116699219,199.5426788330078,0.2998502552509308,0.7001497745513916
369,True,0.05,0.0002616786511619041,0.5051083564758301,0.01297617144882679,0.000648808607365936,0.5057571530342102,0.0002671086404006928,5.587933264905587e-05,1.4901161193847656e-08,5.960464477539062e-07,4.76837158203125e-07,0.8833333333333333,0.8940718662030137,0.9161706349206349,0.9467465404965405,0.8832927637025999,0.16177694499492645,0.17249706387519836,0.9999999403953552,85.33082580566406,199.66915893554688,0.29940640926361084,0.7005935311317444
370,True,0.05,0.00025146868360031467,0.5076470375061035,0.013450728729367256,0.0006725364364683628,0.5083195567131042,0.00010502334771445021,0.00023480404342990369,1.257285475730896e-08,5.811452865600586e-07,5.513429641723633e-07,0.8833333333333333,0.8940718662030137,0.9161706349206349,0.9467465404965405,0.8832927637025999,0.1617954969406128,0.17251570522785187,1.0,85.20773315429688,199.79226684570312,0.29897451400756836,0.7010254859924316
371,True,0.05,0.00024158668928007498,0.5060102939605713,0.012899471446871758,0.0006449735956266522,0.5066552758216858,0.00013427846715785563,0.0001757872523739934,1.4901161193847656e-08,6.556510925292969e-07,6.705522537231445e-07,0.8833333333333333,0.8940718662030137,0.9161706349206349,0.9467465404965405,0.8832927637025999,0.16181319952011108,0.17253378033638,0.9999999403953552,85.07688903808594,199.92312622070312,0.2985154092311859,0.7014846801757812
372,True,0.05,0.00023203334362237158,0.5073035955429077,0.01272188127040863,0.0006360940751619637,0.5079396963119507,0.0003452116216067225,1.4754866242583375e-05,1.4901161193847656e-08,6.258487701416016e-07,5.364418029785156e-07,0.8833333333333333,0.8940718662030137,0.9161706349206349,0.9467465404965405,0.8832927637025999,0.16183079779148102,0.17255064845085144,0.9999998807907104,85.00878143310547,199.9912109375,0.298276424407959,0.701723575592041
373,True,0.05,0.00022280929958568842,0.5061019062995911,0.012511171400547028,0.0006255586049519479,0.5067274570465088,0.00027769379084929824,6.626927643083036e-05,1.4901161193847656e-08,5.513429641723633e-07,6.854534149169922e-07,0.8833333333333333,0.8940718662030137,0.9161706349206349,0.9467465404965405,0.8832927637025999,0.16184799373149872,0.17256660759449005,1.0,84.96446228027344,200.03555297851562,0.29812091588974,0.7018791437149048
374,True,0.05,0.00021391518762118363,0.5052140355110168,0.013082845136523247,0.0006541422917507589,0.5058681964874268,0.0002397159259999171,0.00016495460295118392,1.4901161193847656e-08,5.960464477539062e-07,5.960464477539062e-07,0.8833333333333333,0.8940718662030137,0.9161706349206349,0.9467465404965405,0.8832927637025999,0.16186465322971344,0.17258208990097046,0.9999999403953552,84.94528198242188,200.05471801757812,0.2980536222457886,0.7019463777542114
375,True,0.05,0.00020535161562959536,0.506244957447052,0.013562886044383049,0.000678144337143749,0.5069230794906616,8.211476961150765e-05,0.0002047086163656786,1.4901161193847656e-08,5.811452865600586e-07,5.364418029785156e-07,0.8833333333333333,0.8940718662030137,0.9161706349206349,0.9467465404965405,0.8832927637025999,0.16188034415245056,0.17259716987609863,0.9999999403953552,84.91156768798828,200.08843994140625,0.2979353368282318,0.7020646929740906
376,True,0.05,0.0001971191689196937,0.5053980350494385,0.012669800780713558,0.0006334900390356779,0.5060315132141113,0.00021156181173864752,0.00013654788199346513,1.4901161193847656e-08,5.960464477539062e-07,4.76837158203125e-07,0.8666666666666667,0.8684343434343434,0.9057539682539683,0.9467465404965405,0.8665782828282829,0.1618954837322235,0.17261169850826263,1.0,84.86892700195312,200.13107299804688,0.2977857291698456,0.7022143006324768
377,True,0.05,0.0001892184101682762,0.5088107585906982,0.013513034209609032,0.0006756517104804516,0.5094864368438721,0.0004766427737195045,0.0001280999422306195,1.4901161193847656e-08,6.258487701416016e-07,5.364418029785156e-07,0.8666666666666667,0.8684343434343434,0.9057539682539683,0.9467465404965405,0.8665782828282829,0.1619107574224472,0.1726255714893341,1.0,84.8585205078125,200.14146423339844,0.29774919152259827,0.7022507786750793
378,True,0.05,0.0001816498793817073,0.5054631233215332,0.01386835053563118,0.0006934175617061555,0.5061565637588501,0.00018690552678890526,0.00024313385074492544,1.4901161193847656e-08,5.960464477539062e-07,5.066394805908203e-07,0.8666666666666667,0.8684343434343434,0.9057539682539683,0.9467465404965405,0.8665782828282829,0.16192536056041718,0.17263923585414886,0.9999999403953552,84.85282897949219,200.14718627929688,0.2977292239665985,0.7022708654403687
379,True,0.05,0.00017441409385901422,0.5065880417823792,0.013780550099909306,0.0006890275399200618,0.5072770714759827,0.000248584256041795,0.00013056084571871907,1.4901161193847656e-08,6.109476089477539e-07,6.109476089477539e-07,0.8666666666666667,0.8684343434343434,0.9057539682539683,0.9467465404965405,0.8665782828282829,0.16193945705890656,0.17265227437019348,0.9999998807907104,84.85941314697266,200.1405792236328,0.297752320766449,0.702247679233551
380,True,0.05,0.00016751154815652453,0.5054962635040283,0.012854591943323612,0.0006427296320907772,0.5061389803886414,0.0001083768074749969,0.00023079925449565053,1.1175870895385742e-08,5.513429641723633e-07,6.258487701416016e-07,0.8666666666666667,0.8684343434343434,0.9057539682539683,0.9467465404965405,0.8665782828282829,0.16195276379585266,0.172665074467659,0.9999998807907104,84.85919189453125,200.14080810546875,0.2977515459060669,0.7022484540939331
381,True,0.05,0.0001609427140540686,0.5052985548973083,0.013328392058610916,0.0006664196262136102,0.505964994430542,0.00020536532974801958,0.00015173516294453293,1.1175870895385742e-08,6.556510925292969e-07,5.364418029785156e-07,0.8666666666666667,0.8684343434343434,0.9057539682539683,0.9467465404965405,0.8665782828282829,0.16196554899215698,0.17267732322216034,0.9999998807907104,84.85917663574219,200.14083862304688,0.2977515161037445,0.7022485733032227
382,True,0.05,0.00015470804052273096,0.5071726441383362,0.014381284825503826,0.0007190642645582557,0.5078917145729065,0.0002752818400040269,0.0003536891599651426,1.4901161193847656e-08,6.407499313354492e-07,6.258487701416016e-07,0.8666666666666667,0.8684343434343434,0.9057539682539683,0.9467465404965405,0.8665782828282829,0.16197800636291504,0.17268961668014526,1.0,84.845458984375,200.154541015625,0.2977033853530884,0.7022966742515564
383,True,0.05,0.00014880795369416665,0.5062400698661804,0.013253054581582546,0.0006626527174375951,0.5069026947021484,7.20264797564596e-05,0.0002673244453035295,1.1175870895385742e-08,5.066394805908203e-07,6.407499313354492e-07,0.8666666666666667,0.8684343434343434,0.9057539682539683,0.9467465404965405,0.8665782828282829,0.16198967397212982,0.1727016419172287,1.0,84.82038879394531,200.17959594726562,0.2976154088973999,0.7023845911026001
384,True,0.05,0.0001432428568314728,0.5045666694641113,0.013068925589323044,0.0006534463027492166,0.5052201151847839,0.0002958039112854749,1.0521507647354156e-05,1.4901161193847656e-08,6.854534149169922e-07,5.811452865600586e-07,0.8666666666666667,0.8684343434343434,0.9057539682539683,0.9467465404965405,0.8665782828282829,0.1620011031627655,0.17271281778812408,0.9999998807907104,84.83158874511719,200.16839599609375,0.2976547181606293,0.7023452520370483
385,True,0.05,0.00013801313030162716,0.5047894716262817,0.012521529570221901,0.000626076478511095,0.5054155588150024,0.00028558183112181723,0.00011291140981484205,1.4901161193847656e-08,5.811452865600586e-07,5.960464477539062e-07,0.8666666666666667,0.8684343434343434,0.9057539682539683,0.9467465404965405,0.8665782828282829,0.1620122492313385,0.17272299528121948,0.9999998807907104,84.86203002929688,200.13796997070312,0.2977615296840668,0.7022385001182556
386,True,0.05,0.0001331191315494912,0.5073513388633728,0.013735075481235981,0.000686753774061799,0.5080381035804749,0.00022819419973529875,0.00015926688502077013,1.4901161193847656e-08,6.407499313354492e-07,5.662441253662109e-07,0.8666666666666667,0.8684343434343434,0.9057539682539683,0.9467465404965405,0.8665782828282829,0.16202302277088165,0.17273284494876862,1.0,84.90023803710938,200.09976196289062,0.2978955805301666,0.7021044492721558
387,True,0.05,0.00012856119507337867,0.5055027008056641,0.01378205232322216,0.0006891026278026402,0.5061917901039124,0.0002168079518014565,0.0001983556430786848,1.4901161193847656e-08,5.960464477539062e-07,5.513429641723633e-07,0.8666666666666667,0.8684343434343434,0.9057539682539683,0.9467465404965405,0.8665782828282829,0.16203342378139496,0.17274247109889984,1.0,84.93487548828125,200.06512451171875,0.29801711440086365,0.7019829154014587
388,True,0.05,0.0001243396324021935,0.507706344127655,0.01362945232540369,0.0006814726511947811,0.5083878040313721,9.929918451234698e-05,0.00020242648315615952,1.4901161193847656e-08,6.109476089477539e-07,4.917383193969727e-07,0.8666666666666667,0.8684343434343434,0.9057539682539683,0.9467465404965405,0.8665782828282829,0.16204328835010529,0.17275187373161316,1.0,84.96589660644531,200.03411865234375,0.2981259524822235,0.7018741369247437
389,True,0.05,0.00012045473207413647,0.5056277513504028,0.014167629182338715,0.0007083814707584679,0.5063361525535583,0.00036197341978549957,0.00011081251432187855,1.4901161193847656e-08,5.811452865600586e-07,4.917383193969727e-07,0.8666666666666667,0.8684343434343434,0.9057539682539683,0.9467465404965405,0.8665782828282829,0.16205306351184845,0.17276091873645782,1.0,85.00695037841797,199.99305725097656,0.29827001690864563,0.7017300128936768
390,True,0.05,0.00011690675961698426,0.5059282779693604,0.014187914319336414,0.0007093957392498851,0.506637692451477,0.00025501864729449153,0.0002041662810370326,1.4901161193847656e-08,6.109476089477539e-07,6.705522537231445e-07,0.8666666666666667,0.8684343434343434,0.9057539682539683,0.9467465404965405,0.8665782828282829,0.1620626002550125,0.17276977002620697,0.9999999403953552,85.03379821777344,199.96621704101562,0.29836422204971313,0.7016358375549316
391,True,0.05,0.00011369595752994128,0.5056016445159912,0.0131089948117733,0.0006554497522301972,0.5062571167945862,0.00021289908909238875,0.00019005945068784058,1.4901161193847656e-08,6.258487701416016e-07,6.109476089477539e-07,0.8666666666666667,0.8684343434343434,0.9057539682539683,0.9467465404965405,0.8665782828282829,0.1620718538761139,0.1727784276008606,1.0,85.05303955078125,199.94696044921875,0.29843172430992126,0.7015683054924011
392,True,0.05,0.00011082254526706605,0.5079630613327026,0.013584856875240803,0.000679242832120508,0.508642315864563,0.0003320584655739367,0.00019875020370818675,1.4901161193847656e-08,6.556510925292969e-07,4.6193599700927734e-07,0.8666666666666667,0.8684343434343434,0.9057539682539683,0.9467465404965405,0.8665782828282829,0.1620810180902481,0.17278693616390228,1.0,85.06768798828125,199.93231201171875,0.29848313331604004,0.7015169262886047
393,True,0.05,0.00010828671922226878,0.5071415305137634,0.013296257704496384,0.0006648129201494157,0.5078063607215881,0.00013643063721247017,0.0002212322870036587,1.4901161193847656e-08,6.556510925292969e-07,6.705522537231445e-07,0.8666666666666667,0.8684343434343434,0.9057539682539683,0.9471535409035409,0.8665782828282829,0.16208979487419128,0.1727953553199768,1.0,85.07279968261719,199.92718505859375,0.29850104451179504,0.7014989256858826
394,True,0.05,0.00010608865271589101,0.5063841938972473,0.013344790786504745,0.0006672395393252373,0.507051408290863,0.0002567312039900571,0.0002241559122921899,1.1175870895385742e-08,6.109476089477539e-07,5.662441253662109e-07,0.8666666666666667,0.8684343434343434,0.9057539682539683,0.9475605413105413,0.8665782828282829,0.16209843754768372,0.17280365526676178,0.9999998807907104,85.07823944091797,199.9217529296875,0.29852014780044556,0.7014798521995544
395,True,0.05,0.00010422849598285996,0.5052247643470764,0.013093564659357071,0.0006546782678924501,0.5058794617652893,0.00012608058750629425,0.00011912028276128694,1.4901161193847656e-08,5.811452865600586e-07,5.364418029785156e-07,0.8666666666666667,0.8684343434343434,0.9057539682539683,0.9475605413105413,0.8665782828282829,0.16210676729679108,0.17281170189380646,1.0,85.07130432128906,199.9287109375,0.2984957993030548,0.7015042901039124
396,True,0.05,0.00010270637616241606,0.505323052406311,0.013358492404222488,0.0006679246434941888,0.5059909820556641,0.0002668635861482471,0.000150461753946729,1.1175870895385742e-08,5.513429641723633e-07,5.364418029785156e-07,0.8666666666666667,0.8684343434343434,0.9057539682539683,0.9471885175010174,0.8665782828282829,0.16211503744125366,0.1728196144104004,1.0,85.06930541992188,199.93069458007812,0.2984887957572937,0.7015112042427063
397,True,0.05,0.00010152239728942829,0.5060508251190186,0.014132790267467499,0.0007066395482979715,0.5067574381828308,0.00031562711228616536,0.00013321283040568233,1.4901161193847656e-08,7.003545761108398e-07,4.3213367462158203e-07,0.8666666666666667,0.8684343434343434,0.9057539682539683,0.9471885175010174,0.8665782828282829,0.16212330758571625,0.1728273630142212,1.0,85.07731628417969,199.9226837158203,0.2985168993473053,0.7014831304550171
398,True,0.05,0.00010067664028727843,0.504763126373291,0.013621389865875244,0.0006810695049352944,0.5054441690444946,0.00015345358406193554,0.00011546823952812701,1.4901161193847656e-08,6.109476089477539e-07,5.513429641723633e-07,0.8666666666666667,0.8684343434343434,0.9057539682539683,0.9468164936914937,0.8665782828282829,0.1621313840150833,0.17283493280410767,0.9999998211860657,85.08560180664062,199.91439819335938,0.2985459864139557,0.7014540433883667
399,True,0.05,0.00010016916296233584,0.5042047500610352,0.012557361274957657,0.0006278680521063507,0.5048326253890991,4.546690888673766e-06,0.00023269087250810117,1.4901161193847656e-08,5.662441253662109e-07,4.917383193969727e-07,0.8666666666666667,0.8684343434343434,0.9057539682539683,0.9468164936914937,0.8665782828282829,0.16213908791542053,0.1728425770998001,0.9999999403953552,85.0712890625,199.9287109375,0.2984957695007324,0.7015042901039124
400,True,0.05,0.0001,0.5064803957939148,0.013036259450018406,0.0006518129957839847,0.5071322321891785,0.0001728259667288512,0.0002602592867333442,1.4901161193847656e-08,6.109476089477539e-07,5.662441253662109e-07,0.8666666666666667,0.8684343434343434,0.9057539682539683,0.9468164936914937,0.8665782828282829,0.16214671730995178,0.1728503406047821,1.0,85.0494384765625,199.9505615234375,0.2984190881252289,0.7015809416770935
