epoch,lr,loss,acc,macro_f1,bacc,macro_auc,weighted_f1,beta_min,beta_max,adapter_gradient_MRI,adapter_gradient_PET,adapter_gradient_CSF,adapter_gradient_Risk,adapter_gradient_COG,adapter_gradient_ROI
1,0.01,3.2923636436462402,0.3559322033898305,0.17500000000000002,0.3333333333333333,0.8530916828879477,0.186864406779661,1.0,1.0,0.05701437219977379,0.0610775388777256,0.07419166713953018,0.06150025874376297,0.033624257892370224,0.04813317209482193
2,0.01,2.9496943950653076,0.3559322033898305,0.17500000000000002,0.3333333333333333,0.5088880182258789,0.186864406779661,0.9962800741195679,1.0037158727645874,0.036352578550577164,0.036292485892772675,0.03617214411497116,0.03805023431777954,0.026634274050593376,0.032999154180288315
3,0.01,6.1862688064575195,0.3898305084745763,0.20175438596491227,0.24731182795698925,0.46071962370773917,0.31801962533452277,0.9926766753196716,1.0005887746810913,0.15959304571151733,0.17405344545841217,0.20480182766914368,0.1775359809398651,0.15928684175014496,0.15713950991630554
4,0.01,4.781564235687256,0.4406779661016949,0.21940928270042193,0.2795698924731183,0.5174821876859228,0.34584853035829216,0.989595890045166,0.9976516962051392,0.09335329383611679,0.0794040858745575,0.07926923781633377,0.09060695022344589,0.08421000093221664,0.0846472755074501
5,0.01,4.8289971351623535,0.5254237288135594,0.22962962962962963,0.3333333333333333,0.5995525414031356,0.36195856873822974,0.9859532713890076,0.9958580732345581,0.09295786917209625,0.07489216327667236,0.08072932064533234,0.08167672902345657,0.053854044526815414,0.08870837092399597
6,0.01,6.048105716705322,0.5423728813559322,0.4416315049226441,0.565284178187404,0.7707036408224863,0.4249445755560323,0.9826613664627075,0.9939142465591431,0.021423108875751495,0.01623908057808876,0.014774277806282043,0.015306736342608929,0.02767777442932129,0.01841910555958748
7,0.01,3.874168634414673,0.5423728813559322,0.4416315049226441,0.565284178187404,0.7733270313915476,0.4249445755560323,0.9799094200134277,0.9928151965141296,0.0154459523037076,0.011001896113157272,0.011877505108714104,0.011825080029666424,0.016376199200749397,0.012534034438431263
8,0.01,3.6561412811279297,0.5932203389830508,0.5024390243902439,0.597542242703533,0.7552244963110838,0.4665564282761472,0.9775183796882629,0.9917886257171631,0.019718952476978302,0.015578859485685825,0.012253942899405956,0.013012208044528961,0.015878770500421524,0.013121414929628372
9,0.01,3.2365031242370605,0.5932203389830508,0.5024390243902439,0.597542242703533,0.7546798136781159,0.4665564282761472,0.9754019975662231,0.9908459186553955,0.00850948691368103,0.00480275321751833,0.004859725944697857,0.00498581025749445,0.0075568207539618015,0.005282460246235132
10,0.01,2.5394768714904785,0.576271186440678,0.4710269650028686,0.5499231950844854,0.7741095915968582,0.45190933224423113,0.9730386137962341,0.9895858764648438,0.005408952012658119,0.0032189758494496346,0.0031345949973911047,0.003243496874347329,0.004243932664394379,0.0033725446555763483
11,0.01,4.166372776031494,0.576271186440678,0.4710269650028686,0.5499231950844854,0.7677496056103865,0.45190933224423113,0.9713470935821533,0.9887281060218811,0.02192971669137478,0.014459539204835892,0.013441991060972214,0.01508763525635004,0.02165578491985798,0.01608370989561081
12,0.01,3.221165657043457,0.6610169491525424,0.6672619047619047,0.6651305683563747,0.7813588976577092,0.6595338983050848,0.9700581431388855,0.9881060123443604,0.01962769217789173,0.016429509967565536,0.015888556838035583,0.016678107902407646,0.0227259062230587,0.015783661976456642
13,0.01,2.6761584281921387,0.5084745762711864,0.5160980810234542,0.6513056835637481,0.7949961753017781,0.4021773698095479,0.9688100218772888,0.9869673848152161,0.005021398421376944,0.0029453018214553595,0.002691569970920682,0.0031902147457003593,0.007979168556630611,0.0028407364152371883
14,0.01,2.6693553924560547,0.5084745762711864,0.5064155064155064,0.6144393241167435,0.8271055015537189,0.4192034870000972,0.9677711129188538,0.9858101010322571,0.002283649519085884,0.0021789621096104383,0.0022150028962641954,0.0021104607731103897,0.004910105373710394,0.0021604171488434076
15,0.01,2.591634750366211,0.6271186440677966,0.6135531135531135,0.6374807987711213,0.8238021646340833,0.6173402868318122,0.9669554233551025,0.9847670793533325,0.0017041462706401944,0.00163174862973392,0.0017348858527839184,0.0015387119492515922,0.00345022976398468,0.001718267914839089
16,0.01,2.5600671768188477,0.559322033898305,0.4602941176470588,0.576036866359447,0.8526693076777967,0.4384097706879362,0.966265857219696,0.9837664365768433,0.0035991522017866373,0.002709574531763792,0.0024459108244627714,0.002777514746412635,0.003002781653776765,0.0026115537621080875
17,0.01,2.598459482192993,0.576271186440678,0.48045267489711935,0.58678955453149,0.8559985571870122,0.45223896212596776,0.965945839881897,0.9832430481910706,0.007526735309511423,0.00600420031696558,0.005748532246798277,0.0064718639478087425,0.007023815531283617,0.006366466172039509
18,0.01,2.3838424682617188,0.559322033898305,0.44986449864498645,0.5391705069124424,0.8544961452431741,0.4379220063387074,0.9657878875732422,0.9828733205795288,0.0009334036149084568,0.0008841374074108899,0.0008504127035848796,0.0008890210301615298,0.0012918744469061494,0.000971428060438484
19,0.01,2.2567853927612305,0.559322033898305,0.44986449864498645,0.5391705069124424,0.8620957895151443,0.4379220063387074,0.9658914804458618,0.9827167391777039,0.0009779948741197586,0.0007811360992491245,0.0006710782763548195,0.0007689333870075643,0.0008070988114923239,0.0007508457638323307
20,0.01,2.2427263259887695,0.559322033898305,0.44986449864498645,0.5391705069124424,0.8542126615131709,0.4379220063387074,0.9661816954612732,0.9826300740242004,0.0003634084132499993,0.00033106360933743417,0.0003733525809366256,0.0003826363245025277,0.0006840704008936882,0.00042015212238766253
21,0.009999830837037664,2.246087074279785,0.6779661016949152,0.6257785929917077,0.6226318484383001,0.8451308171172348,0.6753857423487876,0.966592013835907,0.982582688331604,0.0005332020809873939,0.0005298511823639274,0.000494116626214236,0.00044332645484246314,0.000668455264531076,0.0003827530308626592
22,0.009999323359712722,2.184995174407959,0.7457627118644068,0.7385879252886927,0.7864823348694316,0.8795572471294033,0.7444307394023464,0.967078685760498,0.9825212955474854,0.00018541775352787226,0.00017758675676304847,0.00015889258065726608,0.0001437689788872376,0.0005239431047812104,0.0001769412774592638
23,0.009998477602710573,2.3174142837524414,0.6101694915254238,0.5883040935672513,0.6441372247823861,0.8601072573907889,0.591317276241451,0.9676893353462219,0.98256915807724,0.00041175802471116185,0.0004041684733238071,0.00037288415478542447,0.00033955337130464613,0.0004598583036568016,0.0003942084440495819
24,0.009997293623837585,2.3368635177612305,0.711864406779661,0.7042023663810689,0.7547363031233999,0.8687662083247822,0.7126942306495446,0.9684091806411743,0.9827132225036621,0.000321880797855556,0.0002521607093513012,0.00028110420680604875,0.00027597692678682506,0.000385117920814082,0.0003132664132863283
25,0.00999577150401714,2.2665822505950928,0.6949152542372882,0.6951997780244173,0.7644649257552483,0.8907768801656748,0.680766662277319,0.9692299365997314,0.9829586744308472,0.00017928791930899024,0.00020137392857577652,0.00024611534900031984,0.00021094526164233685,0.00048415170749649405,0.00019507798424456269
26,0.009993911347284109,2.1454391479492188,0.6949152542372882,0.5630745523141506,0.554531490015361,0.8850045917108735,0.6731445230703553,0.9701279997825623,0.9832930564880371,0.0002911300980485976,0.00028920749900862575,0.0002824912662617862,0.0002611539384815842,0.0004992607864551246,0.00027501158183440566
27,0.009991713280777732,2.1563148498535156,0.6440677966101694,0.6531611514662362,0.7004608294930876,0.9060699722838942,0.6183472182323086,0.9710701107978821,0.9837065935134888,0.00010104877583216876,8.508538303431123e-05,8.702382183400914e-05,7.401636685244739e-05,0.0003466307825874537,0.00012546777725219727
28,0.009989177454732934,2.126145601272583,0.6101694915254238,0.5442579343239773,0.6185355862775217,0.8914697828110391,0.5233365670736827,0.9721391797065735,0.9842777252197266,0.00026685846387408674,0.00026274772244505584,0.0002623112522996962,0.00021394352370407432,0.00045743168448098004,0.0002846701827365905
29,0.00998630404247006,2.168654441833496,0.576271186440678,0.5918803418803419,0.6943164362519201,0.8835058075295766,0.5148848326814428,0.9732627868652344,0.9849590063095093,4.0990413253894076e-05,5.1143528253305703e-05,4.069895658176392e-05,2.227498589491006e-05,0.000398969161324203,0.0001291583466809243
30,0.009983093240383016,2.215197801589966,0.5423728813559322,0.5554747054747055,0.6728110599078341,0.8803325518096315,0.46097642623066354,0.9743711352348328,0.9856829643249512,0.0001956743362825364,0.00016428405069746077,0.0001646114105824381,0.00014064411516301334,0.0004394036077428609,0.00019411483663134277
31,0.009979545267925863,2.2145795822143555,0.6440677966101694,0.6578307712521351,0.7373271889400922,0.9139106036389567,0.6111799603161346,0.975507378578186,0.9865235090255737,4.499060014495626e-05,6.771704647690058e-05,6.344798021018505e-05,4.939446444041096e-05,0.0004936754703521729,0.00014083304267842323
32,0.009975660367597807,2.081833839416504,0.576271186440678,0.48045267489711935,0.58678955453149,0.8056488408780428,0.45223896212596776,0.9767523407936096,0.9875856637954712,0.000189267098903656,0.0001829330576583743,0.00018059088324662298,0.00016394050908274949,0.0006108258385211229,0.00022042056662030518
33,0.009971438804926623,2.3772714138031006,0.7966101694915254,0.80995670995671,0.8136200716845877,0.9077382248010432,0.7970724191063174,0.9779911041259766,0.9886749386787415,0.00014269177336245775,0.00013826272333972156,0.00014614795509260148,0.00014714096323587,0.0006239957874640822,0.00017184799071401358
34,0.00996688086845051,2.02114200592041,0.7796610169491526,0.798724521255043,0.8182283666154633,0.9182748019759904,0.7774036381421772,0.9791773557662964,0.9899675250053406,0.00018821404955815524,0.00020986812887713313,0.00016050916747190058,0.00016841456817928702,0.0009267451241612434,0.00018327642465010285
35,0.009961986869698373,2.0552117824554443,0.7457627118644068,0.7589937106918239,0.7916026625704045,0.9153839934824655,0.7421426287176207,0.9804012179374695,0.9916384220123291,0.00018322824325878173,0.00018230194109492004,0.00019904895452782512,0.0002085029409499839,0.001511948648840189,0.0002297784376423806
36,0.009956757143168527,2.0430893898010254,0.7796610169491526,0.7851010101010102,0.8131080389144905,0.9112613004803158,0.7779275808936826,0.9816592335700989,0.9939266443252563,0.00010817177826538682,0.00013745552860200405,0.00012600465561263263,0.00010110092989634722,0.0016055117594078183,0.00019432406406849623
37,0.009951192046305833,2.024630546569824,0.7966101694915254,0.7777777777777778,0.7921146953405017,0.9174595919078093,0.7941888619854722,0.9828258752822876,0.9966347217559814,0.00039813315379433334,0.0004080420476384461,0.0003792936622630805,0.0003121649206150323,0.0016582442913204432,0.00041481139487586915
38,0.009945291959477269,1.9407777786254883,0.7627118644067796,0.6666666666666666,0.6600102406554019,0.9058035908630137,0.7468926553672317,0.9839370846748352,1.0002026557922363,0.00019641383551061153,0.0001861340570030734,0.00017784173542167991,0.00019052554853260517,0.0018690228462219238,0.00021949039364699274
39,0.009939057285945933,1.9669148921966553,0.8135593220338984,0.8164385250955727,0.8766001024065541,0.9299375402940768,0.8106905698000338,0.9851609468460083,1.0045229196548462,0.0005233064293861389,0.000523859984241426,0.000550679920706898,0.0005014237249270082,0.003251662477850914,0.0005648922524414957
40,0.009932488451843476,1.9670884609222412,0.847457627118644,0.8541424887169567,0.8981054787506401,0.9472388581047325,0.8461798839458413,0.9864026308059692,1.009374976158142,0.0004644204746000469,0.000517234904691577,0.00030279922066256404,0.0004906613030470908,0.0024560035672038794,0.0004291572258807719
41,0.009925585906140986,1.8404308557510376,0.7966101694915254,0.6920056100981767,0.681515616999488,0.9417479803727682,0.78069270449521,0.9876101016998291,1.0148166418075562,0.00022180489031597972,0.00021438331168610603,0.00021846991148777306,0.00021590822143480182,0.00364387477748096,0.00021643057698383927
42,0.009918350120618293,1.8262579441070557,0.7966101694915254,0.7531839644825705,0.7552483358934973,0.9460059370925246,0.7926481293182365,0.988705575466156,1.0200026035308838,0.0007929943385533988,0.0007314566755667329,0.0007896263268776238,0.0006783247808925807,0.0017100468976423144,0.0007063018856570125
43,0.009910781589831726,1.7816731929779053,0.7966101694915254,0.7778253730277719,0.7869943676395289,0.9439510687388446,0.7954920844662414,0.9896882176399231,1.0247071981430054,0.0010043560760095716,0.0009968280792236328,0.0010457119205966592,0.0011256703874096274,0.013543885201215744,0.0012765999417752028
44,0.009902880831080306,1.7072787284851074,0.7627118644067796,0.7602564102564102,0.8074756784434203,0.9315746977037298,0.7576923076923078,0.9906697273254395,1.0288070440292358,0.0009326270082965493,0.0007414258434437215,0.0007884761434979737,0.0008346055401489139,0.002549275755882263,0.0009049508953467011
45,0.009894648384370404,1.7279542684555054,0.8305084745762712,0.8026785714285714,0.7982590885816693,0.9338451588027139,0.8306144067796609,0.9916769862174988,1.0337005853652954,0.0006974210264161229,0.0004337744030635804,0.00045026076259091496,0.0005267008673399687,0.007613923866301775,0.00035788779496215284
46,0.009886084812378817,1.6365935802459717,0.7627118644067796,0.7716943187531423,0.8074756784434203,0.9342421396750767,0.7580412608328859,0.9926552176475525,1.0386362075805664,0.00022200382954906672,0.0002256231673527509,0.00027316887280903757,0.000259497610386461,0.004555430728942156,0.0003361899871379137
47,0.009877190700414313,1.742929220199585,0.7796610169491526,0.7641773690608318,0.7864823348694316,0.9304899967039185,0.7744126112229349,0.9935529232025146,1.0418195724487305,0.0013606168795377016,0.0014256690628826618,0.001294938032515347,0.0013184938579797745,0.005840312223881483,0.0013539813226088881
48,0.00986796665637763,1.6917073726654053,0.8135593220338984,0.7661697182699393,0.7660010240655403,0.923593101861353,0.8099813704400093,0.9942063689231873,1.046224594116211,0.000809091201517731,0.0006857530097477138,0.0007373166736215353,0.0007041283533908427,0.011249616742134094,0.000849733711220324
49,0.009858413310719925,1.4933363199234009,0.7457627118644068,0.723228258439526,0.713773681515617,0.897962959507951,0.7364526139890188,0.9948773980140686,1.0512768030166626,0.00036771310260519385,0.0004801724571734667,0.00046008764184080064,0.000425781705416739,0.005951737519353628,0.0004707318439614028
50,0.009848531316399685,1.9313942193984985,0.7627118644067796,0.7337301587301588,0.7552483358934973,0.9106466538554824,0.7651129943502825,0.9955447912216187,1.0547245740890503,0.0012371763586997986,0.001529853092506528,0.0009949917439371347,0.0010830523679032922,0.012072499841451645,0.0012452396331354976
51,0.009838321348838096,1.5076404809951782,0.6949152542372882,0.6759259259259259,0.7327188940092166,0.9290787970754014,0.6793785310734463,0.9962972402572632,1.056160807609558,0.0011496467050164938,0.0011952457716688514,0.0010765535989776254,0.001035646302625537,0.011443319730460644,0.0011925422586500645
52,0.009827784105872876,1.514730453491211,0.6610169491525424,0.6562420544113907,0.7112135176651306,0.9140930282695988,0.6383405086038604,0.997133731842041,1.0584309101104736,0.0018510553054511547,0.0026189337950199842,0.002105357125401497,0.002008062321692705,0.016802558675408363,0.0024575302377343178
53,0.009816920307710586,1.766097903251648,0.6440677966101694,0.6027568922305765,0.6267281105990784,0.8924233661075766,0.6218299987256275,0.997429370880127,1.0606573820114136,0.004551079124212265,0.005401498172432184,0.004695411771535873,0.004653589334338903,0.03327415883541107,0.0050286417827010155
54,0.0098057306968774,1.4799315929412842,0.711864406779661,0.6572327044025158,0.6697388632872504,0.8795354805541562,0.6982731052126638,0.997315526008606,1.063075065612793,0.0018745565321296453,0.0018007098697125912,0.0017420774092897773,0.0017659227596595883,0.013279520906507969,0.0020509001333266497
55,0.009794216038168352,1.7620899677276611,0.7966101694915254,0.7527472527472527,0.7603686635944701,0.894403087951475,0.7909294095734775,0.997452437877655,1.0666550397872925,0.0051811872981488705,0.006000516936182976,0.004903383087366819,0.0048089539632201195,0.049774643033742905,0.005865525919944048
56,0.009782377118595071,1.4131243228912354,0.8135593220338984,0.7907631602546857,0.7977470558115719,0.9210821719310683,0.8127741070573591,0.9978110194206238,1.0707943439483643,0.002544926945120096,0.0028596760239452124,0.002531486563384533,0.0021761800162494183,0.023551328107714653,0.0026601171121001244
57,0.009770214747331984,1.3819295167922974,0.8813559322033898,0.8192307692307693,0.8038914490527395,0.9339488091610333,0.8799869621903521,0.9981511235237122,1.072163701057434,0.0019443667260929942,0.002221946371719241,0.0020415661856532097,0.0020236088894307613,0.02592793107032776,0.0022078044712543488
58,0.009757729755661011,1.3602958917617798,0.8813559322033898,0.8433346238224287,0.840757808499744,0.9403968979520761,0.8816774608424051,0.9984196424484253,1.0732496976852417,0.0012951677199453115,0.0015940384473651648,0.0012686162954196334,0.0013599953381344676,0.010598880238831043,0.001344124204479158
59,0.009744922996914747,1.2408678531646729,0.8135593220338984,0.800354609929078,0.8397337429595494,0.9333839147081932,0.812243058059863,0.9986029267311096,1.075311303138733,0.0011346283135935664,0.0012741845566779375,0.001118344604037702,0.0011412260355427861,0.014591635204851627,0.0013334420509636402
60,0.00973179534641814,1.1061383485794067,0.7966101694915254,0.7864102564102563,0.8341013824884792,0.9257246714801893,0.7921382007822686,0.9988489151000977,1.078553557395935,0.0011867352295666933,0.0010966850677505136,0.0008849937585182488,0.000983331585302949,0.015432699583470821,0.0012640500208362937
61,0.009718347701428667,1.0450522899627686,0.7457627118644068,0.6762703962703963,0.6912442396313364,0.9123304539263791,0.7358681995970131,0.9989975094795227,1.079946517944336,0.0011223149485886097,0.001221336773596704,0.0013577024219557643,0.0011111728381365538,0.01584557630121708,0.001191700459457934
62,0.009704580981074998,0.9105309247970581,0.8305084745762712,0.8132716049382717,0.8556067588325652,0.9351221312172076,0.8285467671060891,0.9991465210914612,1.0807769298553467,0.0006293152109719813,0.0006738168885931373,0.00047878455370664597,0.0004773328546434641,0.010035376995801926,0.0009737856453284621
63,0.009690496126294182,0.9361263513565063,0.8135593220338984,0.800354609929078,0.8397337429595494,0.9360715684994122,0.812243058059863,0.9990861415863037,1.0827102661132812,0.002258887980133295,0.002000553300604224,0.0021041221916675568,0.0016742255538702011,0.02182854898273945,0.002437373623251915
64,0.009676094099767331,0.8316808938980103,0.7966101694915254,0.745021645021645,0.7501280081925245,0.9434483645009961,0.7955315870570108,0.9992521405220032,1.0856406688690186,0.001768283313140273,0.001454410026781261,0.0017621034057810903,0.0015354070346802473,0.019143039360642433,0.0014902146067470312
65,0.009661375885853831,0.7965425848960876,0.7796610169491526,0.7396736596736596,0.7496159754224271,0.9389706690216029,0.7732274505155861,0.9992944598197937,1.0878738164901733,0.0012531857937574387,0.0013732088264077902,0.0015605775406584144,0.0014211850939318538,0.024846073240041733,0.0017093382775783539
66,0.00964634249052405,0.8481996059417725,0.7457627118644068,0.6927788523533204,0.722990271377368,0.9229095277482374,0.7443694062879062,0.9994845390319824,1.0899529457092285,0.0020173941738903522,0.002366474363952875,0.002168855397030711,0.002296950202435255,0.03389420360326767,0.0026350554544478655
67,0.009630994941290591,0.7416560649871826,0.8135593220338984,0.7573543788549387,0.7711213517665131,0.9446895775418694,0.8098898526518242,0.9994739890098572,1.0922627449035645,0.0021962146274745464,0.0020647267811000347,0.0025644414126873016,0.005089945159852505,0.028128210455179214,0.0020316934678703547
68,0.009615334287138054,0.7596962451934814,0.7966101694915254,0.7523843026891807,0.7398873527905786,0.9502213971653699,0.7950818043056571,0.9995414614677429,1.0963451862335205,0.0025253056082874537,0.002175685251131654,0.0017153153894469142,0.002237325068563223,0.04158862680196762,0.0022454243153333664
69,0.00959936159845135,0.7148807048797607,0.8135593220338984,0.7812874507789762,0.7977470558115719,0.9347728295096717,0.813955411628494,0.9995538592338562,1.1009130477905273,0.0009238133789040148,0.0007123302202671766,0.0009016551193781197,0.0007710976642556489,0.012584418058395386,0.00121324195060879
70,0.009583077966942534,0.7165215015411377,0.8305084745762712,0.8134920634920636,0.8402457757296466,0.9412789625013734,0.8319209039548023,0.999565064907074,1.1049085855484009,0.001039768336340785,0.0016130437143146992,0.0016071639256551862,0.0011899203527718782,0.02247367799282074,0.0013440948678180575
71,0.009566484505576189,0.7139058113098145,0.847457627118644,0.8270595191170674,0.8561187916026626,0.9397091778246277,0.8488021351790116,0.9995754957199097,1.1084901094436646,0.0012805501464754343,0.0015119541203603148,0.001103884307667613,0.001161032821983099,0.021762732416391373,0.001040661591105163
72,0.009549582348493355,0.6474035978317261,0.8135593220338984,0.7811605516523549,0.7926267281105991,0.9274063985439197,0.8148559785125498,0.9995007514953613,1.1115070581436157,0.0009791962802410126,0.0010055673774331808,0.0011528641916811466,0.0011078747920691967,0.01542091928422451,0.0006855542305856943
73,0.009532372650934018,0.6788876056671143,0.7796610169491526,0.7097560975609755,0.692268305171531,0.9312461260678578,0.7748243075651096,0.9993943572044373,1.1150048971176147,0.0011974851367995143,0.0011868149740621448,0.0013965313555672765,0.0006952444673515856,0.015572724863886833,0.001405353774316609
74,0.009514856589158148,0.6667608022689819,0.8305084745762712,0.7712842712842712,0.7767537122375833,0.9397775870611184,0.8292244478685157,0.9992590546607971,1.1177263259887695,0.0017700371099635959,0.0021882555447518826,0.0016892262501642108,0.0017239488661289215,0.04434511438012123,0.0016700122505426407
75,0.009497035360365296,0.730969250202179,0.7966101694915254,0.744642857142857,0.7398873527905786,0.93380162565222,0.7972457627118643,0.9991070628166199,1.1213977336883545,0.0024278168566524982,0.0026115819346159697,0.0020975929219275713,0.0026806385722011328,0.05225588008761406,0.001768181100487709
76,0.00947891018261278,0.7336784601211548,0.7627118644067796,0.7187590187590187,0.7235023041474653,0.9247731611908184,0.761838726245506,0.9991175532341003,1.124705195426941,0.0018393474165350199,0.0034020617604255676,0.0018043575109913945,0.0036305056419223547,0.03400026634335518,0.0025823668111115694
77,0.00946048229473242,0.6867176294326782,0.7966101694915254,0.7523843026891807,0.7398873527905786,0.9325619673667213,0.7950818043056571,0.999153733253479,1.128244400024414,0.0027290990110486746,0.0032485986594110727,0.0025422696489840746,0.0035507839638739824,0.032015398144721985,0.0020017563365399837
78,0.009441752956245879,0.7160966396331787,0.7796610169491526,0.7384615384615385,0.7240143369175627,0.9234386628274573,0.7780964797913952,0.9993113279342651,1.1313382387161255,0.0006768121384084225,0.001976877683773637,0.0016559379873797297,0.001387575175613165,0.018790729343891144,0.0004936669138260186
79,0.009422723447278559,0.6536506414413452,0.7796610169491526,0.7102866986587917,0.6973886328725039,0.9275945239442693,0.7743147449493528,0.9994492530822754,1.1346147060394287,0.0016394646372646093,0.0018417012179270387,0.001690715434961021,0.00301382620818913,0.014979325234889984,0.0012808643514290452
80,0.00940339506847212,0.6599328517913818,0.7966101694915254,0.6863256218094929,0.681515616999488,0.9320338687910844,0.783256291730868,0.999366283416748,1.138554573059082,0.0021804103162139654,0.0021551833488047123,0.002352536655962467,0.004286761395633221,0.024750910699367523,0.0017348604742437601
81,0.009383769140895582,0.6424154043197632,0.8135593220338984,0.6987839910149246,0.6973886328725039,0.939525198438611,0.7988000619407895,0.9993041753768921,1.1418284177780151,0.0008591764490120113,0.0005727901007048786,0.0005554157542064786,0.001995127648115158,0.014057565480470657,0.0005381607916206121
82,0.009363847005955023,0.6630716323852539,0.7966101694915254,0.6863256218094929,0.681515616999488,0.9435416498234833,0.783256291730868,0.9989945888519287,1.1455564498901367,0.002311594784259796,0.0027994669508188963,0.002343604573979974,0.0046217599883675575,0.013760161586105824,0.0018592270789667964
83,0.009343630025301902,0.6271802186965942,0.7966101694915254,0.7232142857142857,0.7081413210445469,0.9370474366229885,0.7913135593220338,0.9985527992248535,1.1487689018249512,0.00120738975238055,0.0015218080952763557,0.0008038894739001989,0.002249427605420351,0.006531381513923407,0.001155477249994874
84,0.00932311958073999,0.637864887714386,0.847457627118644,0.8168774100977491,0.8243727598566307,0.9449507764448342,0.8464042899549937,0.9980243444442749,1.1518585681915283,0.0013253234792500734,0.0008403162937611341,0.0006836068350821733,0.0020820354111492634,0.010955261066555977,0.0008505538571625948
85,0.009302317074130931,0.6267790794372559,0.8813559322033898,0.8535087719298246,0.8878648233486942,0.9448756299350527,0.8820844484091585,0.9976694583892822,1.1547569036483765,0.0022946586832404137,0.0016227572923526168,0.0014675960410386324,0.004081148188561201,0.013698122464120388,0.0011833372991532087
86,0.009281223927298419,0.6344127058982849,0.8305084745762712,0.7487922705314011,0.7450076804915514,0.9387244994205944,0.822156718251044,0.9974023103713989,1.1577043533325195,0.0013631389010697603,0.0007249946938827634,0.000620183302089572,0.0009348539751954377,0.00868995487689972,0.00024495209800079465
87,0.009259841581931017,0.5971884727478027,0.8305084745762712,0.7492668621700881,0.7398873527905786,0.9427590896181727,0.8235747303543914,0.9972754716873169,1.1612622737884521,0.004544793162494898,0.000887334521394223,0.0004563114489428699,0.0010284086456522346,0.018569881096482277,0.00044174742652103305
88,0.00923817149948363,0.5732235908508301,0.8135593220338984,0.6993746993746993,0.692268305171531,0.9448813307047602,0.8004011054858512,0.9973046183586121,1.164574384689331,0.0009808504255488515,0.0012985612265765667,0.0008796224719844759,0.0021545991767197847,0.004709727130830288,0.0007503744564019144
89,0.00921621516107761,0.5816392302513123,0.7796610169491526,0.6733622756431025,0.670762928827445,0.9422817797181126,0.7660977412478432,0.9973048567771912,1.1673709154129028,0.001898215850815177,0.000667835702188313,0.0003372900828253478,0.0009892204543575644,0.011759098619222641,0.0005922502023167908
90,0.009193974067399517,0.5766311883926392,0.7457627118644068,0.6474636474636474,0.6338965693804404,0.9168506460526835,0.7354509896882778,0.9975727796554565,1.170371413230896,0.003883523168042302,0.002249196171760559,0.0013425691286101937,0.0041997176595032215,0.024882212281227112,0.0012959426967427135
91,0.009171449738598562,0.5647363662719727,0.7288135593220338,0.6347780126849895,0.6231438812083974,0.9093852289947367,0.7186458594617837,0.9979308247566223,1.1718891859054565,0.002849804237484932,0.0011471941834315658,0.0006743323756381869,0.0017127110622823238,0.018557323142886162,0.0007630389300175011
92,0.009148643714182699,0.5965235829353333,0.711864406779661,0.6518590698918567,0.6492575524833589,0.8920103194296742,0.7087914863685911,0.9973554611206055,1.1723072528839111,0.014282211661338806,0.0031830279622226954,0.003032973501831293,0.003973853774368763,0.025190789252519608,0.003036470152437687
93,0.009125557552913402,0.5700057744979858,0.7796610169491526,0.7548365005992125,0.7711213517665131,0.8999530463876814,0.7799657012526878,0.9975053668022156,1.1732230186462402,0.0023749961983412504,0.00157838873565197,0.0011248469818383455,0.004380567464977503,0.012869950383901596,0.0020654781255871058
94,0.009102192832699127,0.6098837852478027,0.7627118644067796,0.6974584555229718,0.6866359447004609,0.8915827617016072,0.7573189522342065,0.9979469180107117,1.1740761995315552,0.004759973380714655,0.0013412514235824347,0.0005763793014921248,0.00487827742472291,0.00871508289128542,0.0009065827471204102
95,0.009078551150487465,0.6137445569038391,0.7288135593220338,0.6969696969696969,0.681515616999488,0.8912749201373988,0.7266010825332859,0.9980390667915344,1.1749576330184937,0.006674058269709349,0.002563775284215808,0.0015317749930545688,0.00456040957942605,0.02999621257185936,0.0017164548626169562
96,0.00905463412215599,0.6145918965339661,0.7796610169491526,0.7395197395197396,0.7291346646185355,0.8907463033099705,0.7781502866248629,0.9978014230728149,1.1755375862121582,0.004065509419888258,0.004592268727719784,0.00220698956400156,0.00843614712357521,0.04580884054303169,0.0023124150466173887
97,0.009030443382401818,0.6382603645324707,0.7457627118644068,0.7145853409670654,0.7127496159754223,0.8918755739638592,0.7434087963421114,0.997002899646759,1.1749297380447388,0.004405918065458536,0.004159385338425636,0.0023830800782889128,0.007328839972615242,0.040743064135313034,0.002232786500826478
98,0.009005980584629878,0.5734972953796387,0.7457627118644068,0.7384839103105357,0.7813620071684587,0.9070494681700115,0.7459416010342179,0.996301531791687,1.1757214069366455,0.0025843216571956873,0.002546052448451519,0.001479743979871273,0.0021289577707648277,0.030030367895960808,0.0019757691770792007
99,0.008981247400839902,0.5940927267074585,0.7966101694915254,0.7870950888192269,0.8187403993855606,0.9305397488759118,0.7969156792944052,0.9957835674285889,1.1766325235366821,0.0023588459007441998,0.0017004265682771802,0.001065763528458774,0.001696318737231195,0.005542983766645193,0.0008097507525235415
100,0.00895624552151215,0.5956697463989258,0.864406779661017,0.783690564178369,0.7562724014336917,0.9469429363317308,0.8563393338093628,0.9956320524215698,1.1774593591690063,0.013661596924066544,0.0046821520663797855,0.004533935803920031,0.004384351894259453,0.008243877440690994,0.002330704824998975
101,0.008930976655491857,0.602641761302948,0.847457627118644,0.7705849705849706,0.7455197132616487,0.9466835513100369,0.8394215953537988,0.995711624622345,1.1776673793792725,0.0029266660567373037,0.0027337518986314535,0.001276975846849382,0.003266506362706423,0.046444039791822433,0.001672389917075634
102,0.008905442529872458,0.5917588472366333,0.8305084745762712,0.7576418252290346,0.7347670250896057,0.9378315515836738,0.822585955136704,0.9956114888191223,1.177641749382019,0.004763804841786623,0.0015472426312044263,0.001403246889822185,0.001722848042845726,0.011093889363110065,0.0006940316525287926
103,0.008879644889877513,0.5913376212120056,0.8135593220338984,0.7448292448292447,0.7240143369175627,0.951432551602331,0.8057940176584243,0.99599689245224,1.177355170249939,0.008865287527441978,0.0039942096918821335,0.0029059243388473988,0.005148202180862427,0.016637656837701797,0.0016761923907324672
104,0.008853585498741453,0.6131495833396912,0.8135593220338984,0.7444555444555445,0.7188940092165899,0.9272856458764779,0.8063055588479316,0.9963812232017517,1.1769914627075195,0.0049094208516180515,0.0006401250720955431,0.0010982875246554613,0.0033260860946029425,0.023769641295075417,0.0004273494123481214
105,0.008827266137589043,0.5525497198104858,0.7796610169491526,0.678412813978886,0.6554019457245265,0.9177192360553991,0.7660967588679175,0.9965264797210693,1.176293969154358,0.0064714206382632256,0.00208448083139956,0.0006765977595932782,0.0015595383010804653,0.009529562667012215,0.000606076093390584
106,0.008800688605313658,0.5992183685302734,0.7796610169491526,0.6790697674418604,0.6605222734254993,0.9154834978264518,0.7657863618446985,0.9959801435470581,1.176115870475769,0.009554856456816196,0.005472615826874971,0.0027407442685216665,0.006465268321335316,0.02658679336309433,0.002623216947540641
107,0.008773854718454323,0.5684084892272949,0.7966101694915254,0.6920056100981767,0.681515616999488,0.9172486634286295,0.78069270449521,0.9955899119377136,1.176021695137024,0.0018889917992055416,0.0012059350265190005,0.0002534034720156342,0.0015379369724541903,0.004159736447036266,0.000217506691114977
108,0.008746766311071562,0.580939531326294,0.7457627118644068,0.6479076479076479,0.6390168970814132,0.9062347763536218,0.7346833957003449,0.9955458641052246,1.1757638454437256,0.015424389392137527,0.0062173581682145596,0.002282599685713649,0.003761633299291134,0.11659007519483566,0.002458354225382209
109,0.008719425234622036,0.5579934120178223,0.7457627118644068,0.6506131549609812,0.6236559139784946,0.8877510670804388,0.7324528087976873,0.9960086941719055,1.1756302118301392,0.004688750021159649,0.0018654466839507222,0.0015370502369478345,0.0017817604821175337,0.018276184797286987,0.0014643355971202254
110,0.008691833357832001,0.6195353865623474,0.711864406779661,0.6199683401175938,0.6021505376344086,0.8951509252867487,0.7021997102315849,0.9952896237373352,1.1761317253112793,0.005315279588103294,0.003914404194802046,0.0012364205904304981,0.010265203192830086,0.028099030256271362,0.003656887449324131
111,0.008663992566569587,0.6341614723205566,0.7627118644067796,0.6606985553206484,0.6497695852534562,0.9144330014448859,0.7516203371913857,0.9942613244056702,1.1765700578689575,0.00938135851174593,0.005482232663780451,0.005270915571600199,0.011504861526191235,0.08727534860372543,0.004047623369842768
112,0.00863590476371589,0.6378116011619568,0.7627118644067796,0.6606985553206484,0.6497695852534562,0.929079315327193,0.7516203371913857,0.9939209222793579,1.1774115562438965,0.013565829955041409,0.004363590851426125,0.00238840002566576,0.0032763194758445024,0.03974716737866402,0.0039084055460989475
113,0.008607571869034929,0.5659350156784058,0.7966101694915254,0.7450076804915513,0.7450076804915513,0.925906059607248,0.7966101694915254,0.993864119052887,1.1780543327331543,0.0016661140834912658,0.0007221238338388503,0.0006909861112944782,0.0013574704062193632,0.012843869626522064,0.0009803975699469447
114,0.008578995819042416,0.5495258569717407,0.8305084745762712,0.7945736434108528,0.8084997439836149,0.9237708622258708,0.831493890421758,0.9942789673805237,1.1786773204803467,0.005636109504848719,0.0015144671779125929,0.0015729391016066074,0.006502178031951189,0.022886836901307106,0.001993187004700303
115,0.00855017856687341,0.577789306640625,0.847457627118644,0.8077384009587399,0.8243727598566307,0.9251463024807677,0.8479451220043004,0.9938822388648987,1.1796213388442993,0.006226531229913235,0.0037644333206117153,0.0020852400921285152,0.0033515894319862127,0.020398680120706558,0.0026470671873539686
116,0.00852112208214882,0.5678575038909912,0.8305084745762712,0.7943805874840356,0.8136200716845877,0.9263320625799403,0.8303136567309565,0.9935717582702637,1.1806666851043701,0.0032926558051258326,0.0014390915166586637,0.0004540536319836974,0.002282820176333189,0.007292081136256456,0.0004029068222735077
117,0.008491828350840775,0.6052396297454834,0.847457627118644,0.8077384009587399,0.8243727598566307,0.9303873828491825,0.8479451220043004,0.9933304786682129,1.1814844608306885,0.008425137959420681,0.0018112080870196223,0.0011039545061066747,0.007042360492050648,0.01821817457675934,0.00199205637909472
118,0.0084622993751369,0.5734504461288452,0.7796610169491526,0.7314492192540972,0.7291346646185355,0.9349536993849387,0.7799628601612892,0.993699848651886,1.1821736097335815,0.012625746428966522,0.0015229322016239166,0.0014956033555790782,0.0023573902435600758,0.012818872928619385,0.0022890749387443066
119,0.008432537173303462,0.6180421113967896,0.7627118644067796,0.6606985553206484,0.6497695852534562,0.926269354113157,0.7516203371913857,0.9931990504264832,1.18331778049469,0.012136537581682205,0.0033841347321867943,0.003087272634729743,0.018161116167902946,0.023957690224051476,0.0036466666497290134
120,0.00840254377954742,0.5924102067947388,0.7457627118644068,0.6777960433082025,0.6810035842293907,0.9238304611819043,0.7406311760258029,0.9922559261322021,1.18392014503479,0.015029382891952991,0.0035452893935143948,0.001888913451693952,0.004064792767167091,0.015919340774416924,0.0026446073316037655
121,0.008372321243877393,0.5865544080734253,0.7796610169491526,0.7548365005992125,0.7711213517665131,0.9241678430982335,0.7799657012526878,0.9917011260986328,1.1843494176864624,0.017454680055379868,0.008841892704367638,0.0018197970930486917,0.013643220067024231,0.029209377244114876,0.0035052697639912367
122,0.00834187163196355,0.590218186378479,0.8305084745762712,0.7940705128205128,0.7982590885816693,0.9420470116565193,0.8327221860060843,0.9921378493309021,1.1855721473693848,0.01494734175503254,0.006552895996719599,0.0035808507818728685,0.011718052439391613,0.0388813242316246,0.0034741898998618126
123,0.008311197024996417,0.6273224353790283,0.7966101694915254,0.7652197652197653,0.7665130568356374,0.9514786760117829,0.7975818653784756,0.991754949092865,1.1867446899414062,0.01999613456428051,0.001745920511893928,0.0020676031708717346,0.0038265364710241556,0.036720845848321915,0.0018084095790982246
124,0.008280299519544634,0.7008985280990601,0.8135593220338984,0.6997224997224998,0.6871479774705581,0.944076485672411,0.8016830627000119,0.9900387525558472,1.188178539276123,0.03684789687395096,0.008131591603159904,0.0054008071310818195,0.011503706686198711,0.047537289559841156,0.0038825743831694126
125,0.008249181227411657,0.5902813673019409,0.7796610169491526,0.6736411736411737,0.6656426011264721,0.9375480678536706,0.767542250593098,0.9881861805915833,1.1893150806427002,0.005644056014716625,0.0023356988094747066,0.0014507025480270386,0.006095218937844038,0.01065764855593443,0.0018055432010442019
126,0.008217844275491416,0.5848615169525146,0.847457627118644,0.8079625292740046,0.819252432155658,0.941772338206973,0.8490321385570065,0.9862802028656006,1.1905062198638916,0.009781538508832455,0.00584837794303894,0.003844853723421693,0.0126638850197196,0.023537956178188324,0.0028153357561677694
127,0.008186290805622951,0.5636724233627319,0.8305084745762712,0.7940705128205128,0.7982590885816693,0.9475114585471122,0.8327221860060843,0.9844236373901367,1.1919581890106201,0.0023290475364774466,0.0019717365503311157,0.0010113928001374006,0.0018996867584064603,0.009179295040667057,0.0009939419105648994
128,0.008154522974444009,0.5877424478530884,0.8305084745762712,0.771550087339561,0.7613927291346646,0.9468107821248738,0.8320763387667938,0.9824761748313904,1.1929614543914795,0.0053340969607234,0.003020795527845621,0.002776214387267828,0.0034154928289353848,0.022226501256227493,0.00249047065153718
129,0.008122542953243656,0.5663239359855652,0.8305084745762712,0.7494949494949495,0.7296466973886329,0.9566477193811659,0.8254750898818696,0.9807149767875671,1.193508267402649,0.007642265874892473,0.005290153902024031,0.004647580906748772,0.006040743086487055,0.09349112212657928,0.0026749540120363235
130,0.008090352927813856,0.5599514842033386,0.8135593220338984,0.7357254477701648,0.7342549923195084,0.9384493077192567,0.8048524818620231,0.9792722463607788,1.1935229301452637,0.008746541105210781,0.0029407658148556948,0.0018198109464719892,0.0018700750079005957,0.031175587326288223,0.0019907942041754723
131,0.008057955098300092,0.6111990213394165,0.7966101694915254,0.7227011494252874,0.7235023041474654,0.9371215466291867,0.7874780829924022,0.9779887795448303,1.1933172941207886,0.02166224829852581,0.004692974034696817,0.0033076945692300797,0.009205685928463936,0.05043778941035271,0.002180225681513548
132,0.008025351679050973,0.5931217670440674,0.8305084745762712,0.7495039682539683,0.7347670250896057,0.9483188948384195,0.8246822033898306,0.9766619205474854,1.1933172941207886,0.013015405274927616,0.006222964730113745,0.005757024511694908,0.0046673123724758625,0.042480386793613434,0.0049021001905202866
133,0.0079925448984669,0.5412198901176453,0.8305084745762712,0.7494949494949495,0.7296466973886329,0.952765495210317,0.8254750898818696,0.9757404327392578,1.1930898427963257,0.001423492794856429,0.0008224080665968359,0.0006511691026389599,0.0009333432535640895,0.0070238783955574036,0.0006093962583690882
134,0.007959536998847744,0.5492282509803772,0.8305084745762712,0.8016252753094859,0.7931387608806965,0.9437981844603236,0.8302922174465439,0.9750627875328064,1.193154215812683,0.0038775443099439144,0.0012629585107788444,0.001054457388818264,0.0016631422331556678,0.01300772000104189,0.0008690077229402959
135,0.007926330236239594,0.548681378364563,0.864406779661017,0.8297619047619048,0.8248847926267281,0.9516370019341157,0.8648305084745763,0.9746269583702087,1.1935783624649048,0.01498830784112215,0.0012657571351155639,0.0006558260065503418,0.001597407623194158,0.01818179152905941,0.0005267734522931278
136,0.00789292688028057,0.5380699634552002,0.8813559322033898,0.8433346238224287,0.840757808499744,0.9491076740652292,0.8816774608424051,0.9742022156715393,1.194035530090332,0.002163705648854375,0.0007928856648504734,0.0006128391250967979,0.001197243807837367,0.004839599598199129,0.0003847870393656194
137,0.00785932921404568,0.552295446395874,0.864406779661017,0.8297619047619048,0.8248847926267281,0.949820788530466,0.8648305084745763,0.9738436341285706,1.1943895816802979,0.00840335339307785,0.0034599530044943094,0.002565867267549038,0.0035276678390800953,0.04379747435450554,0.0032092267647385597
138,0.007825539533890782,0.5406546592712402,0.864406779661017,0.8297619047619048,0.8248847926267281,0.9436427089228446,0.8648305084745763,0.9733684062957764,1.1946256160736084,0.007713071070611477,0.0028197476640343666,0.0020018809009343386,0.0018474645912647247,0.010227430611848831,0.0010832948610186577
139,0.007791560149295626,0.5263963341712952,0.8305084745762712,0.7494949494949495,0.7296466973886329,0.9449974191060778,0.8254750898818696,0.97254478931427,1.1948437690734863,0.0008935736259445548,0.002050339011475444,0.000946486194152385,0.0009505776688456535,0.00304274819791317,0.0007045826641842723
140,0.007757393382706014,0.5270983576774597,0.8305084745762712,0.7494949494949495,0.7296466973886329,0.9411276329782273,0.8254750898818696,0.9718934893608093,1.195007085800171,0.0008843800751492381,0.0003521477337926626,0.0004637327801901847,0.0005410732701420784,0.002340695122256875,0.00017392028530593961
141,0.00772304156937506,0.544739842414856,0.8135593220338984,0.7358719224390867,0.713773681515617,0.9305356028615791,0.8087820350658701,0.9720286726951599,1.1943916082382202,0.01810150034725666,0.007186930160969496,0.005997804459184408,0.005396227817982435,0.05039779096841812,0.0038406408857554197
142,0.00768850705720357,0.5628023147583008,0.8135593220338984,0.7358719224390867,0.713773681515617,0.9479685566273002,0.8087820350658701,0.9719085693359375,1.1941559314727783,0.010669266805052757,0.003689504461362958,0.004336915910243988,0.004265853203833103,0.02877286821603775,0.0039926553145051
143,0.00765379220657958,0.5682218074798584,0.8305084745762712,0.7792717410121761,0.7716333845366105,0.9318042832474073,0.8282344380097632,0.971079409122467,1.1952828168869019,0.01732623018324375,0.004594915080815554,0.007596267852932215,0.004440224263817072,0.047242652624845505,0.010564329102635384
144,0.007618899390217016,0.5719045400619507,0.8305084745762712,0.7943805874840356,0.8136200716845877,0.9191060778497112,0.8303136567309565,0.9711487293243408,1.1958407163619995,0.013580363243818283,0.004191037733107805,0.007911150343716145,0.002578816842287779,0.04183470085263252,0.00044139751116745174
145,0.007583830992993526,0.6239261627197266,0.8305084745762712,0.7872257053291536,0.8136200716845877,0.9144444029843012,0.8325607034695286,0.971706211566925,1.1965409517288208,0.010079422034323215,0.003002837998792529,0.003918874077498913,0.004060923121869564,0.03717705234885216,0.002823935355991125
146,0.007548589411787477,0.5697414875030518,0.8305084745762712,0.7879032258064517,0.8033794162826421,0.923218405816029,0.8351694915254239,0.9730457067489624,1.1965306997299194,0.009934267029166222,0.004326668102294207,0.003026286605745554,0.004873061086982489,0.0658949762582779,0.0022818460129201412
147,0.007513177055314133,0.5694316625595093,0.847457627118644,0.8079365079365078,0.8141321044546851,0.9384430886977576,0.8497982243744956,0.9738434553146362,1.196075677871704,0.0026180946733802557,0.001567630097270012,0.0018897297559306026,0.002207240555435419,0.025537345558404922,0.0017472580075263977
148,0.0074775963439610155,0.5484541058540344,0.8305084745762712,0.7944750415246088,0.8033794162826421,0.9393145290853271,0.8322998484222129,0.9735806584358215,1.1949397325515747,0.012146919965744019,0.0028109068516641855,0.0028088619001209736,0.001534173497930169,0.04205179959535599,0.006154872011393309
149,0.007441849709622487,0.5261625647544861,0.8135593220338984,0.758291392437734,0.7557603686635944,0.9432939254671003,0.8140055250431438,0.9734908938407898,1.1939527988433838,0.00029057360370643437,0.00011686222569551319,9.74144131760113e-05,0.00013561538071371615,0.001833985559642315,9.870414214674383e-05
150,0.007405939595533515,0.539400577545166,0.7966101694915254,0.7173624140087554,0.7081413210445469,0.9277038750722961,0.7941914173053073,0.9736735224723816,1.1930557489395142,0.000808360637165606,0.0003502295003272593,0.0006339619285427034,0.0015138739254325628,0.013259291648864746,0.0004806268261745572
151,0.007369868456102699,0.5796194076538086,0.8135593220338984,0.758291392437734,0.7557603686635944,0.9274545959605383,0.8140055250431438,0.9745203256607056,1.1923121213912964,0.015099775977432728,0.001230292022228241,0.0017915497301146388,0.009202138520777225,0.015186830423772335,0.001394094666466117
152,0.0073336387567445056,0.5403926372528076,0.7966101694915254,0.7439052175894281,0.7347670250896057,0.9308157179549369,0.7974211337280026,0.9743452668190002,1.1920989751815796,0.018174421042203903,0.005858834367245436,0.006829192396253347,0.004907434340566397,0.041442129760980606,0.003089746693149209
153,0.007297252973710758,0.5301805734634399,0.8135593220338984,0.7573714439386081,0.7455197132616487,0.9218082426910948,0.8147899987009524,0.9725261926651001,1.1920424699783325,0.001599192270077765,0.0014041595859453082,0.0011052214540541172,0.0006448744097724557,0.01484062522649765,0.0010262373834848404
154,0.007260713593921394,0.5485491752624512,0.8305084745762712,0.7717261904761905,0.7665130568356374,0.9313008016318713,0.8314618644067797,0.9711617231369019,1.191808819770813,0.003666969947516918,0.0011880267411470413,0.0011887550354003906,0.005200871266424656,0.034357700496912,0.0015075550181791186
155,0.007224023114794484,0.5230754613876343,0.847457627118644,0.7851335656213706,0.7823860727086535,0.941244757883128,0.8480481899249985,0.9700981974601746,1.1916046142578125,0.0017334481235593557,0.00018984312191605568,0.0001098537104553543,0.001495608128607273,0.0020782577339559793,9.236003097612411e-05
156,0.00718718404407554,0.5360413789749146,0.8135593220338984,0.7305657305657306,0.7240143369175627,0.928509238356437,0.8104757765774715,0.969354510307312,1.1915112733840942,0.0015408784383907914,0.000785523559898138,0.0006963069317862391,0.0008698481833562255,0.01261557824909687,0.0005554727977141738
157,0.0071501988996661115,0.5355086922645569,0.8135593220338984,0.7305657305657306,0.7240143369175627,0.9213568453806146,0.8104757765774715,0.9687047600746155,1.1915819644927979,0.0034526782110333443,0.001206911401823163,0.0010633417405188084,0.0019257814856246114,0.007771005854010582,0.0008192364475689828
158,0.007113070209451689,0.5597758293151855,0.8135593220338984,0.7305657305657306,0.7240143369175627,0.9247120074794098,0.8104757765774715,0.9683278203010559,1.1917846202850342,0.010850075632333755,0.0007115971529856324,0.0011413119500502944,0.0015501388115808368,0.028054162859916687,0.0003788126341532916
159,0.007075800511128927,0.5443009734153748,0.847457627118644,0.7851335656213706,0.7823860727086535,0.9287188712061377,0.8480481899249985,0.9682427048683167,1.191983938217163,0.004198487848043442,0.0003211052098777145,0.000825995986815542,0.0026237384881824255,0.001997865503653884,0.0005498176324181259
160,0.0070383923520322,0.5644852519035339,0.8135593220338984,0.757997557997558,0.7506400409626216,0.9389882895825171,0.8146023468057366,0.9682357311248779,1.1919804811477661,0.002925765933468938,0.0006317374063655734,0.00041606093873269856,0.0014640676090493798,0.008275194093585014,0.00045384943950921297
161,0.007000848288959491,0.5284950733184814,0.8135593220338984,0.757997557997558,0.7506400409626216,0.939904040498268,0.8146023468057366,0.9684412479400635,1.1919554471969604,0.0014151018112897873,0.0015486546326428652,0.0009415770182386041,0.0013316803378984332,0.005071363877505064,0.0003596273309085518
162,0.006963170887997639,0.5493876934051514,0.7966101694915254,0.744642857142857,0.7398873527905786,0.9364224249623231,0.7972457627118643,0.9689804315567017,1.1918288469314575,0.008847962133586407,0.0015521736349910498,0.002367675071582198,0.0061914799734950066,0.010379206389188766,0.0008941731066443026
163,0.006925362724346952,0.5264806747436523,0.7966101694915254,0.744642857142857,0.7398873527905786,0.9368401359063498,0.7972457627118643,0.9697206020355225,1.1917277574539185,0.0028543672524392605,0.0008697555167600513,0.0007144223200157285,0.0037759533151984215,0.002772399690002203,0.0005138867418281734
164,0.006887426382145193,0.5200889706611633,0.8135593220338984,0.7806878306878305,0.7875064004096263,0.9364561113287767,0.8153214958299703,0.9705483913421631,1.1916626691818237,0.0008477869560010731,0.00026683768373914063,0.00029288511723279953,0.00027126367785967886,0.003085894975811243,0.00020718658925034106
165,0.006849364454290958,0.5250168442726135,0.7966101694915254,0.7674621907509397,0.7767537122375833,0.9337342529193123,0.7979881493730191,0.9713322520256042,1.1916193962097168,0.0015050072688609362,0.0006398916593752801,0.0017125485464930534,0.000783697993028909,0.003307994455099106,0.0003552791604306549
166,0.006811179542266458,0.5375856161117554,0.7796610169491526,0.7534391534391535,0.7608806963645675,0.9366245431610457,0.7808447672854453,0.9711506962776184,1.191019892692566,0.004944642074406147,0.00379780656658113,0.008007952012121677,0.010203734040260315,0.035270992666482925,0.00321241095662117
167,0.006772874255959703,0.5243374109268188,0.7796610169491526,0.7306471306471307,0.7240143369175627,0.9405238696410173,0.7801825293350717,0.9707294702529907,1.1904274225234985,0.012355013750493526,0.0020804221276193857,0.0023422064259648323,0.0017559747211635113,0.010611264035105705,0.002459481591358781
168,0.006734451213486133,0.5170716047286987,0.7796610169491526,0.7306471306471307,0.7240143369175627,0.945132164571893,0.7801825293350717,0.9704871773719788,1.1898436546325684,0.002432952169328928,0.000862731016241014,0.0017768567195162177,0.0009245835826732218,0.0035583439748734236,0.00023066657013259828
169,0.006695913041009662,0.5202418565750122,0.7796610169491526,0.7306471306471307,0.7240143369175627,0.9445455035438058,0.7801825293350717,0.9703973531723022,1.1893104314804077,0.001816712785512209,0.00023580902779940516,0.0005079156253486872,0.0005126420874148607,0.0024476407561451197,0.0003061401075683534
170,0.006657262372563185,0.5362304449081421,0.8305084745762712,0.7790611319574734,0.7665130568356374,0.9495248667574643,0.8288638423379018,0.9705905318260193,1.1888775825500488,0.008348802104592323,0.000726321479305625,0.0009007304324768484,0.003146175295114517,0.011776001192629337,0.0005751544376835227
171,0.006618501849868548,0.5450966954231262,0.8135593220338984,0.7661697182699393,0.7660010240655403,0.9446004382337151,0.8099813704400093,0.9710938930511475,1.1883139610290527,0.002622086089104414,0.0026342947967350483,0.0022518334444612265,0.0021807283628731966,0.016112882643938065,0.0018866431200876832
172,0.006579634122155991,0.5274138450622559,0.7966101694915254,0.7160863103636398,0.7235023041474654,0.9391909260330312,0.7895412470191435,0.9716383814811707,1.1877868175506592,0.0017338127363473177,0.00038761700852774084,0.00028427346842363477,0.0008234471315518022,0.003166080452501774,0.00022374618856702
173,0.006540661845983073,0.5228017568588257,0.7966101694915254,0.7160863103636398,0.7235023041474654,0.9374190231575631,0.7895412470191435,0.9721378087997437,1.1873509883880615,0.006355755962431431,0.0008357632323168218,0.0006200937204994261,0.0012083431938663125,0.004985467530786991,0.0006257799686864018
174,0.0065015876850531016,0.5713361501693726,0.7966101694915254,0.7160863103636398,0.7235023041474654,0.9331009492299814,0.7895412470191435,0.9724742770195007,1.1872336864471436,0.006989560555666685,0.0018264828249812126,0.0026879601646214724,0.004867300856858492,0.030469447374343872,0.0016282795695587993
175,0.006462414310033072,0.5425949096679688,0.8305084745762712,0.7440392432770482,0.7347670250896057,0.9362612486551366,0.8279734553375521,0.9727729558944702,1.1871445178985596,0.004414210561662912,0.0005274480790831149,0.00059764418983832,0.0006732495385222137,0.0019810968078672886,0.0007347384816966951
176,0.0064231443983711325,0.5220772624015808,0.847457627118644,0.7576923076923077,0.7455197132616487,0.9484355014915287,0.8455671447196872,0.9731733798980713,1.187138319015503,0.001070154714398086,0.00019079721823800355,0.0006810571649111807,0.001696581020951271,0.0039942641742527485,0.00012899581633973867
177,0.006383780634113578,0.5658703446388245,0.864406779661017,0.8214878922982778,0.830005120327701,0.9392531162480228,0.866611547471407,0.973921000957489,1.1870239973068237,0.019738659262657166,0.0030467885080724955,0.0024512317031621933,0.003782161045819521,0.05252738296985626,0.003287159139290452
178,0.006344325707721409,0.5284327268600464,0.8135593220338984,0.7810831426392068,0.8028673835125447,0.9291554983405578,0.8126284761276809,0.9747495651245117,1.1869697570800781,0.003542402060702443,0.0003333685453981161,0.0003064508782699704,0.0016893057618290186,0.0034665828570723534,0.00023810409766156226
179,0.006304782315886434,0.5516276955604553,0.8135593220338984,0.7810831426392068,0.8028673835125447,0.9143355701080659,0.8126284761276809,0.9756518006324768,1.1867932081222534,0.0031686867587268353,0.00035446594120003283,0.0010775798000395298,0.0024176884908229113,0.005818785633891821,0.000257449020864442
180,0.0062651531613469565,0.5436356663703918,0.7796610169491526,0.7548365005992125,0.7711213517665131,0.9201462091954452,0.7799657012526878,0.9763538241386414,1.1866755485534668,0.0070486213080585,0.0008773251320235431,0.0008813829044811428,0.0035258636344224215,0.009866591542959213,0.0013133360771462321
181,0.00622544095270305,0.5275611281394958,0.7966101694915254,0.7679586563307493,0.7818740399385561,0.9290166068604099,0.7974247799237945,0.9771730899810791,1.186671257019043,0.008169553242623806,0.006566204130649567,0.002586119109764695,0.02636454999446869,0.006322764791548252,0.001853116904385388
182,0.006185648404231421,0.5281442999839783,0.8135593220338984,0.7806878306878305,0.7875064004096263,0.9316368879187215,0.8153214958299703,0.9781821966171265,1.1870033740997314,0.006663672626018524,0.0027581066824495792,0.00380751327611506,0.002212500898167491,0.017833782359957695,0.0010839455062523484
183,0.0061457782356999025,0.5415220856666565,0.7966101694915254,0.744642857142857,0.7398873527905786,0.9283833031710791,0.7972457627118643,0.9792570471763611,1.187317967414856,0.003868041792884469,0.000946092652156949,0.0008912579505704343,0.0016941324574872851,0.007854998111724854,0.00044519631774164736
184,0.006105833172181549,0.5188144445419312,0.8135593220338984,0.757997557997558,0.7506400409626216,0.9240662657470806,0.8146023468057366,0.9802989363670349,1.1875927448272705,0.0007933462038636208,0.00014949114120099694,0.00040594208985567093,0.0001560654491186142,0.0008523448486812413,9.85616134130396e-05
185,0.006065815943868391,0.5270644426345825,0.8135593220338984,0.757997557997558,0.7506400409626216,0.9235345394089026,0.8146023468057366,0.9804911017417908,1.1879594326019287,0.006475559901446104,0.0010994641343131661,0.0011127456091344357,0.0005313109140843153,0.006112563889473677,0.00044261300354264677
186,0.006025729285884828,0.5231619477272034,0.8135593220338984,0.757997557997558,0.7506400409626216,0.9217030375774008,0.8146023468057366,0.9801035523414612,1.1884008646011353,0.008937524631619453,0.000330801703967154,0.00017709523672237992,0.0018370342440903187,0.01216629333794117,8.279326721094549e-05
187,0.005985575938100685,0.5171208381652832,0.8305084745762712,0.7717261904761905,0.7665130568356374,0.9178120031260949,0.8314618644067797,0.9799656867980957,1.188788890838623,0.0038321560714393854,0.0016217611264437437,0.0014304702635854483,0.0012452687369659543,0.00202487432397902,0.0004592214827425778
188,0.005945358644943944,0.5252015590667725,0.8305084745762712,0.7717261904761905,0.7665130568356374,0.9158664859004416,0.8314618644067797,0.9801028966903687,1.1890392303466797,0.00324420677497983,0.001243198406882584,0.0014799438649788499,0.0018991312244907022,0.010238172486424446,0.0006962761399336159
189,0.005905080155213171,0.5160765051841736,0.8135593220338984,0.758291392437734,0.7557603686635944,0.9205468178303492,0.8140055250431438,0.9802378416061401,1.1892355680465698,0.001147179282270372,0.00025688944151625037,0.0005109176854602993,0.0005234693526290357,0.0022884926293045282,0.00012168517423560843
190,0.005864743221889634,0.5381877422332764,0.8135593220338984,0.757997557997558,0.7506400409626216,0.9186811113806019,0.8146023468057366,0.980674147605896,1.1892009973526,0.006176802795380354,0.0009214453748427331,0.001429458730854094,0.00720774382352829,0.011336627416312695,0.0014332691207528114
191,0.005824350601949144,0.5381929874420166,0.8135593220338984,0.757997557997558,0.7506400409626216,0.9192465240852337,0.8146023468057366,0.981237530708313,1.1891450881958008,0.006582361645996571,0.0009100459865294397,0.0011912056943401694,0.0021160992328077555,0.011388489976525307,0.000672480498906225
192,0.0057839050561736185,0.5273705124855042,0.8305084745762712,0.771550087339561,0.7613927291346646,0.9210780259167356,0.8320763387667938,0.9817831516265869,1.1891592741012573,0.00894700177013874,0.0014413651078939438,0.0008211269741877913,0.0016799424774944782,0.014000266790390015,0.0011241190368309617
193,0.005743409348962387,0.5156035423278809,0.7966101694915254,0.7166442460560107,0.6979006656426011,0.911298355483415,0.7952939518243606,0.9823866486549377,1.1891987323760986,0.0028818566352128983,0.00039865198777988553,0.0003645314136520028,0.0002695258008316159,0.005577842239290476,0.0002665166975930333
194,0.005702866248143243,0.52667236328125,0.7966101694915254,0.7166442460560107,0.6979006656426011,0.9023287126003595,0.7952939518243606,0.9827523231506348,1.1892670392990112,0.0038835261948406696,0.0008058366365730762,0.0012580259935930371,0.0022388030774891376,0.009045049548149109,0.00078077323269099
195,0.005662278524783272,0.5295154452323914,0.7966101694915254,0.7166442460560107,0.6979006656426011,0.9004422760789484,0.7952939518243606,0.9830288887023926,1.189258098602295,0.0025958416517823935,0.00047231026110239327,0.0004999865195713937,0.0004974351031705737,0.003522274550050497,0.00037282827543094754
196,0.005621648952999453,0.5328052043914795,0.7796610169491526,0.7032046246500293,0.6871479774705581,0.8996446865716815,0.7779670234567914,0.9828629493713379,1.1892595291137695,0.0287970919162035,0.0016190317692235112,0.0020151592325419188,0.0009394768276251853,0.01961786299943924,0.0013683108845725656
197,0.005580980309769044,0.5175575017929077,0.7796610169491526,0.7038461538461539,0.692268305171531,0.9135706304636696,0.7776401564537158,0.9828476905822754,1.1892437934875488,0.0016647962620481849,0.0003379298432264477,0.00039813981857150793,0.0017339142505079508,0.0015892918454483151,0.00013758188288193196
198,0.005540275374739791,0.5233477354049683,0.7966101694915254,0.744642857142857,0.7398873527905786,0.9158074051961997,0.7972457627118643,0.9829735159873962,1.1891911029815674,0.002221719827502966,0.0005061713745817542,0.0005818844074383378,0.006588218733668327,0.004067691974341869,0.0004330938681960106
199,0.0054995369300399315,0.5135266780853271,0.7627118644067796,0.7183819764464925,0.7183819764464925,0.9118448519976533,0.7627118644067796,0.9831883907318115,1.1891523599624634,0.0014946053270250559,0.00025538468617014587,0.00023394291929434985,0.0008686456712894142,0.0029826743993908167,0.0002482793352100998
200,0.005458767760088046,0.5142512321472168,0.7796610169491526,0.731841039885264,0.7342549923195083,0.9126802738857068,0.7792345418947123,0.9835080504417419,1.1891130208969116,0.001556985080242157,0.00035130398464389145,0.00038400807534344494,0.001246604137122631,0.0013748601777479053,0.0002903594577219337
201,0.0054179706514027445,0.5391430854797363,0.7796610169491526,0.731841039885264,0.7342549923195083,0.9111524676040806,0.7792345418947123,0.9845339059829712,1.1891365051269531,0.003893579589203,0.003388851648196578,0.005318901035934687,0.004184105899184942,0.013099084608256817,0.002462128410115838
202,0.005377148392412213,0.528070330619812,0.7966101694915254,0.7450076804915513,0.7450076804915513,0.906240995375121,0.7966101694915254,0.9862140417098999,1.1891875267028809,0.009503473527729511,0.0022714624647051096,0.003568224376067519,0.006612672936171293,0.04958640784025192,0.0021431907080113888
203,0.005336303773263628,0.5249577760696411,0.7288135593220338,0.6886154780891621,0.681515616999488,0.8988564255966632,0.7281107236504203,0.9886578321456909,1.189634084701538,0.004180763382464647,0.0033354787155985832,0.004160748794674873,0.0023283667396754026,0.02273622713983059,0.001655312953516841
204,0.005295439585632452,0.51646888256073,0.7288135593220338,0.6886154780891621,0.681515616999488,0.8992539247208179,0.7281107236504203,0.9906737208366394,1.1900676488876343,0.0022961450740695,0.0008006126736290753,0.0007859313627704978,0.00034590379800647497,0.0035165627487003803,0.0003353800275363028
205,0.005254558622531626,0.5361064076423645,0.7457627118644068,0.6769230769230768,0.6656426011264721,0.900514831329772,0.7436766623207302,0.991329550743103,1.190577507019043,0.01793198473751545,0.005221512168645859,0.004516544286161661,0.0033339718356728554,0.018155749887228012,0.0021916250698268414
206,0.005213663678120677,0.5216567516326904,0.7627118644067796,0.6906855847404628,0.681515616999488,0.8944792709648398,0.7604093792730626,0.9914475679397583,1.190990924835205,0.0005364224198274314,0.0031591749284416437,0.0017986914608627558,0.0005762021755799651,0.003760034218430519,0.00040983303915709257
207,0.005172757547514729,0.5145496129989624,0.7966101694915254,0.716809116809117,0.7183819764464925,0.8903260011069859,0.7914819643633203,0.9915933609008789,1.191322684288025,0.0009901401353999972,0.0014712867559865117,0.0018894353415817022,0.0007768336217850447,0.003248447086662054,0.000473918451461941
208,0.0051318430265934745,0.5157703757286072,0.8135593220338984,0.7293804206110766,0.7342549923195084,0.874752016517721,0.8072037501237006,0.9916195273399353,1.1916332244873047,0.0012507138308137655,0.0039007412269711494,0.004006484989076853,0.005202294327318668,0.015167180448770523,0.0008969879127107561
209,0.005090922911810069,0.5294212698936462,0.8135593220338984,0.7293804206110766,0.7342549923195084,0.8571179810568604,0.8072037501237006,0.9887802004814148,1.1921639442443848,0.007389724720269442,0.0052435253746807575,0.012604767456650734,0.02443368174135685,0.015274968929588795,0.0035643752198666334
210,0.005050000000000001,0.5103000402450562,0.8135593220338984,0.7573543788549387,0.7711213517665131,0.850999500405273,0.8098898526518242,0.9862731099128723,1.1926312446594238,0.00023753770801704377,6.25161046627909e-05,0.0001164243440143764,0.0001177070735138841,0.00043158934568054974,6.266178388614208e-05
211,0.005009077088189933,0.5433275103569031,0.8135593220338984,0.7573543788549387,0.7711213517665131,0.8409277950873877,0.8098898526518242,0.984167218208313,1.1930357217788696,0.0016753773670643568,0.0004363693587947637,0.0009892751695588231,0.0011223399778828025,0.0023759817704558372,0.00048204607446677983
212,0.004968156973406526,0.5322926044464111,0.8135593220338984,0.7573543788549387,0.7711213517665131,0.8536664241248282,0.8098898526518242,0.9823387861251831,1.1933501958847046,0.0024124092888087034,0.0005687267403118312,0.0005789255374111235,0.001335795852355659,0.004466916434466839,0.0003352343337610364
213,0.0049272424524852716,0.5354815721511841,0.8135593220338984,0.7579589274504528,0.7660010240655403,0.860798087028987,0.8116441635545341,0.9807665348052979,1.1936149597167969,0.010704731568694115,0.0009180703782476485,0.0017005924601107836,0.0036846993025392294,0.01673971116542816,0.0009622154175303876
214,0.004886336321879326,0.5129501223564148,0.8305084745762712,0.7712842712842712,0.7767537122375833,0.8972835314091681,0.8292244478685157,0.9793654680252075,1.1936709880828857,0.0036721155047416687,0.0008226946811191738,0.0011571150971576571,0.0015845545567572117,0.009431886486709118,0.0012594067957252264
215,0.004845441377468376,0.5191263556480408,0.847457627118644,0.7847067153205164,0.7875064004096263,0.9019089286491663,0.8467985293072364,0.9781064391136169,1.1936821937561035,0.0009897728450596333,0.001123526250012219,0.0018198356265202165,0.001815316965803504,0.003526159096509218,0.0006364420987665653
216,0.004804560414367551,0.5456418991088867,0.8305084745762712,0.7434935656991172,0.7398873527905786,0.9019763013820739,0.8265364907067706,0.9769632816314697,1.1935845613479614,0.004166383296251297,0.0016046293312683702,0.0026909944135695696,0.0016946677351370454,0.01932835578918457,0.0008914718637242913
217,0.004763696226736375,0.5235587358474731,0.7966101694915254,0.716809116809117,0.7183819764464925,0.8870428760072224,0.7914819643633203,0.9759781956672668,1.1934199333190918,0.0019246209412813187,0.0005322314100340009,0.0016487875254824758,0.0023030752781778574,0.009538400918245316,0.00041446209070272744
218,0.0047228516075877875,0.5284075736999512,0.7966101694915254,0.716809116809117,0.7183819764464925,0.8969378574641732,0.7914819643633203,0.9751325249671936,1.193291425704956,0.0014537411043420434,0.0009000845602713525,0.001910137478262186,0.003111839760094881,0.007055255118757486,0.0004374208801891655
219,0.004682029348597257,0.5145219564437866,0.8305084745762712,0.7706860855286641,0.7818740399385561,0.910236198436538,0.8276116179198536,0.9744227528572083,1.193159818649292,9.177102765534073e-05,9.088224760489538e-05,0.00015390080807264894,8.899913518689573e-05,0.0004903593799099326,4.330991578171961e-05
220,0.004641232239911956,0.5123331546783447,0.8135593220338984,0.7573543788549387,0.7711213517665131,0.9156861342769661,0.8098898526518242,0.9738242626190186,1.1930506229400635,0.0003591533750295639,0.00027151411632075906,0.0005956448731012642,0.00026045439881272614,0.0036988963838666677,0.00012909722863696516
221,0.00460046306996007,0.5399284362792969,0.8305084745762712,0.7706860855286641,0.7818740399385561,0.9186572717981886,0.8276116179198536,0.9732332825660706,1.1929033994674683,0.0034649698063731194,0.0014162767911329865,0.004117577336728573,0.0009398801485076547,0.01790320873260498,0.002716650487855077
222,0.00455972462526021,0.5297174453735352,0.8305084745762712,0.7706860855286641,0.7818740399385561,0.9248949503618434,0.8276116179198536,0.9727548956871033,1.192801833152771,0.0006166880484670401,0.0005022093537263572,0.0011904406128451228,0.0006881708395667374,0.0045198723673820496,0.0005734276492148638
223,0.0045190196902309574,0.5248242616653442,0.7966101694915254,0.745021645021645,0.7501280081925245,0.9139531002858675,0.7955315870570108,0.9724180698394775,1.1927244663238525,0.0017411172157153487,0.0009864396415650845,0.0013728439807891846,0.0016365585615858436,0.009226765483617783,0.0005793648306280375
224,0.00447835104700055,0.5290075540542603,0.7966101694915254,0.745021645021645,0.7501280081925245,0.8977452937554805,0.7955315870570108,0.9721772074699402,1.1926296949386597,0.0006049146759323776,0.00025607814313843846,0.00015120561874937266,0.002647706773132086,0.0027918496634811163,0.00040688333683647215
225,0.004437721475216731,0.5166976451873779,0.7627118644067796,0.7122650581344523,0.7183819764464925,0.8943699198368128,0.7652197877910982,0.9719731211662292,1.1925143003463745,0.0006575060542672873,0.0004199030518066138,0.00045307871187105775,0.0004106655833311379,0.0025986824184656143,0.00028902097255922854
226,0.00439713375185676,0.5166741609573364,0.7627118644067796,0.7122650581344523,0.7183819764464925,0.8949016461749908,0.7652197877910982,0.9717307686805725,1.1923788785934448,0.0011068932944908738,0.0013621646212413907,0.0010308767668902874,0.0011796794133260846,0.004148590844124556,0.00033697125036269426
227,0.004356590651037616,0.5237544775009155,0.7457627118644068,0.6984126984126985,0.7025089605734767,0.9024924801665039,0.7483454398708635,0.971559464931488,1.1922438144683838,8.281678310595453e-05,8.33564336062409e-05,4.9474961997475475e-05,0.0001598393719177693,0.00034282790147699416,4.318091305322014e-05
228,0.004316094943826382,0.5144409537315369,0.7457627118644068,0.6973459289248763,0.6973886328725039,0.8988991813694699,0.7484480431848852,0.9714115858078003,1.1920889616012573,0.0003214718890376389,0.00046484291669912636,0.0002927345922216773,0.0003006960905622691,0.0036952337250113487,0.00017107532767113298
229,0.0042756493980508565,0.5112472772598267,0.7457627118644068,0.7032967032967034,0.6973886328725039,0.8875409159789465,0.7457627118644068,0.9713141322135925,1.1919349431991577,9.774649515748024e-05,2.408287036814727e-05,9.501497697783634e-05,9.21957689570263e-05,0.0006506378413178027,6.484791083494201e-05
230,0.0042352567781103675,0.5231299996376038,0.7457627118644068,0.7032967032967034,0.6973886328725039,0.8851564394858112,0.7457627118644068,0.9710586667060852,1.1917375326156616,0.0025209258310496807,0.004215233493596315,0.0016463185893371701,0.0037491414695978165,0.009327755309641361,0.0012386995367705822
231,0.004194919844786831,0.5130362510681152,0.7457627118644068,0.7032967032967034,0.6973886328725039,0.8825693265421618,0.7457627118644068,0.970782995223999,1.1915568113327026,0.0006592517020180821,0.00042459755786694586,0.0005780527135357261,0.0007297525880858302,0.005667353980243206,0.00045793518074788153
232,0.004154641355056057,0.5135715007781982,0.7457627118644068,0.7032967032967034,0.6973886328725039,0.8816240352742898,0.7457627118644068,0.9706249237060547,1.1913939714431763,0.0005028598243370652,0.0003340320836286992,0.0003623190859798342,0.00034201977541670203,0.0015532871475443244,0.0002190588420489803
233,0.004114424061899316,0.5126863121986389,0.7288135593220338,0.6904761904761904,0.6866359447004609,0.881138433345564,0.7288135593220338,0.9706884622573853,1.1912522315979004,0.00208986341021955,0.0008251735125668347,0.0011369922431185842,0.0035496950149536133,0.0038374827709048986,0.0010730059584602714
234,0.004074270714115174,0.5141262412071228,0.7288135593220338,0.6904761904761904,0.6866359447004609,0.8790369223306405,0.7288135593220338,0.9708207845687866,1.19111168384552,0.0012856198009103537,0.0010178769007325172,0.00033874259679578245,0.0004257992550265044,0.001345297321677208,0.0012356196530163288
235,0.004034184056131611,0.5115763545036316,0.7288135593220338,0.6904761904761904,0.6866359447004609,0.8768343522163556,0.7288135593220338,0.971023678779602,1.1909801959991455,0.00047153985360637307,0.00045288141700439155,0.0004348668735474348,0.0006552463746629655,0.0011661445023491979,0.00033837617957033217
236,0.003994166827818454,0.5201744437217712,0.7288135593220338,0.6904761904761904,0.6866359447004609,0.8848610359646013,0.7288135593220338,0.9712129831314087,1.190840482711792,0.00046558576286770403,0.00017798446060623974,0.00034488196251913905,0.00021700543584302068,0.001895684516057372,0.00014529266627505422
237,0.003954221764300101,0.5110753774642944,0.711864406779661,0.6777648728868241,0.6758832565284179,0.8865655661071621,0.71187753039758,0.9714542627334595,1.1907100677490234,0.0003586985112633556,0.00020788625988643616,0.00023973856878001243,0.00032815741724334657,0.0009426191099919379,0.0002211296814493835
238,0.003914351595768582,0.5154774785041809,0.7288135593220338,0.6904761904761904,0.6866359447004609,0.8885110833328151,0.7288135593220338,0.9717205762863159,1.190626621246338,0.0017485427670180798,0.0005451333709061146,0.0010215187212452292,0.0039327614940702915,0.003015282331034541,0.0005560927675105631
239,0.0038745590472969507,0.5128624439239502,0.7288135593220338,0.6904761904761904,0.6866359447004609,0.8826693491379398,0.7288135593220338,0.9720234870910645,1.1905558109283447,0.0008169737993739545,0.0006381050916388631,0.00021788808226119727,0.0009783999994397163,0.0023722222540527582,0.0010152353206649423
240,0.0038348468386530444,0.5132420659065247,0.7457627118644068,0.7046070460704607,0.7025089605734767,0.8814136250469019,0.7459201952794347,0.9722465872764587,1.1904619932174683,0.0020488298032432795,0.0012871420476585627,0.0010685643646866083,0.004312365781515837,0.004627319984138012,0.0018520611338317394
241,0.0037952176841135675,0.5235878825187683,0.7457627118644068,0.7046070460704607,0.7025089605734767,0.8865873326824091,0.7459201952794347,0.9726259708404541,1.1904475688934326,0.00405460549518466,0.0017309754621237516,0.0016347439959645271,0.0016518369084224105,0.012310978025197983,0.0020996287930756807
242,0.0037556742922785925,0.5131921768188477,0.7457627118644068,0.7046070460704607,0.7025089605734767,0.8957365498112527,0.7459201952794347,0.9730905294418335,1.1904377937316895,0.0013186702271923423,0.0015111485263332725,0.0006966574001125991,0.0011654121335595846,0.0018278195057064295,0.0010431228438392282
243,0.003716219365886423,0.5104547739028931,0.7457627118644068,0.7032967032967034,0.6973886328725039,0.9096355446100777,0.7457627118644068,0.9735633730888367,1.1904376745224,0.00039568296051584184,0.00036718579940497875,0.00029692045063711703,0.0003987129020970315,0.00382179650478065,0.0007777358405292034
244,0.0036768556016288706,0.5105983018875122,0.7457627118644068,0.7032967032967034,0.6973886328725039,0.9098718674270457,0.7457627118644068,0.973998486995697,1.1904329061508179,0.0005306850071065128,0.0005686255753971636,0.0002459837996866554,0.00147918367292732,0.005538379307836294,0.00028772582300007343
245,0.00363758568996693,0.5381890535354614,0.7457627118644068,0.7032967032967034,0.6973886328725039,0.9126947849358715,0.7457627118644068,0.9744454622268677,1.1904323101043701,0.0011868251021951437,0.00015044506289996207,0.0003041299059987068,0.0013600459787994623,0.005112071521580219,0.0005420746165327728
246,0.0035984123149469,0.5119489431381226,0.7457627118644068,0.7032967032967034,0.6973886328725039,0.9134628340910175,0.7457627118644068,0.9748674035072327,1.1904327869415283,0.0009699705406092107,0.0005201613530516624,0.000259826221736148,0.0003270449233241379,0.005083367228507996,0.0003102569899056107
247,0.003559338154016929,0.5203478336334229,0.7457627118644068,0.7032967032967034,0.6973886328725039,0.9134628340910175,0.7457627118644068,0.9751667380332947,1.1904140710830688,0.002560517517849803,0.0016543837264180183,0.0014241558965295553,0.0015322061954066157,0.0033699041232466698,0.00218207691796124
248,0.003520365877844012,0.5193262100219727,0.7796610169491526,0.7306471306471307,0.7240143369175627,0.9166024034445087,0.7801825293350717,0.9752885103225708,1.1902662515640259,0.003758710576221347,0.003693388309329748,0.0027005497831851244,0.003611212130635977,0.0212040226906538,0.008124634623527527
249,0.0034814981501314545,0.51006019115448,0.7796610169491526,0.7306471306471307,0.7240143369175627,0.9173704525996547,0.7801825293350717,0.9754459857940674,1.1901206970214844,7.359888695646077e-05,7.814263517502695e-05,0.00010057081817649305,5.629311272059567e-05,0.00027407731977291405,4.591154356603511e-05
250,0.0034427376274368173,0.5118135213851929,0.7796610169491526,0.7306471306471307,0.7240143369175627,0.9164547016839037,0.7801825293350717,0.9755890369415283,1.1899908781051636,0.0003646827535703778,0.00036052250652574003,0.00028962086071260273,0.00027787950239144266,0.0018096118001267314,0.00019886577501893044
251,0.003404086958990339,0.5122597217559814,0.7796610169491526,0.7306471306471307,0.7240143369175627,0.91435319066898,0.7801825293350717,0.975663959980011,1.1898175477981567,0.0011323005892336369,0.000559465610422194,0.0008514883811585605,0.0011986925965175033,0.015658078715205193,0.00040410656947642565
252,0.003365548786513867,0.5217927694320679,0.7796610169491526,0.7306471306471307,0.7240143369175627,0.9083132251638194,0.7801825293350717,0.9757806062698364,1.1896885633468628,0.0009516044519841671,0.0005253439885564148,0.0003558160678949207,0.0004568762378767133,0.006554335821419954,0.0004433118738234043
253,0.003327125744040297,0.5317569971084595,0.7796610169491526,0.7306471306471307,0.7240143369175627,0.9110918321444638,0.7801825293350717,0.9760303497314453,1.1896284818649292,0.0038893341552466154,0.0018118765437975526,0.0027903488371521235,0.0029954237397760153,0.013053611852228642,0.0017799842171370983
254,0.0032888204577335442,0.5276415348052979,0.7796610169491526,0.7306471306471307,0.7240143369175627,0.9224223710641367,0.7801825293350717,0.9762530326843262,1.1895644664764404,0.0026070058811455965,0.00086960569024086,0.0004084865504410118,0.004733882378786802,0.0022427961230278015,0.0008995173848234117
255,0.0032506355457090426,0.5123391151428223,0.7796610169491526,0.7306471306471307,0.7240143369175627,0.9265321077714965,0.7801825293350717,0.9764833450317383,1.189491868019104,0.0005018505617044866,0.00032187203760258853,0.0002768159320112318,0.0003063942422159016,0.0022817894350737333,0.00032532733166590333
256,0.0032125736178548075,0.5098021626472473,0.7796610169491526,0.7306471306471307,0.7240143369175627,0.9243963921383275,0.7801825293350717,0.97674161195755,1.1894147396087646,0.0002616806887090206,0.00036135088885203004,0.00021000238484703004,0.0004710003559011966,0.0015145306242629886,0.00011372932203812525
257,0.0031746372756530482,0.5088145732879639,0.7796610169491526,0.7306471306471307,0.7240143369175627,0.9231303030114576,0.7801825293350717,0.9770010709762573,1.1893354654312134,0.00024836338707245886,5.0938004278577864e-05,5.107055767439306e-05,7.717961125308648e-05,0.00042216325527988374,1.5976171198417433e-05
258,0.0031368291120023616,0.5089144706726074,0.7796610169491526,0.7306471306471307,0.7240143369175627,0.9208536228909742,0.7801825293350717,0.9772682189941406,1.1892551183700562,4.7192141209961846e-05,5.524552034330554e-05,4.7002533392515033e-05,0.0001493184972787276,0.0002663837221916765,3.450159783824347e-05
259,0.0030991517110405113,0.5102195143699646,0.7796610169491526,0.7306471306471307,0.7240143369175627,0.9206784537854147,0.7801825293350717,0.9775308966636658,1.1891785860061646,0.0001134490012191236,0.00034036303986795247,0.00011576132237678394,0.00017873090109787881,0.0009406139724887908,0.0002487913297954947
260,0.0030616076479678023,0.5177133083343506,0.7627118644067796,0.7162603478392953,0.7081413210445469,0.9228939801944894,0.7627659286892114,0.9784355163574219,1.1893506050109863,0.013895266689360142,0.01859195902943611,0.016510289162397385,0.01728626899421215,0.03869655355811119,0.009014452807605267
261,0.0030241994888710747,0.5251363515853882,0.7627118644067796,0.7162603478392953,0.7081413210445469,0.9278526133364843,0.7627659286892114,0.9793273210525513,1.1894748210906982,0.0019343955209478736,0.0009802120039239526,0.0006767784943804145,0.003222336992621422,0.01150265522301197,0.0004138932272326201
262,0.0029869297905483136,0.5116039514541626,0.7627118644067796,0.7162603478392953,0.7081413210445469,0.9182950137958628,0.7627659286892114,0.9801658391952515,1.1895546913146973,0.0005562311271205544,0.0004003541253041476,0.00021335914789233357,0.0014711847761645913,0.0034452700056135654,0.0003747539594769478
263,0.00294980110033389,0.5103387832641602,0.7627118644067796,0.7162603478392953,0.7081413210445469,0.9178125213778863,0.7627659286892114,0.9809421300888062,1.189618468284607,9.609034896129742e-05,2.0891269741696306e-05,4.422090569278225e-05,3.790195842157118e-05,0.00025986702530644834,1.9104954844806343e-05
264,0.0029128159559244607,0.509610116481781,0.7627118644067796,0.7144413320883909,0.703020993343574,0.9162427367011406,0.7618810235958791,0.9816167950630188,1.189671277999878,0.0006409174529835582,0.00039527236367575824,0.0004774389381054789,0.00029583569266833365,0.0012002631556242704,0.00037126863026060164
265,0.0028759768852055175,0.5117886066436768,0.7627118644067796,0.7144413320883909,0.703020993343574,0.913790887475098,0.7618810235958791,0.9821348786354065,1.1897430419921875,0.0015033339150249958,0.0017498194938525558,0.0012824784498661757,0.0023228186182677746,0.0037016260903328657,0.0008538950933143497
266,0.002839286406078608,0.5529425740242004,0.7796610169491526,0.7276742581090407,0.713773681515617,0.9217372421956463,0.7789732252517809,0.9825642704963684,1.189780354499817,0.0012354191858321428,0.0007297216798178852,0.0006472698296420276,0.001422240398824215,0.003964944742619991,0.0006563789793290198
267,0.0028027470262892437,0.5107307434082031,0.7796610169491526,0.7276742581090407,0.713773681515617,0.9275691296064811,0.7789732252517809,0.9829007387161255,1.1898094415664673,0.0007029111147858202,0.0006239434005692601,0.0006211361614987254,0.0008565678144805133,0.0018003935692831874,0.00046920269960537553
268,0.002766361243255496,0.5326969623565674,0.7796610169491526,0.7276742581090407,0.713773681515617,0.9303500687201876,0.7789732252517809,0.9831724762916565,1.1898235082626343,0.0001271208602702245,0.00024911429500207305,0.0004448232939466834,0.00025273775099776685,0.0007958770147524774,0.0002346989931538701
269,0.002730131543897301,0.5222138166427612,0.7796610169491526,0.7276742581090407,0.713773681515617,0.9251006963231072,0.7789732252517809,0.9831430912017822,1.189803123474121,0.0010834640124812722,0.0011660025920718908,0.003263318445533514,0.002278449246659875,0.006081556435674429,0.001198836718685925
270,0.0026940604044664858,0.5301960706710815,0.7796610169491526,0.7276742581090407,0.713773681515617,0.927700247309755,0.7789732252517809,0.9829879999160767,1.1897931098937988,0.003468111390247941,0.002738318173214793,0.0015011875657364726,0.0008849358418956399,0.006870130077004433,0.0014666238566860557
271,0.002658150290377515,0.523522138595581,0.7796610169491526,0.7276742581090407,0.713773681515617,0.9304221057192196,0.7789732252517809,0.982311487197876,1.1897189617156982,0.007867434062063694,0.0036236548330634832,0.011269944719970226,0.016482355073094368,0.030091529712080956,0.00884172786027193
272,0.0026224036560389846,0.5128948092460632,0.7796610169491526,0.7276742581090407,0.713773681515617,0.9322618995793869,0.7789732252517809,0.9816886782646179,1.1896226406097412,0.0005446658469736576,0.00033386595896445215,0.0004757101705763489,0.0010023582726716995,0.004735196474939585,0.0007622859557159245
273,0.0025868229446858685,0.5090523362159729,0.8135593220338984,0.795273631840796,0.8090117767537123,0.932464536029901,0.8128889451049836,0.9811609387397766,1.1895310878753662,0.00021990214008837938,0.00011130775965284556,0.00010848526289919391,0.00013175046478863806,0.0004923092783428729,9.057729039341211e-05
274,0.0025514105882125234,0.5257995128631592,0.847457627118644,0.8254677754677755,0.840757808499744,0.932316834269296,0.8494890588110928,0.980622410774231,1.189426064491272,0.0015408864710479975,0.001782689825631678,0.0013082398800179362,0.0013514820020645857,0.0061795772053301334,0.0014231307432055473
275,0.002516169007006475,0.5139391422271729,0.8135593220338984,0.7986365486365486,0.819252432155658,0.9328952032687177,0.8147130647130647,0.9801651835441589,1.1893303394317627,0.0014876713976264,0.0007766784983687103,4.355971759650856e-05,0.0005203140899538994,0.010297268629074097,0.00035187782486900687
276,0.0024811006097829845,0.5203171968460083,0.7966101694915254,0.785483870967742,0.8084997439836149,0.932093467747118,0.797457627118644,0.9798403382301331,1.1892586946487427,0.0024116954300552607,0.0009678518399596214,0.0014256994472816586,0.0014520569238811731,0.0018012993969023228,0.0009387516765855253
277,0.002446207793420422,0.5111033320426941,0.7966101694915254,0.785483870967742,0.8084997439836149,0.9258309130974666,0.797457627118644,0.9795898795127869,1.189170002937317,0.000429612526204437,0.0009326205472461879,0.0004380884347483516,0.0003439158317632973,0.0032059166114777327,0.00014056831423658878
278,0.002411492942796432,0.5121118426322937,0.7966101694915254,0.7865079365079365,0.8136200716845877,0.9249151621817157,0.797457627118644,0.9793990850448608,1.1890956163406372,0.0006602440262213349,0.0002539798151701689,0.00024364182900171727,0.003472512122243643,0.0029487593565136194,0.00037656346103176475
279,0.0023769584306249435,0.5166918039321899,0.7796610169491526,0.7543585740307052,0.7660010240655403,0.9256832113368615,0.780679818468093,0.9792936444282532,1.189049482345581,0.003332557389512658,0.000812061654869467,0.0009291664464399219,0.002765350043773651,0.004651240538805723,0.0014332550344988704
280,0.0023426066172939877,0.5124629735946655,0.7796610169491526,0.7543585740307052,0.7660010240655403,0.9213814623407153,0.780679818468093,0.9792097806930542,1.1890029907226562,0.0010779296280816197,0.001595758367329836,0.0009951364481821656,0.0020507685840129852,0.0026819335762411356,0.0011530573247000575
281,0.002308439850704377,0.5112572312355042,0.7796610169491526,0.7548365005992125,0.7711213517665131,0.911716843805129,0.7799657012526878,0.9791815280914307,1.1889702081680298,0.0015381013508886099,0.00026804328081198037,0.0006348778260871768,0.0007551429443992674,0.002212746534496546,0.0007052441360428929
282,0.002274460466109219,0.5095053315162659,0.7796610169491526,0.7543585740307052,0.7660010240655403,0.9122278400716431,0.780679818468093,0.9791796207427979,1.1889384984970093,0.0006023731548339128,0.00017608408234082162,7.738747808616608e-05,0.00020013218454550952,0.001062890631146729,0.0001305877376580611
283,0.0022406707859543205,0.5102496147155762,0.7796610169491526,0.7543585740307052,0.7660010240655403,0.9165733813441793,0.780679818468093,0.9792820811271667,1.188889503479004,0.001347214332781732,0.0012655706377699971,0.0019951246213167906,0.003168973606079817,0.017796531319618225,0.0006372550269588828
284,0.002207073119719429,0.5107792615890503,0.7796610169491526,0.7543585740307052,0.7660010240655403,0.9178731568375031,0.780679818468093,0.9794799089431763,1.1888638734817505,0.003045901656150818,0.0033658596221357584,0.002060387283563614,0.00494498061016202,0.0036758985370397568,0.001367389690130949
285,0.0021736697637604056,0.5123699307441711,0.7796610169491526,0.7543585740307052,0.7660010240655403,0.919172932330827,0.780679818468093,0.9798527956008911,1.1888705492019653,0.002946148393675685,0.00455330079421401,0.004031677730381489,0.003305469872429967,0.005393161904066801,0.002163581782951951
286,0.0021404630011522584,0.5252388715744019,0.7966101694915254,0.7674621907509397,0.7767537122375833,0.9194429415142488,0.7979881493730191,0.9801997542381287,1.1888737678527832,8.456607611151412e-05,9.096247231354937e-05,8.308071119245142e-05,0.0004464143712539226,0.0006838567787781358,5.441666507977061e-05
287,0.0021074551015331003,0.5085939764976501,0.7796610169491526,0.7534391534391535,0.7608806963645675,0.9194429415142488,0.7808447672854453,0.9805094003677368,1.1888620853424072,0.00036636964068748057,3.881350494339131e-05,0.0003172339638695121,3.608892438933253e-05,0.0014578149421140552,0.00017319867038168013
288,0.0020746483209490257,0.5188820362091064,0.7966101694915254,0.7665598290598291,0.7716333845366105,0.9211604279515995,0.7980497609734898,0.9804604649543762,1.1887439489364624,0.015698090195655823,0.013582222163677216,0.010291723534464836,0.014283629134297371,0.03952139616012573,0.01252239104360342
289,0.002042044901699908,0.5120284557342529,0.7966101694915254,0.7665598290598291,0.7716333845366105,0.9215781388956262,0.7980497609734898,0.9803677201271057,1.1886502504348755,0.0008259789901785553,0.0009543040650896728,0.0013827389338985085,0.00473408680409193,0.0026684149634093046,0.0003952660190407187
290,0.0020096470721861445,0.5095700621604919,0.8135593220338984,0.7806878306878305,0.7875064004096263,0.9230740726920693,0.8153214958299703,0.9803125262260437,1.1885666847229004,0.0002934337826445699,0.0003277621290180832,0.00022667205485049635,0.000289275252725929,0.0009641916840337217,0.00011763119255192578
291,0.0019774570467563477,0.5091899633407593,0.8135593220338984,0.7806878306878305,0.7875064004096263,0.9262792008971975,0.8153214958299703,0.9802799224853516,1.1884856224060059,7.705867028562352e-05,6.101904364186339e-05,3.923302938346751e-05,3.963832205045037e-05,0.0003587644314393401,4.1259434510720894e-05
292,0.001945477025555992,0.5093026161193848,0.8135593220338984,0.7806878306878305,0.7875064004096263,0.9259731732142598,0.8153214958299703,0.9802680611610413,1.1884061098098755,0.00010758564894786105,6.19445345364511e-05,7.839914178475738e-05,0.00010284030577167869,0.0003657592460513115,4.9263395339949057e-05
293,0.0019137091943770502,0.518780529499054,0.8135593220338984,0.7806878306878305,0.7875064004096263,0.928380711912121,0.8153214958299703,0.980351448059082,1.1883320808410645,0.003001798875629902,0.0042095184326171875,0.0030363844707608223,0.003198120277374983,0.007160964887589216,0.0021851754281669855
294,0.0018821557245085828,0.5081292390823364,0.8135593220338984,0.7806878306878305,0.7875064004096263,0.9274649609963701,0.8153214958299703,0.9804390668869019,1.1882603168487549,4.11492474086117e-05,3.436825500102714e-05,4.561137029668316e-05,6.274976476561278e-05,0.0001808675442589447,2.1132309484528378e-05
295,0.0018508187725883422,0.5095365047454834,0.8135593220338984,0.7806878306878305,0.7875064004096263,0.928380711912121,0.8153214958299703,0.9805575013160706,1.1881929636001587,0.0013031179551035166,0.0010744249448180199,0.0009812633506953716,0.001134261256083846,0.0025832464452832937,0.0007315138354897499
296,0.0018197004804553652,0.510199248790741,0.8135593220338984,0.7806878306878305,0.7875064004096263,0.9292964628278719,0.8153214958299703,0.9807816743850708,1.1881599426269531,0.001676271902397275,0.0034012796822935343,0.0026790848933160305,0.008821668103337288,0.011405457742512226,0.0019693523645401
297,0.0017888029750035847,0.5186184644699097,0.8135593220338984,0.7806878306878305,0.7875064004096263,0.9305159092934984,0.8153214958299703,0.9810128211975098,1.1881061792373657,0.0036681864876300097,0.0008150744251906872,0.0012887784978374839,0.0021290418226271868,0.005399930756539106,0.0005502360872924328
298,0.0017581283680364525,0.5113669037818909,0.8305084745762712,0.7944750415246088,0.8033794162826421,0.9325034049142708,0.8322998484222129,0.9812368154525757,1.1880464553833008,0.001016331952996552,0.0007942065130919218,0.0009526715148240328,0.0003402454894967377,0.0026149179320782423,0.00045443768613040447
299,0.0017276787561226095,0.5103164315223694,0.8305084745762712,0.7944750415246088,0.8033794162826421,0.9319716785760929,0.8322998484222129,0.9814316034317017,1.1879931688308716,0.00035027239937335253,0.0003087008954025805,0.00037317967507988214,0.0013231730554252863,0.0023252510000020266,0.00016400688036810607
300,0.0016974562204525828,0.5131986141204834,0.8305084745762712,0.7944750415246088,0.8033794162826421,0.9287665503709647,0.8322998484222129,0.9815838932991028,1.187943935394287,0.0024479676503688097,0.0015033514937385917,0.0007845506188459694,0.0006280870293267071,0.009217267856001854,0.0006854792009107769
301,0.0016674628266965387,0.5119142532348633,0.8305084745762712,0.7944750415246088,0.8033794162826421,0.9279246503355162,0.8322998484222129,0.9816018342971802,1.1879119873046875,0.001364986994303763,0.0015628270339220762,0.003407751675695181,0.002772575942799449,0.004818565212190151,0.0010000000474974513
302,0.0016377006248631,0.5229114294052124,0.8305084745762712,0.7944750415246088,0.8033794162826421,0.9283086749130892,0.8322998484222129,0.9815699458122253,1.187881588935852,0.0012389766052365303,0.002242693677544594,0.0024034592788666487,0.011984086595475674,0.006312093231827021,0.0016799344448372722
303,0.001608171649159226,0.5088798999786377,0.8305084745762712,0.7944750415246088,0.8033794162826421,0.9279246503355162,0.8322998484222129,0.9815529584884644,1.1878482103347778,4.753395842271857e-05,6.695828051306307e-05,3.115726212854497e-05,8.07798933237791e-05,0.0004066571709699929,3.322659540572204e-05
304,0.0015788779178511816,0.5182836651802063,0.8305084745762712,0.7944750415246088,0.8033794162826421,0.931055927660342,0.8322998484222129,0.9811058044433594,1.1878730058670044,0.010969321243464947,0.01567067578434944,0.01215775404125452,0.012510091066360474,0.013816905207931995,0.003493715776130557
305,0.0015498214331265902,0.5082356929779053,0.8305084745762712,0.7944750415246088,0.8033794162826421,0.9322015232456659,0.8322998484222129,0.9807227253913879,1.1878875494003296,9.76125302258879e-05,6.121784826973453e-05,5.352793596102856e-05,5.544652231037617e-05,0.0005230458336882293,3.699857188621536e-05
306,0.001521004180957585,0.5078951716423035,0.8305084745762712,0.7944750415246088,0.8033794162826421,0.9317436477877904,0.8322998484222129,0.9803962707519531,1.187892198562622,9.862546721706167e-05,0.0003148005052935332,6.152794230729342e-05,7.09972737240605e-05,0.0006997968885116279,7.829821697669104e-05
307,0.001492428130965072,0.5084631443023682,0.8305084745762712,0.7944750415246088,0.8033794162826421,0.9317436477877904,0.8322998484222129,0.9801223874092102,1.1878907680511475,0.00023810302081983536,0.00020692501857411116,0.00013670168118551373,0.0006308809970505536,0.00034640985541045666,0.0001800087047740817
308,0.0014640952362841098,0.5080028176307678,0.847457627118644,0.8079625292740046,0.819252432155658,0.9321276723653633,0.8490321385570065,0.9798910021781921,1.18788480758667,0.00010906097304541618,1.8984101188834757e-05,4.427607200341299e-05,0.0001115302147809416,0.00018918619025498629,2.2161459128255956e-05
309,0.0014360074334304135,0.5086577534675598,0.847457627118644,0.8079625292740046,0.819252432155658,0.9317436477877904,0.8490321385570065,0.9796979427337646,1.187873363494873,5.385663826018572e-05,4.178496965323575e-05,1.4902896509738639e-05,4.303001333028078e-05,0.0002114676171913743,1.2414254342729691e-05
310,0.0014081666421679989,0.5091145038604736,0.847457627118644,0.8079625292740046,0.819252432155658,0.9333471188309898,0.8490321385570065,0.9795711636543274,1.187855839729309,0.0027682692743837833,0.0025033745914697647,0.0018256882904097438,0.0018148734234273434,0.003873314941301942,0.0008141493890434504
311,0.0013805747653779662,0.509235680103302,0.864406779661017,0.821188630490956,0.8351254480286738,0.9338788451691676,0.8655630009197214,0.9794705510139465,1.1878360509872437,4.5071967178955674e-05,2.6968682504957542e-05,2.439908894302789e-05,8.717281889403239e-05,0.0003339008253533393,3.0367273211595602e-05
312,0.00135323368892844,0.5081636309623718,0.864406779661017,0.821188630490956,0.8351254480286738,0.9346805806907673,0.8655630009197214,0.9793952703475952,1.187813639640808,0.0021344355773180723,0.0002392222231719643,0.00017137901159003377,0.000372596230590716,0.00031591049628332257,5.358121416065842e-05
313,0.001326145281545679,0.5088562965393066,0.8813559322033898,0.8347645068956545,0.8458781362007168,0.9346805806907673,0.8832082986014634,0.9793409705162048,1.1877892017364502,0.0004130127199459821,0.0003647602570708841,0.00012160071491962299,0.0006796848610974848,0.0014798244228586555,0.0003190805437043309
314,0.0012993113946863431,0.5094647407531738,0.8813559322033898,0.8347645068956545,0.8458781362007168,0.9346805806907673,0.8832082986014634,0.9793147444725037,1.1877691745758057,0.0007962476229295135,0.0005158889689482749,0.0007457647589035332,0.001981052104383707,0.004756513517349958,0.0006173327565193176
315,0.0012727338624109576,0.5076741576194763,0.8813559322033898,0.8347645068956545,0.8458781362007168,0.9350982916347942,0.8832082986014634,0.9793034791946411,1.1877473592758179,0.00013963888341095299,9.281690290663391e-05,9.07884823391214e-05,9.875740215647966e-05,0.0005451290053315461,4.7294703108491376e-05
316,0.0012464145012585474,0.5210171937942505,0.8813559322033898,0.8347645068956545,0.8458781362007168,0.9314352879717904,0.8832082986014634,0.9793145060539246,1.1877312660217285,0.0003116341831628233,0.00036891590571030974,0.0006712054018862545,0.0012672054581344128,0.003354145446792245,0.0002048640453722328
317,0.0012203551101224882,0.537631094455719,0.8813559322033898,0.8347645068956545,0.8458781362007168,0.9288357369851427,0.8832082986014634,0.9794127941131592,1.187747836112976,0.005314438138157129,0.004340627696365118,0.004801545757800341,0.0120988255366683,0.02133960835635662,0.003474046243354678
318,0.001194557470127544,0.5267772078514099,0.8813559322033898,0.8347645068956545,0.8458781362007168,0.9288357369851427,0.8832082986014634,0.9795442223548889,1.1877667903900146,0.0032688709907233715,0.004024114925414324,0.002828052267432213,0.0037851002998650074,0.0025905901566147804,0.0010750521905720234
319,0.001169023344508143,0.5089929699897766,0.8813559322033898,0.8347645068956545,0.8458781362007168,0.9288357369851427,0.8832082986014634,0.9796680212020874,1.18777596950531,0.00017975342052523047,0.00015608618559781462,0.00012847413017880172,9.42589103942737e-05,0.001039699767716229,0.00012565124779939651
320,0.0011437544784878525,0.5276190042495728,0.8813559322033898,0.8347645068956545,0.8458781362007168,0.9288357369851427,0.8832082986014634,0.9797849059104919,1.1877793073654175,0.00014934860519133508,4.270420322427526e-05,0.0001908000704133883,9.132117702392861e-05,0.0005016462528146803,0.00016243192658293992
321,0.0011187525991600985,0.5093657970428467,0.8813559322033898,0.8347645068956545,0.8458781362007168,0.9292197615627157,0.8832082986014634,0.9798961281776428,1.1877763271331787,0.00011517025995999575,4.942180385114625e-05,6.90919259795919e-05,7.501790969399735e-05,0.000665422179736197,2.6618972697178833e-05
322,0.001094019415370123,0.5101639628410339,0.8813559322033898,0.8347645068956545,0.8458781362007168,0.9292197615627157,0.8832082986014634,0.9800047874450684,1.1877682209014893,0.00037312236963771284,0.0010774461552500725,0.00036113691749051213,0.0022786152549088,0.0018178991740569472,0.0002817188506014645
323,0.0010695566175981828,0.5079610347747803,0.8813559322033898,0.8347645068956545,0.8458781362007168,0.9334772000306805,0.8832082986014634,0.9801077246665955,1.1877566576004028,7.52244668547064e-05,7.406673103105277e-05,9.59424942266196e-05,8.683184569235891e-05,0.00031732130446471274,5.748842522734776e-05
324,0.0010453658778440107,0.5083527565002441,0.8813559322033898,0.8347645068956545,0.8458781362007168,0.9381860358091257,0.8832082986014634,0.9802055358886719,1.187743067741394,8.024713315535337e-05,8.873429032973945e-05,8.394071483053267e-05,0.00011096835078205913,0.000672871305141598,7.023267244221643e-05
325,0.0010214488495125353,0.5087670087814331,0.8813559322033898,0.8347645068956545,0.8458781362007168,0.9389877713307255,0.8832082986014634,0.9802975654602051,1.1877200603485107,0.00030568669899366796,0.00020530360052362084,0.00014714237477164716,0.0008813129970803857,0.0025735574308782816,0.00025152202579192817
326,0.0009978071673008729,0.508271336555481,0.8813559322033898,0.8347645068956545,0.8458781362007168,0.9393717959082984,0.8832082986014634,0.9803837537765503,1.1876919269561768,0.00036033737706020474,0.00035973978810943663,0.00023238870198838413,0.0002628168440423906,0.0024833057541400194,0.0001331000676145777
327,0.0009744424470865977,0.5210883617401123,0.8813559322033898,0.8347645068956545,0.8458781362007168,0.9388400695701206,0.8832082986014634,0.9804214239120483,1.1876485347747803,0.0005396052729338408,0.002896560588851571,0.003004899015650153,0.0012506619095802307,0.009649951942265034,0.0022889876272529364
328,0.0009513562858173009,0.509451150894165,0.8813559322033898,0.8347645068956545,0.8458781362007168,0.9397558204858715,0.8832082986014634,0.9804543256759644,1.1876026391983032,0.0008034390630200505,0.0006071371608413756,0.0005040848045609891,0.0005234024720266461,0.0020518582314252853,0.00027025974122807384
329,0.0009285502614014378,0.5157113075256348,0.8813559322033898,0.8347645068956545,0.8458781362007168,0.9397895068523252,0.8832082986014634,0.9805261492729187,1.1875696182250977,0.006526100914925337,0.0018543826881796122,0.0026940680108964443,0.04080398008227348,0.006789220031350851,0.0036686882376670837
330,0.0009060259326004838,0.507797360420227,0.8813559322033898,0.8347645068956545,0.8458781362007168,0.9426590670223947,0.8832082986014634,0.9805989861488342,1.1875370740890503,0.0001167972368421033,6.0813013988081366e-05,0.0001344459451502189,0.00016488740220665932,0.000248582917265594,4.577685831463896e-05
331,0.000883784838922391,0.5073677897453308,0.8813559322033898,0.8347645068956545,0.8458781362007168,0.9430430915999676,0.8832082986014634,0.9806703329086304,1.187504768371582,3.5494318581186235e-05,4.582720066537149e-05,2.0091498299734667e-05,0.0002596686827018857,0.0003125351795461029,2.1288504285621457e-05
332,0.0008618285005163704,0.5098572969436646,0.8813559322033898,0.8347645068956545,0.8458781362007168,0.9452923043754963,0.8832082986014634,0.9807568788528442,1.1874748468399048,0.0010846706572920084,0.0006694766925647855,0.001075040316209197,0.0008118271362036467,0.0009957441361621022,0.0009570646798238158
333,0.0008401584180689843,0.5080365538597107,0.8813559322033898,0.8347645068956545,0.8458781362007168,0.9451446026148913,0.8832082986014634,0.9808398485183716,1.1874439716339111,5.985287134535611e-05,5.5408196203643456e-05,4.373707270133309e-05,4.759501462103799e-05,0.0003261437523178756,1.6527979823877104e-05
334,0.000818776072701583,0.5085417032241821,0.8813559322033898,0.8347645068956545,0.8458781362007168,0.9451446026148913,0.8832082986014634,0.9809184670448303,1.1874130964279175,0.00015809327305760235,3.5510729503585026e-05,6.943061453057453e-05,8.817107300274074e-05,0.0005109159392304718,7.52764826756902e-05
335,0.0007976829258690679,0.5094111561775208,0.8813559322033898,0.8347645068956545,0.8458781362007168,0.9469761044463931,0.8832082986014634,0.9809918999671936,1.187380075454712,0.00018502488092053682,7.401707262033597e-05,0.0001437692844774574,0.00014298527094069868,0.002493432955816388,9.876603871816769e-05
336,0.0007768804192600093,0.5175697803497314,0.8813559322033898,0.8351851851851851,0.840757808499744,0.9451446026148913,0.8842749529190206,0.9810742735862732,1.1873624324798584,0.0032263780012726784,0.0006888355128467083,0.0008982879226095974,0.0006759484531357884,0.004286547191441059,0.001119336811825633
337,0.0007563699746980984,0.5092459321022034,0.8813559322033898,0.8351851851851851,0.840757808499744,0.944121314452384,0.8842749529190206,0.9811745285987854,1.1873352527618408,0.0017678940203040838,0.0010463566286489367,0.001600857125595212,0.004276214633136988,0.006499201525002718,0.0012440851423889399
338,0.0007361529940449782,0.5073692798614502,0.8813559322033898,0.8351851851851851,0.840757808499744,0.9435494236003574,0.8842749529190206,0.9812682271003723,1.187308669090271,9.366011363454163e-05,1.8894743334385566e-05,1.3364842743612826e-05,2.4494280296494253e-05,0.00019929806876461953,1.926558616105467e-05
339,0.0007162308591044182,0.5195627212524414,0.864406779661017,0.8215811965811967,0.8248847926267281,0.9435494236003574,0.8673946110386789,0.9813627600669861,1.1872837543487549,0.00106117594987154,0.00024064544413704425,0.00045229107490740716,0.00210325769148767,0.001677664928138256,0.00027984430198557675
340,0.0006966049315278798,0.5092868804931641,0.864406779661017,0.8215811965811967,0.8248847926267281,0.9435494236003574,0.8673946110386789,0.9814502000808716,1.1872596740722656,9.413973748451099e-05,5.751997741754167e-05,0.000126736267702654,9.978959860745817e-05,0.00029078192892484367,6.14466262049973e-05
341,0.0006772765527214417,0.5092906951904297,0.864406779661017,0.8215811965811967,0.8248847926267281,0.9418319371630067,0.8673946110386789,0.9815325736999512,1.187234878540039,9.209838026436046e-05,7.321593147935346e-05,0.0001230116467922926,0.00010990538430633023,0.0006419278215616941,0.00010782107710838318
342,0.0006582470437541217,0.5082551836967468,0.864406779661017,0.8215811965811967,0.8248847926267281,0.9422159617405796,0.8673946110386789,0.9816094636917114,1.1872106790542603,3.2208350603468716e-05,2.315168057975825e-05,4.188645471003838e-05,3.142772038700059e-05,0.0001700409484328702,2.5926674425136298e-05
343,0.0006395177052675795,0.5086961984634399,0.864406779661017,0.8215811965811967,0.8248847926267281,0.9422159617405796,0.8673946110386789,0.981680691242218,1.1871877908706665,0.00014853107859380543,0.00011115287634311244,0.0001086674674297683,0.0002662109909579158,0.0007278485572896898,0.00010124166874447837
344,0.0006210898173872209,0.5073970556259155,0.864406779661017,0.8215811965811967,0.8248847926267281,0.9430578617760282,0.8673946110386789,0.9817470908164978,1.1871652603149414,0.0001652683858992532,0.00012865950702689588,8.271646220237017e-05,6.889323412906379e-05,0.0002706524101085961,6.0122903960291296e-05
345,0.0006029646396347048,0.5075812339782715,0.847457627118644,0.8079365079365078,0.8141321044546851,0.9438997618114766,0.8497982243744956,0.9818098545074463,1.1871415376663208,0.0006795937079004943,0.00017151536303572357,0.0001952476886799559,0.00015172851271927357,0.001682639354839921,0.00012443952437024564
346,0.000585143410841854,0.5079042911529541,0.847457627118644,0.8079365079365078,0.8141321044546851,0.9435559017477524,0.8497982243744956,0.9818684458732605,1.187119722366333,8.748962864046916e-05,0.0001127187570091337,8.998496923595667e-05,0.00028769008349627256,0.0005257670418359339,8.393442840315402e-05
347,0.0005676273490659822,0.5077235102653503,0.847457627118644,0.8079365079365078,0.8141321044546851,0.9437774543886598,0.8497982243744956,0.9819242358207703,1.187098503112793,4.155235001235269e-05,4.9177797336596996e-05,3.496569115668535e-05,0.00011127403558930382,0.00021782465046271682,2.4756962375249714e-05
348,0.0005504176515066467,0.5075603723526001,0.847457627118644,0.8079365079365078,0.8141321044546851,0.9441614789662328,0.8497982243744956,0.9819773435592651,1.1870776414871216,4.564309710985981e-05,2.0766152374562807e-05,5.334802608558675e-06,1.8172910131397657e-05,0.00014446234854403883,1.1818142411357258e-05
349,0.0005335154944238117,0.5162394046783447,0.847457627118644,0.8079365079365078,0.8141321044546851,0.9446932053044108,0.8497982243744956,0.9820243120193481,1.1870609521865845,0.0005094638327136636,0.000542151159606874,0.000349923298927024,0.0006499356240965426,0.0017832455923780799,0.0002513767685741186
350,0.0005169220330574664,0.5086732506752014,0.847457627118644,0.8079365079365078,0.8141321044546851,0.9438914697828111,0.8497982243744956,0.9820669889450073,1.1870455741882324,0.0010591960744932294,0.0007443146896548569,0.0004830535326618701,0.0009778926614671946,0.001087866723537445,0.0004422308411449194
351,0.0005006384015486492,0.5073549747467041,0.847457627118644,0.8079365079365078,0.8141321044546851,0.9411442170355584,0.8497982243744956,0.9821081161499023,1.1870293617248535,4.93681691295933e-05,2.5245468350476585e-05,1.6978790881694295e-05,8.439819794148207e-05,0.00042009452590718865,8.530731429345906e-05
352,0.00048466571286194553,0.5077089667320251,0.847457627118644,0.8079365079365078,0.8141321044546851,0.9402284661198074,0.8497982243744956,0.9821463227272034,1.1870129108428955,0.00017946252773981541,0.00011544070730451494,0.0001740424195304513,0.00015031905786599964,0.0002609639195725322,0.00011134344822494313
353,0.00046900505870941026,0.5087215900421143,0.847457627118644,0.8079365079365078,0.8141321044546851,0.9393127152040565,0.8497982243744956,0.9821828603744507,1.1869969367980957,0.0001527873973827809,0.0001584373094374314,5.6351851526414976e-05,5.808646164950915e-05,0.0006477799033746123,0.00010636734077706933
354,0.00045365750947594944,0.5098969340324402,0.847457627118644,0.8079365079365078,0.8141321044546851,0.9393127152040565,0.8497982243744956,0.9822214841842651,1.1869786977767944,0.0007376513676717877,0.000515351421199739,0.0003714596969075501,0.0005251644761301577,0.003251024754717946,0.0002963458828162402
355,0.00043862411414616955,0.5090301632881165,0.847457627118644,0.8079365079365078,0.8141321044546851,0.9374812133725546,0.8497982243744956,0.9822595715522766,1.1869608163833618,0.00034589655115269125,0.0007821889012120664,0.00018451838695909828,0.0005651444080285728,0.0009430551435798407,6.236979243112728e-05
356,0.0004239059002326682,0.5094539523124695,0.847457627118644,0.8079365079365078,0.8141321044546851,0.9374812133725546,0.8497982243744956,0.9822887182235718,1.1869434118270874,0.002203963464125991,0.0023234819527715445,0.00116087740752846,0.001366417738609016,0.002421892248094082,0.0008341724751517177
357,0.00040950387370581904,0.519919216632843,0.847457627118644,0.8079365079365078,0.8141321044546851,0.9345974012782162,0.8497982243744956,0.9823260307312012,1.1869395971298218,0.001695891609415412,0.0013740292051807046,0.001085598603822291,0.0033071660436689854,0.009731797501444817,0.0019128044368699193
358,0.00039541901892500223,0.509529709815979,0.847457627118644,0.8079365079365078,0.8141321044546851,0.9304138136905539,0.8497982243744956,0.9823613166809082,1.186933994293213,6.742281402694061e-05,5.096766835777089e-05,3.830356217804365e-05,2.7868090910487808e-05,0.0005028865416534245,4.671495480579324e-05
359,0.00038165229857133195,0.5090579986572266,0.864406779661017,0.8214878922982778,0.830005120327701,0.9304138136905539,0.866611547471407,0.9823945760726929,1.1869280338287354,0.0001590988686075434,6.21444996795617e-05,0.00010006480442825705,5.706324373022653e-05,0.00029945437563583255,0.00010953512537525967
360,0.00036820465358185857,0.5091365575790405,0.864406779661017,0.8214878922982778,0.830005120327701,0.9304138136905539,0.866611547471407,0.9824259281158447,1.1869215965270996,0.00011762201756937429,5.314241934684105e-05,6.11706345807761e-05,5.72789904254023e-05,0.00037711000186391175,3.938647569157183e-05
361,0.00035507700308525403,0.5084003806114197,0.864406779661017,0.8214878922982778,0.830005120327701,0.930029789112981,0.866611547471407,0.9824554324150085,1.1869155168533325,0.0005173486424610019,0.0005322879296727479,0.0002502866555005312,0.0007380683673545718,0.0008234806009568274,0.00028959166957065463
362,0.00034227024433899005,0.5115296840667725,0.864406779661017,0.8214878922982778,0.830005120327701,0.929645764535408,0.866611547471407,0.9824773073196411,1.1869114637374878,0.0006130519323050976,0.002651599235832691,0.0017544986912980676,0.0011621112935245037,0.0022544076200574636,0.0004145640414208174
363,0.00032978525266801593,0.5090205669403076,0.864406779661017,0.8214878922982778,0.830005120327701,0.9287300136196571,0.866611547471407,0.9824960827827454,1.1869055032730103,0.0003234433534089476,0.00018644423107616603,0.0004376965225674212,0.0004674873489420861,0.0013764071045443416,0.00012003104347968474
364,0.0003176228814049297,0.5078926682472229,0.864406779661017,0.8214878922982778,0.830005120327701,0.9287300136196571,0.866611547471407,0.9825148582458496,1.1868972778320312,0.0005068972823210061,0.0006651326548308134,5.3717478294856846e-05,0.00023139336553867906,0.0019937497563660145,6.654096068814397e-05
365,0.0003057839618316491,0.5072632431983948,0.864406779661017,0.8214878922982778,0.830005120327701,0.9278142627039062,0.866611547471407,0.9825334548950195,1.1868888139724731,4.6253378968685865e-05,6.22278603259474e-05,3.1224270060192794e-05,9.007768676383421e-05,0.00024316803319379687,2.6954339773510583e-05
366,0.00029426930312260227,0.5071999430656433,0.864406779661017,0.8214878922982778,0.830005120327701,0.9259827608724044,0.866611547471407,0.9825517535209656,1.186880111694336,6.450888758990914e-05,2.766202851489652e-05,2.3865721232141368e-05,2.9879816793254577e-05,0.0001543583202874288,2.1565496354014613e-05
367,0.00028307969228941415,0.5071161985397339,0.864406779661017,0.8214878922982778,0.830005120327701,0.9255987362948314,0.866611547471407,0.9825692176818848,1.1868712902069092,0.0006821865681558847,3.250171721447259e-05,0.00010220617696177214,7.446551171597093e-05,0.0003051168459933251,0.00011069458560086787
368,0.00027221589412712463,0.5266960859298706,0.864406779661017,0.8214878922982778,0.830005120327701,0.9255987362948314,0.866611547471407,0.9825934767723083,1.1868550777435303,0.0035351887345314026,0.002116501098498702,0.0017946704756468534,0.009440702386200428,0.018508754670619965,0.0024948292411863804
369,0.0002616786511619041,0.5083144307136536,0.864406779661017,0.8214878922982778,0.830005120327701,0.9251408608369559,0.866611547471407,0.9826166033744812,1.1868398189544678,6.557876622537151e-05,2.3510385290137492e-05,1.4412480595638044e-05,2.8396545530995354e-05,8.223215263569728e-05,3.568880492821336e-05
370,0.00025146868360031467,0.509479284286499,0.864406779661017,0.8214878922982778,0.830005120327701,0.9242989608015075,0.866611547471407,0.9826465845108032,1.186827301979065,0.0007678975816816092,0.0015847067115828395,0.001642745453864336,0.002177388872951269,0.004440466407686472,0.0005844514234922826
371,0.00024158668928007498,0.5080772638320923,0.864406779661017,0.8214878922982778,0.830005120327701,0.9239149362239346,0.866611547471407,0.9826734662055969,1.1868146657943726,0.00037080628680996597,0.00032188923796638846,0.0002868198789656162,0.0003607054241001606,0.0013117074267938733,0.00018978831940330565
372,0.00023203334362237158,0.5079907774925232,0.864406779661017,0.8214878922982778,0.830005120327701,0.9229991853081837,0.866611547471407,0.9826985001564026,1.186802625656128,3.293993358965963e-05,1.77791607711697e-05,1.19566202556598e-05,3.505378117552027e-05,0.00019547075498849154,1.5243095731420908e-05
373,0.00022280929958568842,0.5091739296913147,0.864406779661017,0.8214878922982778,0.830005120327701,0.9229991853081837,0.866611547471407,0.9827126264572144,1.1867862939834595,0.0003752569027710706,0.0029174520168453455,0.0022356987465173006,0.0036377706564962864,0.01036605890840292,0.000671097484882921
374,0.00021391518762118363,0.5073778033256531,0.864406779661017,0.8214878922982778,0.830005120327701,0.9229991853081837,0.866611547471407,0.9827272891998291,1.1867715120315552,0.0010181390680372715,0.00010174671479035169,0.00019212509505450726,0.00026959978276863694,0.0010158757213503122,0.00016926096577662975
375,0.00020535161562959536,0.5086851716041565,0.864406779661017,0.8214878922982778,0.830005120327701,0.9229991853081837,0.866611547471407,0.9827419519424438,1.1867576837539673,0.0001392704143654555,0.0002120333956554532,0.000110717533971183,8.75210389494896e-05,0.0006653393502347171,8.853374311001971e-05
376,0.0001971191689196937,0.5076475143432617,0.864406779661017,0.8214878922982778,0.830005120327701,0.9220834343924328,0.866611547471407,0.9827562570571899,1.1867449283599854,5.7668774388730526e-05,2.1961119273328222e-05,2.5725083105498925e-05,2.8558351914398372e-05,9.213293378707021e-05,1.4313165593193844e-05
377,0.0001892184101682762,0.5088285207748413,0.864406779661017,0.8214878922982778,0.830005120327701,0.9229991853081837,0.866611547471407,0.9827684760093689,1.186733603477478,0.0020073596388101578,0.000507800723426044,0.0007157699437811971,0.0009187614195980132,0.0011236537247896194,0.0009321460966020823
378,0.0001816498793817073,0.5073738694190979,0.864406779661017,0.8214878922982778,0.830005120327701,0.9229991853081837,0.866611547471407,0.9827803373336792,1.1867231130599976,2.4183029381674714e-05,7.837692464818247e-06,3.576960807549767e-05,1.6727437468944117e-05,0.00011742292554117739,1.3302636034495663e-05
379,0.00017441409385901422,0.5071856379508972,0.864406779661017,0.8214878922982778,0.830005120327701,0.9226151607306106,0.866611547471407,0.9827920198440552,1.1867130994796753,7.201843254733831e-05,2.5278710381826386e-05,9.115050488617271e-06,3.524634303175844e-05,0.00020139852131251246,2.3097481971490197e-05
380,0.00016751154815652453,0.5096309185028076,0.864406779661017,0.8214878922982778,0.830005120327701,0.9226151607306106,0.866611547471407,0.982801079750061,1.1867022514343262,0.0008149825152941048,0.0012214996386319399,0.0009382491698488593,0.0011546786408871412,0.004655602388083935,0.0008361430373042822
381,0.0001609427140540686,0.5079153776168823,0.864406779661017,0.8214878922982778,0.830005120327701,0.9226151607306106,0.866611547471407,0.9828102588653564,1.1866921186447144,5.3452553402166814e-05,4.028058538096957e-05,1.0111665687873028e-05,4.9071848479798064e-05,0.0001865112571977079,1.292747947445605e-05
382,0.00015470804052273096,0.5085447430610657,0.864406779661017,0.8214878922982778,0.830005120327701,0.9226151607306106,0.866611547471407,0.9828194379806519,1.1866827011108398,3.911263047484681e-05,9.087274520425126e-06,1.4908613593433984e-05,4.060395076521672e-05,0.00011964456643909216,8.55162761581596e-06
383,0.00014880795369416665,0.5082831382751465,0.864406779661017,0.8214878922982778,0.830005120327701,0.9226151607306106,0.866611547471407,0.9828283786773682,1.1866737604141235,0.00010150523303309456,4.240190901327878e-05,6.434136594180018e-05,4.7250548959709704e-05,0.0003058571310248226,5.8287758292863145e-05
384,0.0001432428568314728,0.506843626499176,0.864406779661017,0.8214878922982778,0.830005120327701,0.9226151607306107,0.866611547471407,0.9828371405601501,1.1866657733917236,2.8571517759701237e-05,5.863909245817922e-05,5.4876778449397534e-05,0.0002817579370457679,0.0012839966220781207,0.00013615940406452864
385,0.00013801313030162716,0.5076541900634766,0.864406779661017,0.8214878922982778,0.830005120327701,0.9226151607306106,0.866611547471407,0.9828456044197083,1.186658501625061,0.00018982870096806437,7.934718450997025e-05,7.25860008969903e-05,7.342301978496835e-05,0.0009288822766393423,0.0001354321138933301
386,0.0001331191315494912,0.5266218781471252,0.864406779661017,0.8214878922982778,0.830005120327701,0.9226151607306106,0.866611547471407,0.9828541278839111,1.186651587486267,0.00010233544890070334,0.0001029845661832951,0.00011506615555845201,0.0001427466922905296,0.0011489709140732884,8.412570605287328e-05
387,0.00012856119507337867,0.5080753564834595,0.864406779661017,0.8214878922982778,0.830005120327701,0.9226151607306107,0.866611547471407,0.9828616380691528,1.1866456270217896,0.0005594305694103241,0.0004972860915586352,0.0003569941327441484,0.0006068532238714397,0.004922490566968918,0.00035331619437783957
388,0.0001243396324021935,0.5138023495674133,0.864406779661017,0.8214878922982778,0.830005120327701,0.9235309116463615,0.866611547471407,0.9828805923461914,1.186636209487915,0.0036959941498935223,0.002726118080317974,0.004795439541339874,0.007729611825197935,0.03646979108452797,0.0013341093435883522
389,0.00012045473207413647,0.5261738300323486,0.864406779661017,0.8214878922982778,0.830005120327701,0.9235309116463615,0.866611547471407,0.9828981161117554,1.1866275072097778,9.009483619593084e-05,0.00010461865895194933,4.4138392695458606e-05,0.0003419612185098231,0.00037910399259999394,3.789355105254799e-05
390,0.00011690675961698426,0.509954571723938,0.864406779661017,0.8214878922982778,0.830005120327701,0.9235309116463615,0.866611547471407,0.9829108715057373,1.1866205930709839,0.009579287841916084,0.0007215922232717276,0.0015044492902234197,0.012291459366679192,0.002643084852024913,0.000824508024379611
391,0.00011369595752994128,0.5087234973907471,0.864406779661017,0.8214878922982778,0.830005120327701,0.9235309116463615,0.866611547471407,0.9829229116439819,1.1866140365600586,1.9683142454596236e-05,4.894603534921771e-06,6.934755674592452e-06,2.7992782634100877e-05,6.325824506347999e-05,4.824394181923708e-06
392,0.00011082254526706605,0.5091357231140137,0.864406779661017,0.8214878922982778,0.830005120327701,0.9235309116463615,0.866611547471407,0.9829350113868713,1.1866081953048706,0.00020619276619981974,0.0003489581577014178,0.0006364753935486078,0.0011047199368476868,0.002665358828380704,0.0005244836211204529
393,0.00010828671922226878,0.5074275135993958,0.864406779661017,0.8214878922982778,0.830005120327701,0.9235309116463615,0.866611547471407,0.9829460978507996,1.1866025924682617,0.00021720040240325034,0.0001573287881910801,0.00021931527589913458,0.0005876014474779367,0.00047750314115546644,8.610195072833449e-05
394,0.00010608865271589101,0.5195727348327637,0.864406779661017,0.8214878922982778,0.830005120327701,0.9235309116463615,0.866611547471407,0.9829543828964233,1.1865956783294678,0.0020815839525312185,0.0014207829954102635,0.0011804284295067191,0.001937334192916751,0.0041218227706849575,0.000280693027889356
395,0.00010422849598285996,0.5071759223937988,0.864406779661017,0.8214878922982778,0.830005120327701,0.9235309116463615,0.866611547471407,0.982962429523468,1.1865891218185425,0.00018352149345446378,0.00010654326615622267,5.412854079622775e-05,0.00010520804062252864,0.0003766651207115501,5.412849350250326e-05
396,0.00010270637616241606,0.5082989931106567,0.864406779661017,0.8214878922982778,0.830005120327701,0.9239149362239344,0.866611547471407,0.9829705357551575,1.1865828037261963,0.00026806985260918736,8.457236981485039e-05,0.00012470167712308466,0.00015816341328900307,0.00043517278390936553,7.797397120157257e-05
397,0.00010152239728942829,0.5101962685585022,0.864406779661017,0.8214878922982778,0.830005120327701,0.9248306871396853,0.866611547471407,0.9829772710800171,1.1865761280059814,0.0015529098454862833,0.0007364823832176626,0.0006245802505873144,0.000610896444413811,0.0031821425072848797,0.0007323148311115801
398,0.00010067664028727843,0.5077170133590698,0.8813559322033898,0.8347645068956545,0.8458781362007168,0.9248306871396853,0.8832082986014634,0.9829822778701782,1.1865718364715576,0.0029952069744467735,0.0027939891442656517,0.0012154212454333901,0.009572068229317665,0.005068499594926834,0.0013111938023939729
399,0.00010016916296233584,0.5069440603256226,0.8813559322033898,0.8347645068956545,0.8458781362007168,0.9257464380554362,0.8832082986014634,0.9829875230789185,1.1865674257278442,1.6626096112304367e-05,8.866869393386878e-06,7.414239917125087e-06,1.82633721124148e-05,9.01104140211828e-05,7.731178811809514e-06
400,0.0001,0.5078726410865784,0.8813559322033898,0.8347645068956545,0.8458781362007168,0.9257464380554362,0.8832082986014634,0.9829930067062378,1.18656325340271,8.14198938314803e-05,5.899477400816977e-05,9.190262790070847e-05,0.00022616799105890095,0.00034167550620622933,9.279122605221346e-05
