epoch,lr,original_loss,utility_loss_unweighted,utility_loss_weighted,total_loss,adapter_gradient_norm,router_gradient_norm,global_gradient_norm,utility_valid_count,acc,macro_f1,bacc,macro_auc,weighted_f1
1,0.01,3.309741258621216,0.0,0.0,3.309741258621216,0.1288873255252838,0.0,2.8999459743499756,0,0.35,0.1728395061728395,0.3333333333333333,0.8156864100260326,0.18148148148148147
2,0.01,2.910675048828125,0.0,0.0,2.910675048828125,0.08990176022052765,0.0005921644624322653,0.5608217716217041,0,0.35,0.1728395061728395,0.3333333333333333,0.499652813774276,0.18148148148148147
3,0.01,5.921085834503174,0.0,0.0,5.921085834503174,0.5660930275917053,0.030995570123195648,0.25434166193008423,0,0.35,0.18918918918918917,0.21875,0.4755986937590711,0.30270270270270266
4,0.01,4.435619354248047,0.0,0.0,4.435619354248047,0.2715204954147339,0.006050278898328543,0.19035379588603973,0,0.45,0.3658008658008658,0.4300595238095238,0.5927917132221378,0.3769480519480519
5,0.01,6.093747138977051,0.0,0.0,6.093747138977051,0.5542824268341064,0.009897967800498009,0.15894168615341187,0,0.5333333333333333,0.4271929824561404,0.5565476190476191,0.6656358469448093,0.4203508771929825
6,0.01,5.434406757354736,0.0,0.0,5.434406757354736,0.26475411653518677,0.008351144380867481,0.11699330061674118,0,0.5,0.3956043956043956,0.5357142857142857,0.762830291869207,0.3948717948717949
7,0.01,3.134103775024414,0.0,0.0,3.134103775024414,0.07693701237440109,0.001961096888408065,0.10620559006929398,0,0.5333333333333333,0.4271929824561404,0.5565476190476191,0.7994144329639612,0.4203508771929825
8,0.01,6.763786792755127,0.0,0.0,6.763786792755127,0.30094248056411743,0.0036096542607992887,0.09475812315940857,0,0.55,0.4444444444444444,0.5669642857142857,0.8209091419586704,0.43333333333333335
9,0.01,4.257927894592285,0.0,0.0,4.257927894592285,0.1824105829000473,0.002258909633383155,0.2732432782649994,0,0.5333333333333333,0.4271929824561404,0.5565476190476191,0.790572613096198,0.4203508771929825
10,0.01,2.6725735664367676,0.0,0.0,2.6725735664367676,0.11210822314023972,0.002571964869275689,0.1397497057914734,0,0.5,0.3956043956043956,0.5357142857142857,0.7766007522788184,0.3948717948717949
11,0.01,2.6237359046936035,0.0,0.0,2.6237359046936035,0.3945830166339874,0.021266141906380653,0.08638084679841995,0,0.5,0.3956043956043956,0.5357142857142857,0.824157525955875,0.3948717948717949
12,0.01,2.7156291007995605,0.0,0.0,2.7156291007995605,0.07988019287586212,0.0016645393334329128,0.08213947713375092,0,0.5,0.3956043956043956,0.5357142857142857,0.8372396133304152,0.3948717948717949
13,0.01,2.4258627891540527,0.0,0.0,2.4258627891540527,0.03707634285092354,0.0003963715280406177,0.09060933440923691,0,0.5833333333333334,0.48293172690763053,0.5877976190476191,0.8642159290744197,0.46019076305220885
14,0.01,2.3598690032958984,0.0,0.0,2.3598690032958984,0.041752319782972336,0.0003406759933568537,0.29375705122947693,0,0.5833333333333334,0.48293172690763053,0.5877976190476191,0.8969637433670453,0.46019076305220885
15,0.01,2.3247146606445312,0.0,0.0,2.3247146606445312,0.03222212940454483,0.0004525907279457897,0.10743772983551025,0,0.5833333333333334,0.48293172690763053,0.5877976190476191,0.9084537656176807,0.46019076305220885
16,0.01,2.224520206451416,0.0,0.0,2.224520206451416,0.02079622633755207,0.00019541911024134606,0.1276767998933792,0,0.5833333333333334,0.48293172690763053,0.5877976190476191,0.9167499985601402,0.46019076305220885
17,0.01,2.217139959335327,0.0,0.0,2.217139959335327,0.039890531450510025,0.0012756712967529893,0.04410026967525482,0,0.6166666666666667,0.5288515406162465,0.6086309523809524,0.931328880326522,0.48901960784313725
18,0.01,2.155353546142578,0.0,0.0,2.155353546142578,0.020366376265883446,0.0005802775849588215,0.3578997850418091,0,0.6666666666666666,0.635175102507226,0.683531746031746,0.8962109965942514,0.651972843987363
19,0.01,2.155898094177246,0.0,0.0,2.155898094177246,0.019270703196525574,0.0003152295539621264,0.12169446051120758,0,0.7166666666666667,0.6968474148802017,0.7529761904761904,0.8883984965942514,0.7239302227826818
20,0.01,2.110157012939453,0.0,0.0,2.110157012939453,0.02232557162642479,0.0007030977867543697,0.2751650810241699,0,0.7,0.688067686947866,0.7589285714285715,0.8923858287065835,0.69732487246485
21,0.009999830837037664,2.070957660675049,0.0,0.0,2.070957660675049,0.03877068683505058,0.0004193697532173246,0.08970793336629868,0,0.75,0.7622807017543859,0.7901785714285715,0.9392608287065835,0.7488157894736841
22,0.009999323359712722,2.0013203620910645,0.0,0.0,2.0013203620910645,0.017755640670657158,0.0002455283247400075,0.3389037549495697,0,0.7,0.679287582513389,0.7371031746031745,0.9008297072860753,0.7100261551874456
23,0.009998477602710573,2.018876552581787,0.0,0.0,2.018876552581787,0.022435128688812256,0.00026720581809058785,0.5532740950584412,0,0.65,0.6456140350877192,0.7440476190476191,0.8963399840463521,0.6201169590643275
24,0.009997293623837585,1.9579319953918457,0.0,0.0,1.9579319953918457,0.017272967845201492,0.0002244724746560678,0.20881545543670654,0,0.7166666666666667,0.7222325293753865,0.7857142857142857,0.9182458330453613,0.7030720470006185
25,0.00999577150401714,1.9228622913360596,0.0,0.0,1.9228622913360596,0.013075572438538074,0.00024896638933569193,0.21563972532749176,0,0.7666666666666667,0.7455026455026456,0.7361111111111112,0.928927793904209,0.7627777777777778
26,0.009993911347284109,1.859349250793457,0.0,0.0,1.859349250793457,0.025492453947663307,0.0005451935576274991,0.20186790823936462,0,0.8666666666666667,0.8552287581699346,0.8204365079365079,0.9297845105628125,0.8653104575163398
27,0.009991713280777732,1.8252322673797607,0.0,0.0,1.8252322673797607,0.013613198883831501,0.0003598399634938687,0.34744811058044434,0,0.6666666666666666,0.6508547008547009,0.7490079365079364,0.8894864907541794,0.6503418803418803
28,0.009989177454732934,1.8349885940551758,0.0,0.0,1.8349885940551758,0.011030187830328941,0.0003781777049880475,0.35146233439445496,0,0.7333333333333333,0.7196581196581198,0.7906746031746031,0.9071961079626174,0.727008547008547
29,0.00998630404247006,1.731743335723877,0.0,0.0,1.731743335723877,0.013613378629088402,0.00026544154388830066,0.24935093522071838,0,0.8166666666666667,0.7772519516239939,0.751984126984127,0.9266453159436651,0.813792824495409
30,0.009983093240383016,1.7007637023925781,0.0,0.0,1.7007637023925781,0.00925969984382391,0.00025178276700899005,0.49361589550971985,0,0.8,0.7744688261929641,0.8268849206349206,0.9177157846084733,0.8030390107976315
31,0.009979545267925863,1.564750075340271,0.0,0.0,1.564750075340271,0.014640765264630318,0.0004617346858140081,0.16659724712371826,0,0.8,0.7687273739905319,0.8323412698412698,0.9123393476282627,0.8038429406850459
32,0.009975660367597807,1.5769810676574707,0.0,0.0,1.5769810676574707,0.044054511934518814,0.0008846921846270561,0.2651370167732239,0,0.8,0.7744688261929641,0.8268849206349206,0.9182362939733223,0.8030390107976315
33,0.009971438804926623,1.8295438289642334,0.0,0.0,1.8295438289642334,0.12090685963630676,0.002099760342389345,0.23565778136253357,0,0.8166666666666667,0.7943593462038129,0.8373015873015873,0.9138089046697537,0.8185239735339437
34,0.00996688086845051,1.518752098083496,0.0,0.0,1.518752098083496,0.05852346867322922,0.0011473821941763163,0.20440693199634552,0,0.8166666666666667,0.7922972806693737,0.7946428571428571,0.9226162278933505,0.816568229358927
35,0.009961986869698373,1.9917880296707153,0.0,0.0,1.9917880296707153,0.19775128364562988,0.008609882555902004,0.1749185472726822,0,0.8166666666666667,0.7922972806693737,0.7946428571428571,0.9211691686632725,0.816568229358927
36,0.009956757143168527,2.208538055419922,0.0,0.0,2.208538055419922,0.22306227684020996,0.008892305195331573,0.41524332761764526,0,0.8333333333333334,0.8050595238095237,0.8050595238095237,0.9143882683092589,0.8333333333333334
37,0.009951192046305833,1.5649993419647217,0.0,0.0,1.5649993419647217,0.09763757884502411,0.002157860668376088,0.5630984306335449,0,0.7166666666666667,0.7139265962795375,0.7802579365079364,0.8742931487624883,0.7071392659627953
38,0.009945291959477269,1.7744638919830322,0.0,0.0,1.7744638919830322,0.09969133138656616,0.0008075165678746998,1.4493359327316284,0,0.8,0.781030551755586,0.8214285714285715,0.9011447366400196,0.8020428636570908
39,0.009939057285945933,1.8305972814559937,0.0,0.0,1.8305972814559937,0.13280469179153442,0.0013604197883978486,0.29966309666633606,0,0.7,0.678842504743833,0.7098214285714285,0.894167535382158,0.6855787476280836
40,0.009932488451843476,1.882359504699707,0.0,0.0,1.882359504699707,0.10768070816993713,0.001314561115577817,2.1805262565612793,0,0.7666666666666667,0.7458119658119657,0.8169642857142857,0.8993248136821249,0.7615213675213675
41,0.009925585906140986,1.5910893678665161,1.030611276626587,0.10306113213300705,1.694150447845459,0.03764843940734863,0.0030148422811180353,1.1745555400848389,483,0.7166666666666667,0.7122404517362501,0.7857142857142857,0.8913667078466606,0.702874483126584
42,0.009918350120618293,1.4536712169647217,1.0299667119979858,0.10299666970968246,1.5566679239273071,0.022287867963314056,0.002862852066755295,0.9838343262672424,483,0.8,0.7897301349325337,0.8268849206349206,0.9028089147487733,0.7996189405297351
43,0.009910781589831726,1.249584674835205,1.0286048650741577,0.10286048799753189,1.352445125579834,0.02480081282556057,0.0038348424714058638,0.359455943107605,483,0.7166666666666667,0.6466666666666666,0.6195436507936508,0.9197527064567158,0.7041111111111111
44,0.009902880831080306,1.412959098815918,1.025583028793335,0.10255830734968185,1.5155173540115356,0.02519349567592144,0.006671881768852472,1.3249506950378418,483,0.7666666666666667,0.7519607843137255,0.7678571428571428,0.9263637033389392,0.7612254901960784
45,0.009894648384370404,1.1516220569610596,1.0203105211257935,0.10203105211257935,1.2536530494689941,0.021963590756058693,0.011081788688898087,0.6160969138145447,483,0.8333333333333334,0.8074524829088724,0.8531746031746031,0.9194983312023407,0.8348433626324092
46,0.009886084812378817,1.0429693460464478,1.0123001337051392,0.10123001784086227,1.1441993713378906,0.01951110176742077,0.01677703484892845,0.19773295521736145,483,0.8166666666666667,0.7875243664717347,0.8427579365079364,0.9156586447270408,0.819298245614035
47,0.009877190700414313,0.9941515326499939,0.9994734525680542,0.09994734823703766,1.0940989255905151,0.010168072767555714,0.022127889096736908,0.38162949681282043,483,0.8333333333333334,0.8074524829088724,0.8531746031746031,0.9328911883451978,0.8348433626324092
48,0.00986796665637763,0.8585764169692993,0.9880974888801575,0.09880974888801575,0.9573861360549927,0.025001203641295433,0.024714147672057152,0.3494904637336731,483,0.7666666666666667,0.7341174906964381,0.7470238095238096,0.9184744708034803,0.7694344763423709
49,0.009858413310719925,0.9720799326896667,0.9656550288200378,0.09656550735235214,1.0686454772949219,0.0710073858499527,0.013677970506250858,0.6480019688606262,483,0.75,0.7295774647887323,0.7202380952380952,0.9079178977469072,0.7439906103286386
50,0.009848531316399685,0.940629243850708,0.9393518567085266,0.09393518418073654,1.0345643758773804,0.02121707610785961,0.024227268993854523,1.2492976188659668,483,0.85,0.8293040293040294,0.8154761904761904,0.9386763055689943,0.8492307692307693
51,0.009838321348838096,0.8169394731521606,1.0353153944015503,0.10353153944015503,0.9204710125923157,0.029844582080841064,0.021376147866249084,0.15107177197933197,524,0.8833333333333333,0.8557368557368558,0.8472222222222222,0.9465655381044531,0.881999481999482
52,0.009827784105872876,0.8317917585372925,1.0470161437988281,0.10470161586999893,0.9364933967590332,0.027606932446360588,0.038507916033267975,0.6192683577537537,524,0.8666666666666667,0.8426505664877758,0.8313492063492064,0.9426551785042351,0.8657125819916518
53,0.009816920307710586,0.7722340822219849,1.0214990377426147,0.10214990377426147,0.8743839859962463,0.02717055007815361,0.022568337619304657,0.24143539369106293,524,0.8333333333333334,0.8253063265816455,0.8422619047619048,0.9043328265026377,0.8336684171042761
54,0.0098057306968774,0.697940468788147,1.000110387802124,0.10001104325056076,0.7979515194892883,0.035995498299598694,0.012666654773056507,0.07228585332632065,524,0.8166666666666667,0.8061191626409018,0.8100198412698413,0.8926678012762919,0.8138647342995168
55,0.009794216038168352,0.6779886484146118,0.9829771518707275,0.09829771518707275,0.7762863636016846,0.016950545832514763,0.012246973812580109,0.08816314488649368,524,0.8,0.7904761904761904,0.7941468253968255,0.8826162590903158,0.7952380952380954
56,0.009782377118595071,0.7547563314437866,0.9711378812789917,0.09711378812789917,0.8518701195716858,0.022997383028268814,0.014850964769721031,0.24241903424263,524,0.8166666666666667,0.8084315265776381,0.8154761904761904,0.8995945474424247,0.8154202670856245
57,0.009770214747331984,0.6459568738937378,0.9644880294799805,0.09644880145788193,0.7424056529998779,0.018588723614811897,0.016008546575903893,0.0962727814912796,524,0.8,0.781030551755586,0.8214285714285715,0.9014606059122569,0.8020428636570908
58,0.009757729755661011,0.6826540231704712,0.9526693224906921,0.0952669307589531,0.7779209613800049,0.019345426931977272,0.015593549236655235,0.06796437501907349,524,0.8333333333333334,0.8152841781874041,0.8422619047619048,0.8887719602637055,0.8348118279569893
59,0.009744922996914747,0.6320511102676392,0.9380736351013184,0.09380736202001572,0.7258584499359131,0.019537435844540596,0.015373703092336655,0.356150358915329,524,0.7833333333333333,0.76651104886399,0.8000992063492064,0.8878306518341895,0.7856333644568939
60,0.00973179534641814,0.6677148342132568,0.922493040561676,0.0922493040561676,0.759964108467102,0.02284662239253521,0.014742366038262844,0.0449671745300293,524,0.75,0.7373184091450345,0.7683531746031745,0.8943229202663164,0.7505040882749862
61,0.009718347701428667,0.6654524207115173,0.9733646512031555,0.09733646363019943,0.7627888917922974,0.048081133514642715,0.03645309805870056,0.39860326051712036,525,0.8333333333333334,0.8050595238095237,0.8050595238095237,0.9268424567658058,0.8333333333333334
62,0.009704580981074998,0.6894451379776001,0.9542895555496216,0.0954289585351944,0.7848740816116333,0.026587601751089096,0.025917280465364456,0.3456176817417145,525,0.8166666666666667,0.7830687830687829,0.7946428571428571,0.9254234748043709,0.8179894179894179
63,0.009690496126294182,0.6565374135971069,0.9137896299362183,0.09137896448373795,0.7479164004325867,0.03392860293388367,0.017323974519968033,0.08913610875606537,525,0.8,0.770109193965158,0.7842261904761904,0.9054136813570777,0.8009085604734517
64,0.009676094099767331,0.6628894805908203,0.9037925601005554,0.0903792604804039,0.7532687187194824,0.021157344803214073,0.013061396777629852,0.04519345611333847,525,0.7833333333333333,0.749698182742407,0.7738095238095237,0.8917197135062702,0.7856120536281611
65,0.009661375885853831,0.6225022077560425,0.9000446796417236,0.09000446647405624,0.7125066518783569,0.01951700635254383,0.01393551379442215,0.05526875704526901,525,0.7333333333333333,0.7113584172407702,0.7152777777777778,0.8904210198431897,0.7315668609786257
66,0.00964634249052405,0.6454648971557617,0.8830749988555908,0.08830749988555908,0.7337723970413208,0.0639071986079216,0.013775395229458809,0.07651165127754211,525,0.8,0.7774891774891776,0.7733134920634921,0.9067473516176346,0.7996969696969697
67,0.009630994941290591,0.6258406639099121,0.8874319195747375,0.088743194937706,0.7145838737487793,0.02418350987136364,0.021693481132388115,0.05088577792048454,525,0.7833333333333333,0.749698182742407,0.7738095238095237,0.9080528246212208,0.7856120536281611
68,0.009615334287138054,0.589989423751831,0.8915695548057556,0.08915695548057556,0.679146409034729,0.02932039648294449,0.019061384722590446,0.10099439322948456,525,0.8,0.762878787878788,0.7896825396825397,0.9182928084755915,0.8018560606060606
69,0.00959936159845135,0.6358597278594971,0.8962355852127075,0.08962356299161911,0.7254832983016968,0.04953346028923988,0.02693278342485428,0.05279938876628876,525,0.7833333333333333,0.7438442249010544,0.779265873015873,0.9144676405879236,0.7867193872926674
70,0.009583077966942534,0.6286576986312866,0.8778266906738281,0.08778267353773117,0.7164403796195984,0.03726423159241676,0.013737525790929794,0.05812561511993408,525,0.8,0.761762360446571,0.7733134920634921,0.9181792995177429,0.8040171451355661
71,0.009566484505576189,0.6525081396102905,0.7582849860191345,0.07582850009202957,0.7283366322517395,0.03276161476969719,0.05824781954288483,0.04494135081768036,524,0.7666666666666667,0.7322984749455337,0.7415674603174603,0.9219558121385951,0.7686683006535947
72,0.009549582348493355,0.623500645160675,0.7400161027908325,0.07400161027908325,0.6975022554397583,0.056046321988105774,0.06588470935821533,0.05666099488735199,524,0.8,0.7628648233486942,0.7842261904761904,0.9242016336650769,0.803024193548387
73,0.009532372650934018,0.5999321937561035,0.6833657622337341,0.06833657622337341,0.6682687997817993,0.04299433156847954,0.03804655000567436,0.07423609495162964,524,0.7833333333333333,0.749698182742407,0.7738095238095237,0.9262656728753428,0.7856120536281611
74,0.009514856589158148,0.6254239082336426,0.6564304232597351,0.06564304232597351,0.6910669803619385,0.06063564121723175,0.02298261597752571,0.09128629416227341,524,0.7666666666666667,0.7341174906964381,0.7470238095238096,0.9260061981170473,0.7694344763423709
75,0.009497035360365296,0.6143804788589478,0.6348124742507935,0.06348124891519547,0.677861750125885,0.02603405900299549,0.016846084967255592,0.039707332849502563,524,0.8166666666666667,0.7937597261126673,0.8263888888888888,0.9327307039571191,0.8200645813881108
76,0.00947891018261278,0.6132347583770752,0.632469117641449,0.06324691325426102,0.6764816641807556,0.051720261573791504,0.014072851277887821,0.07959000021219254,524,0.85,0.828397212543554,0.8526785714285715,0.9370397247755738,0.8519599303135889
77,0.00946048229473242,0.5762308835983276,0.6366674900054932,0.06366675347089767,0.6398976445198059,0.023509755730628967,0.037137724459171295,0.03589347377419472,524,0.85,0.828397212543554,0.8526785714285715,0.9339663437540796,0.8519599303135889
78,0.009441752956245879,0.5884148478507996,0.6381391882896423,0.06381391733884811,0.6522287726402283,0.03336051106452942,0.04426596686244011,0.03760874643921852,524,0.85,0.828397212543554,0.8526785714285715,0.9338477352923107,0.8519599303135889
79,0.009422723447278559,0.5795280933380127,0.6242525577545166,0.06242525577545166,0.6419533491134644,0.04544207081198692,0.03256935626268387,0.04662219434976578,524,0.85,0.8277777777777778,0.8472222222222222,0.9438137258007542,0.8521153846153846
80,0.00940339506847212,0.5704524517059326,0.6125767827033997,0.061257679015398026,0.6317101120948792,0.02783961035311222,0.01718943938612938,0.05124042183160782,524,0.8666666666666667,0.8416666666666667,0.8630952380952381,0.9322469710146596,0.8691666666666668
81,0.009383769140895582,0.5957992076873779,0.6316007375717163,0.06316007673740387,0.6589592695236206,0.03702555596828461,0.05512885004281998,0.05574031174182892,473,0.8666666666666667,0.8416666666666667,0.8630952380952381,0.9278953543399299,0.8691666666666668
82,0.009363847005955023,0.5635815858840942,0.6294086575508118,0.06294086575508118,0.626522421836853,0.03558403253555298,0.05369441956281662,0.04271334782242775,473,0.8333333333333334,0.822999222999223,0.8313492063492064,0.9238098717756736,0.8330380730380731
83,0.009343630025301902,0.6100154519081116,0.6062073111534119,0.060620732605457306,0.6706361770629883,0.029650267213582993,0.04131101816892624,0.30075910687446594,473,0.8666666666666667,0.8510162601626017,0.8630952380952381,0.93426745446203,0.8673170731707317
84,0.00932311958073999,0.6544923782348633,0.5946736335754395,0.059467364102602005,0.7139597535133362,0.051292404532432556,0.03620335832238197,0.12653933465480804,473,0.85,0.828397212543554,0.8526785714285715,0.9259781208484039,0.8519599303135889
85,0.009302317074130931,0.5649189949035645,0.5799199342727661,0.05799199268221855,0.6229109764099121,0.03648959845304489,0.03047991916537285,0.0637378916144371,473,0.8166666666666667,0.7937597261126673,0.8263888888888888,0.914515335948119,0.8200645813881108
86,0.009281223927298419,0.579484224319458,0.5729871988296509,0.05729871988296509,0.6367829442024231,0.02218015491962433,0.014545685611665249,0.22527948021888733,473,0.8333333333333334,0.8145833333333333,0.8368055555555555,0.9186562531196966,0.8349999999999999
87,0.009259841581931017,0.609428346157074,0.5638376474380493,0.05638376623392105,0.6658121347427368,0.0410270057618618,0.0058615924790501595,0.07528013736009598,473,0.7833333333333333,0.7335656213704995,0.7311507936507936,0.9419390881655033,0.7835772357723577
88,0.00923817149948363,0.6000893115997314,0.5607139468193054,0.05607139691710472,0.6561607122421265,0.027980444952845573,0.023307202383875847,0.4011279046535492,473,0.85,0.8287266488753335,0.8581349206349206,0.9093566177882216,0.8514471343245648
89,0.00921621516107761,0.5994971394538879,0.5591685175895691,0.05591685324907303,0.6554139852523804,0.024009738117456436,0.023746106773614883,0.19535480439662933,473,0.85,0.8287266488753335,0.8581349206349206,0.9118830920128089,0.8514471343245648
90,0.009193974067399517,0.578026294708252,0.5630565881729126,0.0563056580722332,0.6343319416046143,0.027669355273246765,0.023619432002305984,0.2245999425649643,473,0.85,0.8287266488753335,0.8581349206349206,0.9114061384108553,0.8514471343245648
91,0.009171449738598562,0.5556058883666992,0.6706092953681946,0.0670609325170517,0.6226668357849121,0.018988918513059616,0.08491669595241547,0.10037064552307129,534,0.8333333333333334,0.8152841781874041,0.8422619047619048,0.9062687181790956,0.8348118279569893
92,0.009148643714182699,0.5645022392272949,0.6305317878723145,0.0630531832575798,0.6275554299354553,0.057846516370773315,0.0668841004371643,0.07064403593540192,534,0.8166666666666667,0.8026679221594476,0.8373015873015873,0.9238654263713225,0.8169538606403014
93,0.009125557552913402,0.5942916870117188,0.6029898524284363,0.06029898673295975,0.6545906662940979,0.042718466371297836,0.038254547864198685,0.45571789145469666,534,0.8166666666666667,0.8026679221594476,0.8373015873015873,0.9074888794818041,0.8169538606403014
94,0.009102192832699127,0.586564838886261,0.5874711275100708,0.05874711275100708,0.6453119516372681,0.028082171455025673,0.013172135688364506,0.12111536413431168,534,0.7833333333333333,0.767908396024049,0.8110119047619048,0.9184242556884067,0.7845357865796551
95,0.009078551150487465,0.5799857378005981,0.5846269130706787,0.05846269056200981,0.6384484171867371,0.023630796000361443,0.015413088724017143,0.05746930465102196,534,0.7833333333333333,0.7611789953138003,0.8110119047619048,0.9342265384423404,0.7866202426312794
96,0.00905463412215599,0.6036410927772522,0.5757503509521484,0.0575750358402729,0.661216139793396,0.06254272162914276,0.02702941931784153,0.07734085619449615,534,0.7833333333333333,0.767908396024049,0.8110119047619048,0.9190898309412461,0.7845357865796551
97,0.009030443382401818,0.5642939805984497,0.5792744159698486,0.057927440851926804,0.6222214102745056,0.017558589577674866,0.023166919127106667,0.0388609953224659,534,0.85,0.851348772660248,0.8581349206349206,0.9252725294883315,0.850200364298725
98,0.009005980584629878,0.6678888201713562,0.5712791085243225,0.05712791159749031,0.725016713142395,0.09774458408355713,0.033137544989585876,0.15120559930801392,534,0.8333333333333334,0.8380114509146767,0.8422619047619048,0.9257476832653718,0.8336754643206257
99,0.008981247400839902,0.6138827204704285,0.5786370038986206,0.05786370113492012,0.6717464327812195,0.0728321447968483,0.03130210191011429,0.0981891006231308,534,0.7833333333333333,0.7765536723163842,0.8110119047619048,0.9074231258783145,0.7833192090395481
100,0.00895624552151215,0.6410694122314453,0.5629873871803284,0.056298740208148956,0.6973681449890137,0.054472412914037704,0.032704804092645645,0.09147712588310242,534,0.8,0.7893939393939394,0.8214285714285715,0.9139965064198554,0.800530303030303
101,0.008930976655491857,0.5957038402557373,0.8337159156799316,0.0833715945482254,0.6790754199028015,0.06717900931835175,0.028149018064141273,0.08989445865154266,536,0.7833333333333333,0.76651104886399,0.8000992063492064,0.9171348611207103,0.7856333644568939
102,0.008905442529872458,0.6384755373001099,0.8271375894546509,0.08271376043558121,0.7211893200874329,0.06839976459741592,0.025070330128073692,0.03683039918541908,536,0.7833333333333333,0.7747128661762809,0.8000992063492064,0.9175563801153425,0.7839511549877403
103,0.008879644889877513,0.6527391672134399,0.811443567276001,0.08114435523748398,0.7338835000991821,0.06433997303247452,0.018894338980317116,0.062216755002737045,536,0.7666666666666667,0.7631313131313132,0.7951388888888888,0.9207364907541794,0.7668434343434344
104,0.008853585498741453,0.6120019555091858,0.7868173122406006,0.07868172973394394,0.6906836628913879,0.0380774587392807,0.023042453452944756,0.04822687432169914,536,0.7666666666666667,0.753735511800028,0.7579365079365079,0.9245761772294792,0.7666911045943304
105,0.008827266137589043,0.6012523174285889,0.7769932746887207,0.07769932597875595,0.678951621055603,0.02449098788201809,0.02468985691666603,0.056471411138772964,536,0.7666666666666667,0.753735511800028,0.7579365079365079,0.9148754809132168,0.7666911045943304
106,0.008800688605313658,0.5945667028427124,0.7767674326896667,0.07767674326896667,0.6722434759140015,0.032229673117399216,0.015246519818902016,0.05044027790427208,536,0.7666666666666667,0.753735511800028,0.7579365079365079,0.9250395721504212,0.7666911045943304
107,0.008773854718454323,0.581532895565033,0.76389080286026,0.07638908177614212,0.6579219698905945,0.05588251352310181,0.012740246951580048,0.05155392363667488,536,0.8,0.8000000000000002,0.8214285714285715,0.9190309166724261,0.8
108,0.008746766311071562,0.582507312297821,0.7555360794067383,0.07555361092090607,0.6580609083175659,0.012425479479134083,0.011028268374502659,0.03375877067446709,536,0.7833333333333333,0.7765536723163842,0.8110119047619048,0.9099556595134425,0.7833192090395481
109,0.008719425234622036,0.5771973133087158,0.7509477734565735,0.0750947818160057,0.6522920727729797,0.031560126692056656,0.01181479450315237,0.009837398305535316,536,0.75,0.7494281357224551,0.779265873015873,0.900872663107333,0.7501509086287965
110,0.008691833357832001,0.57292640209198,0.7447835206985474,0.07447835057973862,0.6474047303199768,0.01664360985159874,0.011705569922924042,0.020810214802622795,536,0.7666666666666667,0.7620327700972863,0.7896825396825397,0.9020441691432257,0.7670698924731183
111,0.008663992566569587,0.5619212985038757,0.520912230014801,0.05209122225642204,0.6140125393867493,0.036895353347063065,0.037947338074445724,0.038813088089227676,536,0.8166666666666667,0.8026679221594476,0.8373015873015873,0.9123113903479471,0.8169538606403014
112,0.00863590476371589,0.5944634675979614,0.5209668278694153,0.05209668353199959,0.6465601325035095,0.08153155446052551,0.03176337853074074,0.052924610674381256,536,0.8,0.7875,0.810515873015873,0.907538254678585,0.8008333333333333
113,0.008607571869034929,0.5846598148345947,0.4926169514656067,0.04926169663667679,0.6339215040206909,0.03347822278738022,0.03769164904952049,0.09033554792404175,536,0.7833333333333333,0.7747128661762809,0.8000992063492064,0.9110758705393139,0.7839511549877403
114,0.008578995819042416,0.5590857863426208,0.48358479142189026,0.048358481377363205,0.6074442863464355,0.0322653129696846,0.030644463375210762,0.03172034025192261,536,0.8166666666666667,0.8026679221594476,0.8373015873015873,0.9115605633883935,0.8169538606403014
115,0.00855017856687341,0.5647003054618835,0.4735238254070282,0.047352384775877,0.6120526790618896,0.02957669273018837,0.019813276827335358,0.027392080053687096,536,0.8166666666666667,0.8026679221594476,0.8373015873015873,0.9096382303929474,0.8169538606403014
116,0.00852112208214882,0.5631625056266785,0.44963592290878296,0.044963594526052475,0.6081261038780212,0.03244394436478615,0.013579001650214195,0.07584398984909058,536,0.8166666666666667,0.8022938111577075,0.8318452380952381,0.9066765585043887,0.8176817257593086
117,0.008491828350840775,0.5716772079467773,0.4454711973667145,0.04454712197184563,0.6162243485450745,0.017857875674962997,0.01766560785472393,0.016217293217778206,536,0.8333333333333334,0.8253063265816455,0.8422619047619048,0.9093685866238932,0.8336684171042761
118,0.0084622993751369,0.5646647214889526,0.43408721685409546,0.043408721685409546,0.6080734729766846,0.016998684033751488,0.010159535333514214,0.015101048164069653,536,0.8166666666666667,0.8116402116402117,0.8263888888888888,0.913197144181814,0.8168783068783069
119,0.008432537173303462,0.5478014945983887,0.436646044254303,0.0436646044254303,0.5914660692214966,0.01392192393541336,0.010282173752784729,0.11599712818861008,536,0.8166666666666667,0.8116402116402117,0.8263888888888888,0.9211068347271176,0.8168783068783069
120,0.00840254377954742,0.5447393655776978,0.4280971586704254,0.04280971735715866,0.587549090385437,0.014879930764436722,0.008478069677948952,0.03662475198507309,536,0.8166666666666667,0.8116402116402117,0.8263888888888888,0.9244268517558613,0.8168783068783069
121,0.008372321243877393,0.5865176916122437,0.4404054284095764,0.04404054209589958,0.6305582523345947,0.035534441471099854,0.018540741875767708,0.029602419584989548,523,0.8166666666666667,0.8022938111577075,0.8318452380952381,0.9222237460739819,0.8176817257593086
122,0.00834187163196355,0.5316210985183716,0.4230961799621582,0.04230961948633194,0.5739307403564453,0.0049561006017029285,0.020227625966072083,0.007272707764059305,523,0.85,0.8287821720025109,0.8635912698412698,0.9182586717964076,0.8505885122410546
123,0.008311197024996417,0.5600684881210327,0.4227283298969269,0.04227283224463463,0.6023412942886353,0.02721158042550087,0.016385413706302643,0.10225410759449005,523,0.8333333333333334,0.8156565656565657,0.847718253968254,0.9205462492608719,0.8342171717171717
124,0.008280299519544634,0.5607002973556519,0.4144667088985443,0.04144667088985443,0.6021469831466675,0.03413711115717888,0.016716551035642624,0.049921900033950806,523,0.8166666666666667,0.8015550393599172,0.8263888888888888,0.9117798420569647,0.8179555426506646
125,0.008249181227411657,0.5520535111427307,0.4032191038131714,0.04032191261649132,0.5923753976821899,0.04486873745918274,0.011845988221466541,0.07873973995447159,523,0.8166666666666667,0.8116402116402117,0.8263888888888888,0.9217126557928444,0.8168783068783069
126,0.008217844275491416,0.5438826680183411,0.40067997574806213,0.040067996829748154,0.5839506387710571,0.010015424340963364,0.009563804604113102,0.011626146733760834,523,0.8666666666666667,0.8784287418008349,0.8630952380952381,0.9187936997488885,0.8673822301729278
127,0.008186290805622951,0.547730565071106,0.39177757501602173,0.03917775675654411,0.5869083404541016,0.057549335062503815,0.00801953487098217,0.031106187030673027,523,0.8333333333333334,0.8539288668320927,0.8422619047619048,0.9171375008639159,0.8350041356492971
128,0.008154522974444009,0.5533254146575928,0.3945082128047943,0.03945082053542137,0.5927762389183044,0.025074413046240807,0.006779121700674295,0.13999556005001068,523,0.8166666666666667,0.8256049960967994,0.8318452380952381,0.9116425754102641,0.8171584699453551
129,0.008122542953243656,0.5327982902526855,0.3897601068019867,0.03897600993514061,0.5717743039131165,0.016098525375127792,0.006319597829133272,0.02250179648399353,523,0.8,0.8000000000000002,0.8214285714285715,0.9177271235054255,0.8
130,0.008090352927813856,0.5380300283432007,0.40002188086509705,0.040002189576625824,0.5780321955680847,0.043116245418787,0.00802543293684721,0.08709181845188141,523,0.7833333333333333,0.7865375062096374,0.8055555555555555,0.9222450440021195,0.7834600099354198
131,0.008057955098300092,0.5391463041305542,0.402894526720047,0.04028945416212082,0.5794357657432556,0.017273619771003723,0.00804136786609888,0.04936015233397484,498,0.8,0.7886584741423451,0.8159722222222222,0.9308433475591494,0.8009408602150537
132,0.008025351679050973,0.5395700931549072,0.4144320785999298,0.04144321009516716,0.5810133218765259,0.012765820138156414,0.012417961843311787,0.0672321692109108,498,0.8166666666666667,0.8126179831097864,0.8318452380952381,0.9408589532410288,0.8168554396423249
133,0.0079925448984669,0.5222280025482178,0.41390615701675415,0.041390616446733475,0.5636186003684998,0.0097689563408494,0.010399269871413708,0.017163464799523354,498,0.8333333333333334,0.825925925925926,0.847718253968254,0.9314261908601531,0.8333333333333334
134,0.007959536998847744,0.5619453191757202,0.4186500310897827,0.04186500236392021,0.6038103103637695,0.04127584025263786,0.011303487233817577,0.0881790965795517,498,0.8166666666666667,0.7928007632925667,0.8000992063492064,0.9215788088134786,0.8160473588342441
135,0.007926330236239594,0.5572627782821655,0.4167923629283905,0.04167923703789711,0.5989420413970947,0.032500676810741425,0.011287619359791279,0.016801729798316956,498,0.8333333333333334,0.8055439184471442,0.810515873015873,0.9237340991468349,0.8329178885630498
136,0.00789292688028057,0.5525491237640381,0.41312485933303833,0.04131248593330383,0.5938615798950195,0.2037043571472168,0.010686400346457958,0.061246391385793686,498,0.85,0.8386984600099354,0.8581349206349206,0.9312231106157993,0.85025086934923
137,0.00785932921404568,0.5208749175071716,0.42247873544692993,0.042247872799634933,0.5631228089332581,0.00870622880756855,0.007258426398038864,0.05517738685011864,498,0.85,0.8386984600099354,0.8581349206349206,0.9352027034810053,0.85025086934923
138,0.007825539533890782,0.5437036156654358,0.4082602262496948,0.04082602262496948,0.5845296382904053,0.03787596523761749,0.009802871383726597,0.06340409070253372,498,0.85,0.8386984600099354,0.8581349206349206,0.9328656308314326,0.85025086934923
139,0.007791560149295626,0.5726978182792664,0.40788328647613525,0.040788330137729645,0.6134861707687378,0.02732149511575699,0.006143782753497362,0.07080581784248352,498,0.8666666666666667,0.8515628907226808,0.8685515873015873,0.936921116313805,0.8671517879469868
140,0.007757393382706014,0.5526469945907593,0.4039899706840515,0.04039899632334709,0.5930460095405579,0.010524657554924488,0.0065638963133096695,0.11782572418451309,498,0.85,0.8287266488753335,0.8581349206349206,0.9362402425492048,0.8514471343245648
141,0.00772304156937506,0.5488160848617554,0.3248252868652344,0.03248253092169762,0.5812985897064209,0.07583676278591156,0.014847883023321629,0.05093534290790558,538,0.85,0.8287266488753335,0.8581349206349206,0.9251291434369264,0.8514471343245648
142,0.00768850705720357,0.5307683944702148,0.3163372576236725,0.03163372725248337,0.5624021291732788,0.018853845074772835,0.011569712311029434,0.03400247544050217,538,0.85,0.8287266488753335,0.8581349206349206,0.9193739033066862,0.8514471343245648
143,0.00765379220657958,0.5527284145355225,0.3202159106731415,0.03202159330248833,0.5847499966621399,0.03283049911260605,0.009012130089104176,0.006434827111661434,538,0.85,0.8287266488753335,0.8581349206349206,0.9104735291350857,0.8514471343245648
144,0.007618899390217016,0.5353471040725708,0.3147388994693756,0.03147388994693756,0.5668209791183472,0.020857857540249825,0.00935340765863657,0.032445672899484634,538,0.8166666666666667,0.8022938111577075,0.8318452380952381,0.9048650947235853,0.8176817257593086
145,0.007583830992993526,0.5694459080696106,0.3161628544330597,0.03161628544330597,0.6010621786117554,0.022113265469670296,0.010686559602618217,0.04912247508764267,538,0.8,0.7886584741423451,0.8159722222222222,0.895648971268075,0.8009408602150537
146,0.007548589411787477,0.5831303000450134,0.31701454520225525,0.031701456755399704,0.6148317456245422,0.03006052039563656,0.008283247239887714,0.19385695457458496,538,0.8,0.7694783197831979,0.7787698412698413,0.9021636175232873,0.8013550135501355
147,0.007513177055314133,0.5442184209823608,0.31602612137794495,0.031602613627910614,0.575821042060852,0.015785152092576027,0.00880448054522276,0.015900488942861557,538,0.8166666666666667,0.7914410792459573,0.7891865079365079,0.8962062570553136,0.8166541588492807
148,0.0074775963439610155,0.5509045124053955,0.3192175626754761,0.03192175552248955,0.5828262567520142,0.04455162212252617,0.008365330286324024,0.13922850787639618,538,0.8,0.7774891774891776,0.7733134920634921,0.9030698293669991,0.7996969696969697
149,0.007441849709622487,0.5571976900100708,0.3047150671482086,0.03047150745987892,0.5876691937446594,0.04310515522956848,0.011393343098461628,0.045277759432792664,538,0.7833333333333333,0.7555555555555555,0.7628968253968255,0.8969852812718379,0.7844444444444445
150,0.007405939595533515,0.5649396181106567,0.30397629737854004,0.030397629365324974,0.5953372716903687,0.03310573101043701,0.01254707109183073,0.05742594972252846,538,0.7833333333333333,0.7566137566137566,0.7683531746031745,0.8933990101442931,0.7843915343915344
151,0.007369868456102699,0.5380072593688965,0.3931640386581421,0.03931640461087227,0.5773236751556396,0.013775124214589596,0.026122277602553368,0.02072211727499962,538,0.8,0.770109193965158,0.7842261904761904,0.8878681481865444,0.8009085604734517
152,0.0073336387567445056,0.5513447523117065,0.38807275891304016,0.038807276636362076,0.5901520252227783,0.02253006026148796,0.01924821175634861,0.05531392991542816,538,0.8,0.770109193965158,0.7842261904761904,0.8949501592485083,0.8009085604734517
153,0.007297252973710758,0.5547785758972168,0.39184626936912537,0.03918462619185448,0.5939632058143616,0.017636096104979515,0.021775756031274796,0.16651597619056702,538,0.8,0.770109193965158,0.7842261904761904,0.9023556588415079,0.8009085604734517
154,0.007260713593921394,0.5598688125610352,0.3755464255809784,0.03755464404821396,0.5974234342575073,0.021509725600481033,0.016050659120082855,0.04436347261071205,538,0.8,0.7787698412698413,0.7787698412698413,0.9022362104614464,0.8
155,0.007224023114794484,0.5437147617340088,0.3724535405635834,0.03724535554647446,0.5809600949287415,0.020150311291217804,0.00817780289798975,0.119575634598732,538,0.8,0.7787698412698413,0.7787698412698413,0.903689329102065,0.8
156,0.00718718404407554,0.6143655776977539,0.36871615052223206,0.036871615797281265,0.6512371897697449,0.10682956129312515,0.010621975176036358,0.1641635298728943,538,0.7833333333333333,0.7566137566137566,0.7683531746031745,0.9116203175755063,0.7843915343915344
157,0.0071501988996661115,0.5455222725868225,0.37542110681533813,0.03754211217164993,0.5830643773078918,0.053763724863529205,0.016534265130758286,0.10052094608545303,538,0.8166666666666667,0.7922972806693737,0.7946428571428571,0.9115563038027661,0.816568229358927
158,0.007113070209451689,0.5410114526748657,0.36913248896598816,0.036913249641656876,0.5779247283935547,0.012372241355478764,0.008158761076629162,0.06627090275287628,538,0.8166666666666667,0.7681392681392681,0.7628968253968255,0.9098788069896561,0.8142792392792393
159,0.007075800511128927,0.5983757972717285,0.37364524602890015,0.037364523857831955,0.635740339756012,0.056826792657375336,0.008768814615905285,0.2421823889017105,538,0.8,0.755426890910762,0.7524801587301587,0.9079137581496072,0.7974579542321477
160,0.0070383923520322,0.5446675419807434,0.37114793062210083,0.03711479529738426,0.581782341003418,0.020422756671905518,0.015986571088433266,0.05850915610790253,538,0.8333333333333334,0.8253063265816455,0.8422619047619048,0.9005014792161018,0.8336684171042761
161,0.007000848288959491,0.5516189336776733,0.39417243003845215,0.039417244493961334,0.5910362005233765,0.012262091971933842,0.036401014775037766,0.014174158684909344,535,0.8333333333333334,0.8253063265816455,0.8422619047619048,0.8994136050445013,0.8336684171042761
162,0.006963170887997639,0.552261471748352,0.3923541009426117,0.03923540934920311,0.5914968848228455,0.029667066410183907,0.03989190608263016,0.06206996738910675,535,0.8166666666666667,0.8116402116402117,0.8263888888888888,0.8950133331029558,0.8168783068783069
163,0.006925362724346952,0.5329688787460327,0.3831549286842346,0.03831549361348152,0.5712843537330627,0.016687948256731033,0.03737763687968254,0.026833517476916313,535,0.8,0.79904976244061,0.8159722222222222,0.8925568120733215,0.8001850462615654
164,0.006887426382145193,0.538061261177063,0.3804250657558441,0.03804250806570053,0.5761037468910217,0.016181526705622673,0.028458239510655403,0.06756127625703812,535,0.8,0.79904976244061,0.8159722222222222,0.8931814113123075,0.8001850462615654
165,0.006849364454290958,0.5542080402374268,0.3691195845603943,0.03691196069121361,0.5911200046539307,0.019477959722280502,0.02503557689487934,0.022597333416342735,535,0.7833333333333333,0.764924506387921,0.7628968253968255,0.9092192311531934,0.7831707317073171
166,0.006811179542266458,0.5389572978019714,0.35124608874320984,0.03512461110949516,0.5740818977355957,0.04108338803052902,0.020325591787695885,0.055146027356386185,535,0.8166666666666667,0.8031746031746033,0.7891865079365079,0.9114163974128596,0.8161538461538462
167,0.006772874255959703,0.5321329236030579,0.345986008644104,0.03459860011935234,0.5667315125465393,0.018575554713606834,0.009784604422748089,0.010988784953951836,535,0.7833333333333333,0.7662113941183709,0.7683531746031745,0.9138443012263767,0.7833579426602683
168,0.006734451213486133,0.5303983688354492,0.3486400246620178,0.03486400470137596,0.5652623772621155,0.036422502249479294,0.007546816021203995,0.12936964631080627,535,0.8166666666666667,0.8126179831097864,0.8318452380952381,0.9155708732654487,0.8168554396423249
169,0.006695913041009662,0.5440585613250732,0.34468966722488403,0.03446896746754646,0.5785275101661682,0.013947649858891964,0.01440890971571207,0.03271897882223129,535,0.8,0.7893939393939394,0.8214285714285715,0.9209263722825044,0.800530303030303
170,0.006657262372563185,0.5547270774841309,0.3512111306190491,0.03512111306190491,0.5898481607437134,0.028203532099723816,0.020627658814191818,0.07339411973953247,535,0.8,0.7893939393939394,0.8214285714285715,0.9258257956665975,0.800530303030303
171,0.006618501849868548,0.5382917523384094,0.3112039864063263,0.03112039901316166,0.5694121718406677,0.05964658409357071,0.011534281075000763,0.1043931171298027,538,0.8,0.7886584741423451,0.8159722222222222,0.9338117987882139,0.8009408602150537
172,0.006579634122155991,0.5215411186218262,0.32082414627075195,0.032082416117191315,0.5536235570907593,0.00888219103217125,0.015249204821884632,0.001964885275810957,538,0.8166666666666667,0.8116402116402117,0.8263888888888888,0.9367461133380944,0.8168783068783069
173,0.006540661845983073,0.5845109224319458,0.31617027521133423,0.03161702677607536,0.6161279678344727,0.16898873448371887,0.02426585555076599,0.12551365792751312,538,0.8166666666666667,0.8116402116402117,0.8263888888888888,0.9295804704118383,0.8168783068783069
174,0.0065015876850531016,0.6342730522155762,0.3134448528289795,0.03134448453783989,0.6656175255775452,0.05588114261627197,0.03736106678843498,0.06906069815158844,538,0.8333333333333334,0.825925925925926,0.847718253968254,0.9314056128619809,0.8333333333333334
175,0.006462414310033072,0.5464653968811035,0.31747105717658997,0.031747106462717056,0.5782124996185303,0.04173428192734718,0.013924804516136646,0.19704239070415497,538,0.8333333333333334,0.8262166788945953,0.8531746031746031,0.921370509076877,0.832584984103693
176,0.0064231443983711325,0.5629408359527588,0.3046243488788605,0.030462434515357018,0.5934032797813416,0.07430607080459595,0.015358827076852322,0.07158880680799484,538,0.8166666666666667,0.8026937912156277,0.8427579365079364,0.9229285575099254,0.815781697150678
177,0.006383780634113578,0.5671354532241821,0.3136374056339264,0.03136374056339264,0.5984991788864136,0.026463264599442482,0.012201753444969654,0.03904982656240463,538,0.8,0.780886822814232,0.8323412698412698,0.9185973988450403,0.7992729006496215
178,0.006344325707721409,0.5762300491333008,0.29931947588920593,0.029931947588920593,0.6061620116233826,0.03268586844205856,0.008360540494322777,0.0362185463309288,538,0.7666666666666667,0.7544155646754827,0.7951388888888888,0.9145665109698129,0.7679860161118711
179,0.006304782315886434,0.5302844047546387,0.29471349716186523,0.029471350833773613,0.5597557425498962,0.014870253391563892,0.008223598822951317,0.008038116618990898,538,0.8333333333333334,0.8243394308943089,0.8368055555555555,0.9230044501270916,0.8335772357723578
180,0.0062651531613469565,0.5741653442382812,0.2976350784301758,0.029763508588075638,0.6039288640022278,0.06339473277330399,0.010238715447485447,0.08365759253501892,538,0.8333333333333334,0.8243394308943089,0.8368055555555555,0.9257689811935096,0.8335772357723578
181,0.00622544095270305,0.5436669588088989,0.27423059940338135,0.027423059567809105,0.571090042591095,0.016940340399742126,0.0159833375364542,0.011513243429362774,538,0.85,0.8293040293040294,0.8154761904761904,0.9226452650686142,0.8492307692307693
182,0.006185648404231421,0.5328395366668701,0.26693323254585266,0.026693323627114296,0.559532880783081,0.026954611763358116,0.014832384884357452,0.034624189138412476,538,0.85,0.8293040293040294,0.8154761904761904,0.9220130465708296,0.8492307692307693
183,0.0061457782356999025,0.5337193012237549,0.26909640431404114,0.026909640058875084,0.5606289505958557,0.021996725350618362,0.013054358772933483,0.010696664452552795,538,0.85,0.8293040293040294,0.8154761904761904,0.9106554314396296,0.8492307692307693
184,0.006105833172181549,0.5367908477783203,0.27132171392440796,0.027132172137498856,0.5639230012893677,0.02152557298541069,0.009580321609973907,0.028659638017416,538,0.85,0.8293040293040294,0.8154761904761904,0.9072791398852719,0.8492307692307693
185,0.006065815943868391,0.5332380533218384,0.26929089426994324,0.026929089799523354,0.560167133808136,0.024151969701051712,0.011611795984208584,0.020955858752131462,538,0.85,0.8293040293040294,0.8154761904761904,0.9035870990470047,0.8492307692307693
186,0.006025729285884828,0.5339128971099854,0.26452523469924927,0.026452524587512016,0.5603654384613037,0.03599780052900314,0.0068036457523703575,0.027984317392110825,538,0.85,0.8293040293040294,0.8154761904761904,0.9061630684567006,0.8492307692307693
187,0.005985575938100685,0.5196388959884644,0.26134154200553894,0.026134153828024864,0.5457730293273926,0.006809088867157698,0.00708129582926631,0.0073436228558421135,538,0.85,0.8293040293040294,0.8154761904761904,0.903741524024543,0.8492307692307693
188,0.005945358644943944,0.5325930714607239,0.2675509452819824,0.026755094528198242,0.5593481659889221,0.006757325492799282,0.00813319068402052,0.03834078088402748,538,0.85,0.8293040293040294,0.8154761904761904,0.899305435567228,0.8492307692307693
189,0.005905080155213171,0.5331118702888489,0.2647800147533417,0.026478001847863197,0.5595898628234863,0.009152844548225403,0.009695450775325298,0.16613051295280457,538,0.85,0.8293040293040294,0.8154761904761904,0.9192049597415163,0.8492307692307693
190,0.005864743221889634,0.5238092541694641,0.261612206697464,0.02616122178733349,0.5499704480171204,0.028525983914732933,0.014826006256043911,0.07049504667520523,538,0.85,0.8039753528125622,0.7837301587301587,0.9201699958628025,0.8465672828463526
191,0.005824350601949144,0.5153606534004211,0.27306297421455383,0.027306297793984413,0.5426669716835022,0.002811134560033679,0.05194506049156189,0.07196392118930817,538,0.85,0.8039753528125622,0.7837301587301587,0.9166012730281597,0.8465672828463526
192,0.0057839050561736185,0.535971462726593,0.27567118406295776,0.027567118406295776,0.5635385513305664,0.02807166986167431,0.04934212937951088,0.023263275623321533,538,0.85,0.8039753528125622,0.7837301587301587,0.9177663596885295,0.8465672828463526
193,0.005743409348962387,0.5212294459342957,0.259363055229187,0.0259363055229187,0.5471657514572144,0.014492749236524105,0.04153845086693764,0.014523852616548538,538,0.8333333333333334,0.7592201080573173,0.736111111111111,0.9223990490205113,0.8254639417430115
194,0.005702866248143243,0.5285859107971191,0.261292964220047,0.02612929604947567,0.5547152161598206,0.0448007695376873,0.027139799669384956,0.046817678958177567,538,0.8166666666666667,0.7461394327065968,0.7202380952380952,0.9173588193340553,0.8094075079149706
195,0.005662278524783272,0.5434927940368652,0.24288968741893768,0.024288969114422798,0.5677817463874817,0.039291515946388245,0.03663937747478485,0.055750202387571335,538,0.8166666666666667,0.7461394327065968,0.7202380952380952,0.9131202916580275,0.8094075079149706
196,0.005621648952999453,0.5240687727928162,0.2312219887971878,0.02312219887971878,0.5471909642219543,0.04178501293063164,0.026140524074435234,0.012951803393661976,538,0.8166666666666667,0.7461394327065968,0.7202380952380952,0.9164898038718793,0.8094075079149706
197,0.005580980309769044,0.5597405433654785,0.21735714375972748,0.021735714748501778,0.5814762711524963,0.07286669313907623,0.03854598477482796,0.12159700691699982,538,0.8166666666666667,0.7461394327065968,0.7202380952380952,0.9160828034648789,0.8094075079149706
198,0.005540275374739791,0.5413685441017151,0.22524110972881317,0.022524110972881317,0.563892662525177,0.013036264106631279,0.013614813797175884,0.013507072813808918,538,0.8166666666666667,0.7461394327065968,0.7202380952380952,0.9192193583408206,0.8094075079149706
199,0.0054995369300399315,0.5206198692321777,0.2182304561138153,0.02182304672896862,0.5424429178237915,0.008956925943493843,0.008429260924458504,0.014668379910290241,538,0.8333333333333334,0.8156613034661815,0.7996031746031745,0.9271990020810775,0.8325127447078666
200,0.005458767760088046,0.5196259021759033,0.21251775324344635,0.021251775324344635,0.5408776998519897,0.013005291111767292,0.005859846249222755,0.029956381767988205,538,0.85,0.828300803673938,0.8100198412698413,0.9288065456992344,0.8489351320321468
201,0.0054179706514027445,0.5234649181365967,0.39768949151039124,0.039768949151039124,0.5632338523864746,0.02291101962327957,0.06386914849281311,0.01982007548213005,538,0.85,0.828300803673938,0.8100198412698413,0.9298876405303291,0.8489351320321468
202,0.005377148392412213,0.517156183719635,0.4059796631336212,0.04059796780347824,0.5577541589736938,0.0363004170358181,0.06729690730571747,0.006759815849363804,538,0.8833333333333333,0.8549177190968237,0.8363095238095237,0.9333058080109967,0.8823555300420973
203,0.005336303773263628,0.5475603342056274,0.38877490162849426,0.038877490907907486,0.5864378213882446,0.05877501890063286,0.06614290177822113,0.03574613109230995,538,0.8833333333333333,0.8549177190968237,0.8363095238095237,0.9277110522688353,0.8823555300420973
204,0.005295439585632452,0.5587091445922852,0.3850942850112915,0.03850942850112915,0.5972185730934143,0.02327677048742771,0.06034574657678604,0.014398912899196148,538,0.8833333333333333,0.8549177190968237,0.8363095238095237,0.9275779252194347,0.8823555300420973
205,0.005254558622531626,0.5281150341033936,0.3542410731315613,0.03542410954833031,0.5635391473770142,0.02243020385503769,0.05311272293329239,0.043413493782281876,538,0.8666666666666667,0.8310245310245311,0.8258928571428571,0.917948861934711,0.867020202020202
206,0.005213663678120677,0.531622052192688,0.34622564911842346,0.034622564911842346,0.5662446022033691,0.01050147507339716,0.0425373874604702,0.03667528182268143,538,0.8833333333333333,0.8641025641025641,0.8735119047619048,0.9247075044539667,0.8842307692307693
207,0.005172757547514729,0.5350629687309265,0.32854345440864563,0.0328543446958065,0.5679172873497009,0.04237639904022217,0.023199468851089478,0.039309896528720856,538,0.8666666666666667,0.8510162601626017,0.8630952380952381,0.9256196557198916,0.8673170731707317
208,0.0051318430265934745,0.5255774855613708,0.3218589723110199,0.03218589723110199,0.557763397693634,0.04674649238586426,0.016544818878173828,0.050445202738046646,538,0.85,0.8371794871794872,0.8472222222222222,0.9242783662005359,0.8503205128205129
209,0.005090922911810069,0.5328623056411743,0.32662299275398254,0.032662298530340195,0.5655245780944824,0.016395581886172295,0.007658317219465971,0.01790810190141201,538,0.8166666666666667,0.7902064767736409,0.7837301587301587,0.9241384598106297,0.8162839647914275
210,0.005050000000000001,0.5250226855278015,0.3137359619140625,0.03137359768152237,0.5563963055610657,0.006940004415810108,0.01248779147863388,0.013013115152716637,538,0.8166666666666667,0.7902064767736409,0.7837301587301587,0.9252477518986953,0.8162839647914275
211,0.005009077088189933,0.5309500694274902,0.2767907977104187,0.0276790801435709,0.5586291551589966,0.030332233756780624,0.0272038783878088,0.01055290549993515,538,0.8166666666666667,0.7902064767736409,0.7837301587301587,0.9292001074135507,0.8162839647914275
212,0.004968156973406526,0.5477392673492432,0.26615211367607117,0.026615211740136147,0.5743544697761536,0.01242747437208891,0.02826063148677349,0.006601986009627581,538,0.85,0.8179576521039936,0.8154761904761904,0.9197188097541872,0.8501375859912446
213,0.0049272424524852716,0.5143311023712158,0.27528437972068787,0.027528438717126846,0.5418595671653748,0.0034374711103737354,0.0332021489739418,0.04149235412478447,538,0.8333333333333334,0.8050595238095237,0.8050595238095237,0.9200566968845271,0.8333333333333334
214,0.004886336321879326,0.5362974405288696,0.27405866980552673,0.027405867353081703,0.5637032985687256,0.06045569106936455,0.02992367185652256,0.019533727318048477,538,0.85,0.8293040293040294,0.8154761904761904,0.9203305702421268,0.8492307692307693
215,0.004845441377468376,0.543470025062561,0.27596911787986755,0.027596911415457726,0.5710669159889221,0.031726088374853134,0.03651922196149826,0.02257911115884781,538,0.85,0.8293040293040294,0.8154761904761904,0.9237264798880364,0.8492307692307693
216,0.004804560414367551,0.5188237428665161,0.25990062952041626,0.025990063324570656,0.5448138117790222,0.003944726195186377,0.03641141951084137,0.03190721571445465,538,0.8666666666666667,0.8420224761688176,0.8258928571428571,0.9256915287280852,0.8657475316011902
217,0.004763696226736375,0.5165342688560486,0.26183754205703735,0.026183754205703735,0.5427180528640747,0.0045781731605529785,0.0353693887591362,0.0172482468187809,538,0.8666666666666667,0.8420224761688176,0.8258928571428571,0.9240490085124519,0.8657475316011902
218,0.0047228516075877875,0.5609373450279236,0.25138941407203674,0.025138942524790764,0.5860762596130371,0.03671354800462723,0.02709566242992878,0.032359179109334946,538,0.85,0.8034623629818388,0.7782738095238094,0.9261966795870098,0.8467863932370666
219,0.004682029348597257,0.5457174777984619,0.24901382625102997,0.024901382625102997,0.5706188678741455,0.029239526018500328,0.029974469915032387,0.018849730491638184,538,0.85,0.8034623629818388,0.7782738095238094,0.9263443252240422,0.8467863932370666
220,0.004641232239911956,0.5354841351509094,0.22799605131149292,0.022799605503678322,0.5582837462425232,0.027842972427606583,0.02237769588828087,0.025442887097597122,538,0.8666666666666667,0.8420224761688176,0.8258928571428571,0.9244492295789465,0.8657475316011902
221,0.00460046306996007,0.515945553779602,0.2818007171154022,0.028180072084069252,0.5441256165504456,0.007729449309408665,0.0454687736928463,0.00989504624158144,538,0.85,0.8293040293040294,0.8154761904761904,0.9256352542024713,0.8492307692307693
222,0.00455972462526021,0.5137075781822205,0.26821866631507874,0.026821866631507874,0.5405294299125671,0.009678835049271584,0.03993477672338486,0.00129335792735219,538,0.85,0.8293040293040294,0.8154761904761904,0.9248912065834235,0.8492307692307693
223,0.0045190196902309574,0.5262216329574585,0.2535340487957001,0.025353405624628067,0.5515750646591187,0.03448460251092911,0.027737103402614594,0.01077983621507883,538,0.8333333333333334,0.8050595238095237,0.8050595238095237,0.9232486863677901,0.8333333333333334
224,0.00447835104700055,0.5442888140678406,0.23928861320018768,0.023928862065076828,0.5682176947593689,0.04962441325187683,0.014731491915881634,0.09588725864887238,538,0.8333333333333334,0.8050595238095237,0.8050595238095237,0.920946590315694,0.8333333333333334
225,0.004437721475216731,0.5401475429534912,0.2250661998987198,0.02250662073493004,0.5626541376113892,0.025430144742131233,0.015060121193528175,0.040268488228321075,538,0.85,0.828300803673938,0.8100198412698413,0.929763212634675,0.8489351320321468
226,0.00439713375185676,0.5157876014709473,0.22130241990089417,0.022130241617560387,0.5379178524017334,0.012297209352254868,0.0174811203032732,0.05771126225590706,538,0.85,0.828300803673938,0.8100198412698413,0.9265626439859931,0.8489351320321468
227,0.004356590651037616,0.5186102390289307,0.2307116985321045,0.02307116985321045,0.5416814088821411,0.0077758789993822575,0.012300248257815838,0.05882575362920761,538,0.85,0.828300803673938,0.8100198412698413,0.9269901024028383,0.8489351320321468
228,0.004316094943826382,0.5503997206687927,0.20567826926708221,0.02056782692670822,0.5709675550460815,0.08354804664850235,0.015246326103806496,0.07968553155660629,538,0.85,0.828300803673938,0.8100198412698413,0.9300985800101366,0.8489351320321468
229,0.0042756493980508565,0.5141237378120422,0.2163272202014923,0.0216327216476202,0.5357564687728882,0.002908394206315279,0.005567844491451979,0.010963056236505508,538,0.85,0.828300803673938,0.8100198412698413,0.9212418815897588,0.8489351320321468
230,0.0042352567781103675,0.5131546258926392,0.1981959491968155,0.01981959491968155,0.5329742431640625,0.00279841641895473,0.004086564760655165,0.0033988419454544783,538,0.85,0.828300803673938,0.8100198412698413,0.9189747621351395,0.8489351320321468
231,0.004194919844786831,0.5359494686126709,0.4331279695034027,0.04331279918551445,0.5792622566223145,0.004887457005679607,0.014948266558349133,0.004489705432206392,533,0.8333333333333334,0.8156613034661815,0.7996031746031745,0.9226206974585512,0.8325127447078666
232,0.004154641355056057,0.5283094644546509,0.45059308409690857,0.04505930840969086,0.5733687877655029,0.06880872696638107,0.020530663430690765,0.08424712717533112,533,0.85,0.828300803673938,0.8100198412698413,0.9367044773884396,0.8489351320321468
233,0.004114424061899316,0.5296021699905396,0.4319445490837097,0.04319445416331291,0.572796642780304,0.004740765318274498,0.01941019482910633,0.004399555269628763,533,0.85,0.828300803673938,0.8100198412698413,0.9316505690326445,0.8489351320321468
234,0.004074270714115174,0.5293014049530029,0.43244844675064087,0.043244846165180206,0.5725462436676025,0.029391786083579063,0.020702030509710312,0.028016947209835052,533,0.8333333333333334,0.8142282554047261,0.7941468253968255,0.9294611420201043,0.8318250377073907
235,0.004034184056131611,0.5247113704681396,0.42342233657836914,0.042342234402894974,0.5670536160469055,0.012703643180429935,0.019052889198064804,0.0065871975384652615,533,0.8166666666666667,0.7997613878620745,0.7782738095238096,0.9274960931800554,0.8143685579612352
236,0.003994166827818454,0.5276844501495361,0.42277005314826965,0.042277004569768906,0.569961428642273,0.019956862553954124,0.016870854422450066,0.0028771436773240566,533,0.8166666666666667,0.7997613878620745,0.7782738095238096,0.926850196012932,0.8143685579612352
237,0.003954221764300101,0.5146884918212891,0.41702958941459656,0.041702959686517715,0.5563914775848389,0.013614528812468052,0.016608338803052902,0.03283518925309181,533,0.8333333333333334,0.8142282554047261,0.7941468253968255,0.9284082444459804,0.8318250377073907
238,0.003914351595768582,0.5166438817977905,0.4130037724971771,0.04130037873983383,0.5579442381858826,0.006553939543664455,0.016868682578206062,0.0212536733597517,533,0.85,0.828300803673938,0.8100198412698413,0.9304227884711377,0.8489351320321468
239,0.0038745590472969507,0.5309609174728394,0.41145598888397217,0.041145600378513336,0.5721065402030945,0.005977228283882141,0.017249127849936485,0.025462808087468147,533,0.85,0.828300803673938,0.8100198412698413,0.9336583337172959,0.8489351320321468
240,0.0038348468386530444,0.5331631898880005,0.4052867293357849,0.04052867367863655,0.5736918449401855,0.011629286222159863,0.013781319372355938,0.005397628527134657,533,0.85,0.828300803673938,0.8100198412698413,0.9401848588169344,0.8489351320321468
241,0.0037952176841135675,0.5162968635559082,0.23308007419109344,0.023308007046580315,0.5396048426628113,0.012069609947502613,0.02766587771475315,0.015435470268130302,538,0.85,0.828300803673938,0.8100198412698413,0.942789025483601,0.8489351320321468
242,0.0037556742922785925,0.5156692862510681,0.22993899881839752,0.022993899881839752,0.5386632084846497,0.002090020338073373,0.02551487274467945,0.0010052514262497425,538,0.8333333333333334,0.8156613034661815,0.7996031746031745,0.9440595218897107,0.8325127447078666
243,0.003716219365886423,0.5123101472854614,0.228495255112648,0.02284952625632286,0.5351596474647522,0.005134101957082748,0.02197028510272503,0.0006960451719351113,538,0.8333333333333334,0.8156613034661815,0.7996031746031745,0.9437932677909093,0.8325127447078666
244,0.0036768556016288706,0.5127264857292175,0.2324294149875641,0.02324294112622738,0.5359694361686707,0.0068936157040297985,0.02028829976916313,0.0007117995410226285,538,0.8333333333333334,0.8156613034661815,0.7996031746031745,0.9405577225447508,0.8325127447078666
245,0.00363758568996693,0.5166781544685364,0.2280188947916031,0.02280188910663128,0.5394800305366516,0.003949750680476427,0.018060706555843353,0.0008103778818622231,538,0.8333333333333334,0.8167300238521169,0.8050595238095237,0.9390064534522082,0.8327668455575432
246,0.0035984123149469,0.5111547112464905,0.22161775827407837,0.022161776199936867,0.5333164930343628,0.014714055694639683,0.01402963139116764,0.007492334581911564,538,0.8333333333333334,0.8167300238521169,0.8050595238095237,0.9382274292356839,0.8327668455575432
247,0.003559338154016929,0.5096026062965393,0.21688619256019592,0.021688619628548622,0.5312912464141846,0.0024476947728544474,0.011344769969582558,0.0019158280920237303,538,0.8166666666666667,0.8042698042698042,0.7946428571428571,0.9386694062401609,0.8163188663188663
248,0.003520365877844012,0.5110574960708618,0.23253513872623444,0.023253513500094414,0.5343109965324402,0.005243667867034674,0.00882064737379551,0.0021044739987701178,538,0.8166666666666667,0.8042698042698042,0.7946428571428571,0.9386694062401609,0.8163188663188663
249,0.0034814981501314545,0.5124127268791199,0.21761272847652435,0.021761273965239525,0.5341740250587463,0.00853558350354433,0.005661639850586653,0.0014270937535911798,538,0.8166666666666667,0.8042698042698042,0.7946428571428571,0.9386694062401609,0.8163188663188663
250,0.0034427376274368173,0.5116424560546875,0.22047317028045654,0.022047316655516624,0.5336897969245911,0.005161847919225693,0.00456199049949646,0.001102592097595334,538,0.8166666666666667,0.8042698042698042,0.7946428571428571,0.9386694062401609,0.8163188663188663
251,0.003404086958990339,0.5132378339767456,0.2462031990289688,0.02462032064795494,0.5378581285476685,0.01311133150011301,0.024621507152915,0.0010478930780664086,538,0.8166666666666667,0.8042698042698042,0.7946428571428571,0.9386694062401609,0.8163188663188663
252,0.003365548786513867,0.5272756218910217,0.25526392459869385,0.025526393204927444,0.5528020262718201,0.021966295316815376,0.026052279397845268,0.10862579941749573,538,0.8333333333333334,0.8167300238521169,0.8050595238095237,0.937433886431528,0.8327668455575432
253,0.003327125744040297,0.5089733600616455,0.2523364722728729,0.025233646854758263,0.5342069864273071,0.001086979522369802,0.025772366672754288,0.0008613847894594073,538,0.8333333333333334,0.8167300238521169,0.8050595238095237,0.9377913916534198,0.8327668455575432
254,0.0032888204577335442,0.5145637392997742,0.2533532381057739,0.025335324928164482,0.5398990511894226,0.01835990510880947,0.0260898657143116,0.001758053433150053,538,0.8166666666666667,0.8031746031746033,0.7891865079365079,0.9334475142258162,0.8161538461538462
255,0.0032506355457090426,0.5142273306846619,0.24948403239250183,0.024948403239250183,0.5391757488250732,0.006384427193552256,0.026786336675286293,0.0006689046276733279,538,0.8333333333333334,0.8156613034661815,0.7996031746031745,0.931700064217753,0.8325127447078666
256,0.0032125736178548075,0.5114197134971619,0.24744635820388794,0.024744635447859764,0.5361643433570862,0.013218078762292862,0.02520718425512314,0.002564326161518693,538,0.8333333333333334,0.8156613034661815,0.7996031746031745,0.9281292715844601,0.8325127447078666
257,0.0031746372756530482,0.5151607394218445,0.2418423891067505,0.02418424002826214,0.5393449664115906,0.07136420160531998,0.027446424588561058,0.11150176078081131,538,0.85,0.828300803673938,0.8100198412698413,0.9356029245475,0.8489351320321468
258,0.0031368291120023616,0.5091283321380615,0.23690328001976013,0.023690328001976013,0.5328186750411987,0.0013754431856796145,0.02157966047525406,0.0006729534943588078,538,0.85,0.828300803673938,0.8100198412698413,0.9376174685726572,0.8489351320321468
259,0.0030991517110405113,0.5221413373947144,0.2327786386013031,0.02327786386013031,0.5454192161560059,0.006946794223040342,0.0202485378831625,0.0016917730681598186,538,0.85,0.828300803673938,0.8100198412698413,0.9356170231759854,0.8489351320321468
260,0.0030616076479678023,0.5149747133255005,0.22646306455135345,0.022646306082606316,0.537621021270752,0.019081158563494682,0.01700122095644474,0.0014352286234498024,538,0.85,0.828300803673938,0.8100198412698413,0.9334339555448046,0.8489351320321468
261,0.0030241994888710747,0.5232352018356323,0.22776003181934357,0.022776003926992416,0.546011209487915,0.03447083756327629,0.018613528460264206,0.003977739717811346,538,0.85,0.828300803673938,0.8100198412698413,0.9338059793543284,0.8489351320321468
262,0.0029869297905483136,0.5159056186676025,0.21331723034381866,0.021331723779439926,0.5372373461723328,0.018934987485408783,0.017583979293704033,0.001123062800616026,538,0.8333333333333334,0.8142282554047261,0.7941468253968255,0.9374340064198554,0.8318250377073907
263,0.00294980110033389,0.5125205516815186,0.22524070739746094,0.022524071857333183,0.5350446105003357,0.009659751318395138,0.008976573124527931,0.0014418509090319276,538,0.8333333333333334,0.8142282554047261,0.7941468253968255,0.9394690084548575,0.8318250377073907
264,0.0029128159559244607,0.5097849369049072,0.2225450873374939,0.02225450985133648,0.53203946352005,0.002889250172302127,0.008875598199665546,0.0009375581284984946,538,0.8333333333333334,0.8142282554047261,0.7941468253968255,0.9383179604288094,0.8318250377073907
265,0.0028759768852055175,0.5100849866867065,0.2108604907989502,0.02108605019748211,0.5311710238456726,0.0027180009055882692,0.007299154065549374,0.001185513800010085,538,0.8333333333333334,0.8142282554047261,0.7941468253968255,0.9395884568349192,0.8318250377073907
266,0.002839286406078608,0.5163394212722778,0.21299457550048828,0.0212994571775198,0.5376389026641846,0.009976452216506004,0.005305245518684387,0.007914704270660877,538,0.8333333333333334,0.8142282554047261,0.7941468253968255,0.9406554530375285,0.8318250377073907
267,0.0028027470262892437,0.5241236686706543,0.21741755306720734,0.021741755306720734,0.5458654165267944,0.01895550638437271,0.0042834957130253315,0.016357799991965294,538,0.8333333333333334,0.8142282554047261,0.7941468253968255,0.9411960004530759,0.8318250377073907
268,0.002766361243255496,0.5100498199462891,0.21293707191944122,0.021293707191944122,0.5313435196876526,0.00371781038120389,0.004585799761116505,0.0028873546980321407,538,0.8333333333333334,0.8142282554047261,0.7941468253968255,0.9411960004530759,0.8318250377073907
269,0.002730131543897301,0.5101255178451538,0.21267741918563843,0.021267741918563843,0.53139328956604,0.004905824549496174,0.0040384805761277676,0.0035530368331819773,538,0.8333333333333334,0.8142282554047261,0.7941468253968255,0.9411960004530759,0.8318250377073907
270,0.0026940604044664858,0.5399259924888611,0.20944000780582428,0.020944001153111458,0.5608699917793274,0.01064255926758051,0.0039758626371622086,0.007037743926048279,538,0.85,0.828300803673938,0.8100198412698413,0.940220315367721,0.8489351320321468
271,0.002658150290377515,0.5350106954574585,0.24460868537425995,0.024460868909955025,0.5594715476036072,0.02506297081708908,0.033924415707588196,0.013233892619609833,538,0.85,0.828300803673938,0.8100198412698413,0.9370756612796707,0.8489351320321468
272,0.0026224036560389846,0.5126702785491943,0.2419195920228958,0.02419195882976055,0.5368622541427612,0.0019819580484181643,0.034309130162000656,0.01996123231947422,538,0.85,0.828300803673938,0.8100198412698413,0.939082946011012,0.8489351320321468
273,0.0025868229446858685,0.5142853856086731,0.2450254261493683,0.024502543732523918,0.5387879014015198,0.0037692938931286335,0.03485015407204628,0.0034341642167419195,538,0.85,0.828300803673938,0.8100198412698413,0.9379668745824405,0.8489351320321468
274,0.0025514105882125234,0.5156999826431274,0.23708218336105347,0.023708218708634377,0.5394082069396973,0.007501167245209217,0.03146829828619957,0.0028518459293991327,538,0.85,0.828300803673938,0.8100198412698413,0.9370684019858548,0.8489351320321468
275,0.002516169007006475,0.5232154726982117,0.23588213324546814,0.023588214069604874,0.5468037128448486,0.03843338042497635,0.03191564232110977,0.012026081793010235,538,0.85,0.828300803673938,0.8100198412698413,0.9338678333371728,0.8489351320321468
276,0.0024811006097829845,0.51144939661026,0.2234981805086136,0.02234981767833233,0.5337992310523987,0.006149030290544033,0.029934801161289215,0.010817236267030239,538,0.85,0.828300803673938,0.8100198412698413,0.9339450458259421,0.8489351320321468
277,0.002446207793420422,0.5107373595237732,0.22367966175079346,0.022367967292666435,0.5331053137779236,0.002840915694832802,0.025723563507199287,0.00410424591973424,538,0.85,0.828300803673938,0.8100198412698413,0.9339450458259421,0.8489351320321468
278,0.002411492942796432,0.5091097950935364,0.21679183840751648,0.021679183468222618,0.5307889580726624,0.004205134231597185,0.02330847829580307,0.0034801685251295567,538,0.85,0.828300803673938,0.8100198412698413,0.9340644942060038,0.8489351320321468
279,0.0023769584306249435,0.5135172009468079,0.2172815352678299,0.02172815427184105,0.5352453589439392,0.04296678677201271,0.02106972597539425,0.2935444414615631,538,0.85,0.828300803673938,0.8100198412698413,0.9314185716013546,0.8489351320321468
280,0.0023426066172939877,0.528484582901001,0.20597092807292938,0.020597092807292938,0.5490816831588745,0.003858535783365369,0.015989692881703377,0.015057527460157871,538,0.85,0.828300803673938,0.8100198412698413,0.9325909175555401,0.8489351320321468
281,0.002308439850704377,0.5121146440505981,0.21757552027702332,0.02175755240023136,0.5338721871376038,0.009166835807263851,0.020123383030295372,0.0016973810270428658,538,0.85,0.828300803673938,0.8100198412698413,0.9364621909580636,0.8489351320321468
282,0.002274460466109219,0.5108627080917358,0.22582028806209564,0.022582029923796654,0.5334447622299194,0.004066383466124535,0.019371088594198227,0.002077576005831361,538,0.85,0.828300803673938,0.8100198412698413,0.9334826108116202,0.8489351320321468
283,0.0022406707859543205,0.509455680847168,0.22255226969718933,0.022255226969718933,0.5317109227180481,0.004485213663429022,0.02402542531490326,0.003993563819676638,538,0.85,0.828300803673938,0.8100198412698413,0.9313136418089248,0.8489351320321468
284,0.002207073119719429,0.5132979154586792,0.22990310192108154,0.022990310564637184,0.5362882018089294,0.00601060688495636,0.02585727907717228,0.07428997755050659,538,0.85,0.828300803673938,0.8100198412698413,0.9243083632824199,0.8489351320321468
285,0.0021736697637604056,0.5168108344078064,0.22159530222415924,0.022159529849886894,0.5389703512191772,0.10998088866472244,0.02850988507270813,0.11633072048425674,538,0.85,0.828300803673938,0.8100198412698413,0.9202724958915995,0.8489351320321468
286,0.0021404630011522584,0.5105587244033813,0.23646341264247894,0.023646341636776924,0.5342050790786743,0.0017695368733257055,0.024761727079749107,0.026133226230740547,538,0.85,0.828300803673938,0.8100198412698413,0.920423531198885,0.8489351320321468
287,0.0021074551015331003,0.5095812082290649,0.22438988089561462,0.022438988089561462,0.5320202112197876,0.0016334367683157325,0.025504563003778458,0.001751394011080265,538,0.85,0.828300803673938,0.8100198412698413,0.920763968081185,0.8489351320321468
288,0.0020746483209490257,0.5092766284942627,0.23073381185531616,0.023073380813002586,0.5323500037193298,0.0017340639606118202,0.024322742596268654,0.003652103478088975,538,0.85,0.828300803673938,0.8100198412698413,0.9198654954845992,0.8489351320321468
289,0.002042044901699908,0.5236395597457886,0.22940495610237122,0.02294049598276615,0.5465800762176514,0.03533938527107239,0.024537822231650352,0.024339430034160614,538,0.85,0.828300803673938,0.8100198412698413,0.9212409216831388,0.8489351320321468
290,0.0020096470721861445,0.5092084407806396,0.22899939119815826,0.022899938747286797,0.5321083664894104,0.004244499374181032,0.023184623569250107,0.0005362469237297773,538,0.85,0.828300803673938,0.8100198412698413,0.9212409216831388,0.8489351320321468
291,0.0019774570467563477,0.5089176893234253,0.22361867129802704,0.022361867129802704,0.5312795639038086,0.02651027776300907,0.02703044004738331,0.011257925070822239,538,0.85,0.828300803673938,0.8100198412698413,0.9195634248700286,0.8489351320321468
292,0.001945477025555992,0.5221416354179382,0.23224134743213654,0.023224135860800743,0.5453657507896423,0.03333357721567154,0.024349069222807884,0.007233451586216688,538,0.85,0.828300803673938,0.8100198412698413,0.9190369760829666,0.8489351320321468
293,0.0019137091943770502,0.5093629360198975,0.2215520441532135,0.02215520478785038,0.5315181612968445,0.0008851261809468269,0.024854974821209908,0.0005761801148764789,538,0.85,0.828300803673938,0.8100198412698413,0.9202230007064913,0.8489351320321468
294,0.0018821557245085828,0.5077625513076782,0.2281164675951004,0.0228116475045681,0.5305742025375366,0.00042395899072289467,0.022484194487333298,0.0012674892786890268,538,0.85,0.828300803673938,0.8100198412698413,0.9189525043003816,0.8489351320321468
295,0.0018508187725883422,0.5094267129898071,0.21160449087619781,0.02116044983267784,0.5305871367454529,0.0011839511571452022,0.021392805501818657,0.0005025702412240207,538,0.85,0.828300803673938,0.8100198412698413,0.9192750329247971,0.8489351320321468
296,0.0018197004804553652,0.5118659734725952,0.20979036390781403,0.020979037508368492,0.5328450202941895,0.005891407839953899,0.01975763961672783,0.0007253677467815578,538,0.85,0.828300803673938,0.8100198412698413,0.9178850881386259,0.8489351320321468
297,0.0017888029750035847,0.5150405764579773,0.22274702787399292,0.022274702787399292,0.5373152494430542,0.008383014239370823,0.014698045328259468,0.029178744181990623,538,0.85,0.828300803673938,0.8100198412698413,0.9168705568322314,0.8489351320321468
298,0.0017581283680364525,0.5079007148742676,0.21195629239082336,0.021195629611611366,0.5290963649749756,0.0012757460353896022,0.017020387575030327,0.000536613049916923,538,0.85,0.828300803673938,0.8100198412698413,0.9159055207109453,0.8489351320321468
299,0.0017276787561226095,0.511703372001648,0.20611241459846497,0.020611241459846497,0.5323145985603333,0.008796732872724533,0.017058996483683586,0.0006096817087382078,538,0.85,0.828300803673938,0.8100198412698413,0.9155334969014214,0.8489351320321468
300,0.0016974562204525828,0.5090584754943848,0.2079765945672989,0.02079766057431698,0.5298561453819275,0.0042551071383059025,0.013142179697751999,0.0010353147517889738,538,0.85,0.828300803673938,0.8100198412698413,0.9165863944755454,0.8489351320321468
301,0.0016674628266965387,0.5119449496269226,0.20061945915222168,0.020061945542693138,0.5320069193840027,0.009115544147789478,0.0074151549488306046,0.0007993120234459639,538,0.85,0.828300803673938,0.8100198412698413,0.9156563349517359,0.8489351320321468
302,0.0016377006248631,0.521352231502533,0.19991561770439148,0.019991561770439148,0.5413438081741333,0.021639665588736534,0.008785429410636425,0.000960111035965383,538,0.85,0.828300803673938,0.8100198412698413,0.9145718504503882,0.8489351320321468
303,0.001608171649159226,0.5087856650352478,0.19630596041679382,0.019630596041679382,0.5284162759780884,0.002087170956656337,0.008108841255307198,0.0004377832228783518,538,0.85,0.828300803673938,0.8100198412698413,0.914368350246888,0.8489351320321468
304,0.0015788779178511816,0.5086876153945923,0.20035769045352936,0.020035769790410995,0.5287233591079712,0.00427748030051589,0.008912605233490467,0.0005698197637684643,538,0.85,0.828300803673938,0.8100198412698413,0.9133858258268636,0.8489351320321468
305,0.0015498214331265902,0.5079970359802246,0.20165273547172546,0.020165273919701576,0.5281623005867004,0.0013404375640675426,0.010360118933022022,0.0005445628776215017,538,0.85,0.828300803673938,0.8100198412698413,0.914501897255435,0.8489351320321468
306,0.001521004180957585,0.5098187923431396,0.19176825881004333,0.019176825881004333,0.5289956331253052,0.004562529735267162,0.00845913216471672,0.0006757716764695942,538,0.85,0.828300803673938,0.8100198412698413,0.914501897255435,0.8489351320321468
307,0.001492428130965072,0.5139296650886536,0.19816353917121887,0.019816353917121887,0.5337460041046143,0.18990790843963623,0.012793765403330326,0.11198674887418747,538,0.85,0.828300803673938,0.8100198412698413,0.9181094663111172,0.8489351320321468
308,0.0014640952362841098,0.5096573233604431,0.19762420654296875,0.019762421026825905,0.5294197201728821,0.003332084510475397,0.010011174716055393,0.0009043680038303137,538,0.8666666666666667,0.8420224761688176,0.8258928571428571,0.9202289401287042,0.8657475316011902
309,0.0014360074334304135,0.5097922086715698,0.19844670593738556,0.019844671711325645,0.5296368598937988,0.010273338295519352,0.015104309655725956,0.0007541736122220755,538,0.8666666666666667,0.8420224761688176,0.8258928571428571,0.9201939635312275,0.8657475316011902
310,0.0014081666421679989,0.507271945476532,0.19276019930839539,0.019276021048426628,0.5265479683876038,0.0006872233934700489,0.011037343181669712,0.0007572981994599104,538,0.8666666666666667,0.8420224761688176,0.8258928571428571,0.9225310361808002,0.8657475316011902
311,0.0013805747653779662,0.5082026720046997,0.23979617655277252,0.023979617282748222,0.5321822762489319,0.0014194062678143382,0.039128378033638,0.0014780055498704314,538,0.85,0.8293040293040294,0.8154761904761904,0.9225660127782769,0.8492307692307693
312,0.00135323368892844,0.5097908973693848,0.24462459981441498,0.024462459608912468,0.5342533588409424,0.003946916665881872,0.03730912134051323,0.0049416846595704556,538,0.85,0.8293040293040294,0.8154761904761904,0.9195830429615807,0.8492307692307693
313,0.001326145281545679,0.5082056522369385,0.24233083426952362,0.024233084172010422,0.5324387550354004,0.0005499515682458878,0.036442842334508896,0.0005725821247324347,538,0.8166666666666667,0.8042698042698042,0.7946428571428571,0.921752011964276,0.8163188663188663
314,0.0012993113946863431,0.5092051029205322,0.23204819858074188,0.023204820230603218,0.5324099063873291,0.001904249656945467,0.033666372299194336,0.0008130233036354184,538,0.8166666666666667,0.8042698042698042,0.7946428571428571,0.9217869885617526,0.8163188663188663
315,0.0012727338624109576,0.5076920390129089,0.23093320429325104,0.023093320429325104,0.5307853817939758,0.0008838921785354614,0.033338360488414764,0.0004985377890989184,538,0.8333333333333334,0.8174616303648562,0.810515873015873,0.9211973659202433,0.8326109732561346
316,0.0012464145012585474,0.5096938610076904,0.22648729383945465,0.022648729383945465,0.5323426127433777,0.007712508086115122,0.03156382590532303,0.11809804290533066,538,0.8333333333333334,0.8174616303648562,0.810515873015873,0.9222502634943672,0.8326109732561346
317,0.0012203551101224882,0.5140626430511475,0.21824270486831665,0.021824270486831665,0.5358868837356567,0.007623064331710339,0.03139609470963478,0.005736696068197489,538,0.8333333333333334,0.8174616303648562,0.810515873015873,0.9251632801161103,0.8326109732561346
318,0.001194557470127544,0.5094220042228699,0.21075822412967682,0.021075822412967682,0.5304978489875793,0.008643502369523048,0.02670966647565365,0.0007349213119596243,538,0.8333333333333334,0.8174616303648562,0.810515873015873,0.9259917995177429,0.8326109732561346
319,0.001169023344508143,0.5103139281272888,0.20188255608081818,0.020188255235552788,0.530502200126648,0.005955653730779886,0.022529158741235733,0.000642034166958183,538,0.8333333333333334,0.8174616303648562,0.810515873015873,0.9255847991107425,0.8326109732561346
320,0.0011437544784878525,0.5078546404838562,0.19901011884212494,0.019901013001799583,0.5277556777000427,0.006376523058861494,0.0216071680188179,0.0003534081333782524,538,0.8333333333333334,0.8174616303648562,0.810515873015873,0.9282802169004999,0.8326109732561346
321,0.0011187525991600985,0.507868230342865,0.25978589057922363,0.025978589430451393,0.5338467955589294,0.0012334249913692474,0.012440431863069534,0.0006224230746738613,538,0.8333333333333334,0.8174616303648562,0.810515873015873,0.9269747438969138,0.8326109732561346
322,0.001094019415370123,0.5100778341293335,0.248077392578125,0.02480774000287056,0.534885585308075,0.00842474028468132,0.011629251763224602,0.0007431859849020839,538,0.8333333333333334,0.8174616303648562,0.810515873015873,0.9265677434899134,0.8326109732561346
323,0.0010695566175981828,0.5084366202354431,0.24410700798034668,0.024410700425505638,0.5328473448753357,0.0012923255562782288,0.011610044166445732,0.000480522692669183,538,0.8333333333333334,0.8174616303648562,0.810515873015873,0.9270941922769752,0.8326109732561346
324,0.0010453658778440107,0.5079553127288818,0.2501601278781891,0.02501601353287697,0.5329713225364685,0.0011549497721716762,0.010195947252213955,0.0004689646593760699,538,0.8166666666666667,0.8042698042698042,0.7946428571428571,0.9237042220532787,0.8163188663188663
325,0.0010214488495125353,0.5103080868721008,0.24720513820648193,0.024720514193177223,0.5350285768508911,0.003921327646821737,0.01132582500576973,0.0011273004347458482,538,0.8166666666666667,0.8042698042698042,0.7946428571428571,0.9249747184593883,0.8163188663188663
326,0.0009978071673008729,0.5075360536575317,0.23616288602352142,0.023616289719939232,0.5311523675918579,0.0007607935112901032,0.01229828130453825,0.0003449246578384191,538,0.8166666666666667,0.8042698042698042,0.7946428571428571,0.9248061948533648,0.8163188663188663
327,0.0009744424470865977,0.5301409363746643,0.23853814601898193,0.023853814229369164,0.5539947748184204,0.01964433304965496,0.011496955528855324,0.007811190560460091,538,0.8166666666666667,0.8042698042698042,0.7946428571428571,0.9248411714508413,0.8163188663188663
328,0.0009513562858173009,0.5072490572929382,0.23517446219921112,0.023517446592450142,0.530766487121582,0.001966928830370307,0.012773919850587845,0.00046475394628942013,538,0.8166666666666667,0.8042698042698042,0.7946428571428571,0.9259081676534505,0.8163188663188663
329,0.0009285502614014378,0.5080128908157349,0.23260679841041565,0.023260680958628654,0.5312735438346863,0.0011283477069810033,0.013566672801971436,0.00044524011900648475,538,0.8333333333333334,0.8167300238521169,0.8050595238095237,0.9244516593425791,0.8327668455575432
330,0.0009060259326004838,0.511542558670044,0.2327682226896286,0.02327682264149189,0.5348193645477295,0.04877663403749466,0.01373441331088543,0.0015219899360090494,538,0.8333333333333334,0.8167300238521169,0.8050595238095237,0.9254166954638654,0.8327668455575432
331,0.000883784838922391,0.5078732371330261,0.20749707520008087,0.020749708637595177,0.5286229252815247,0.0025715797673910856,0.026960168033838272,0.0008430795278400183,538,0.8333333333333334,0.8167300238521169,0.8050595238095237,0.9258586724683423,0.8327668455575432
332,0.0008618285005163704,0.5079400539398193,0.2076549530029297,0.02076549641788006,0.5287055373191833,0.0009512935066595674,0.02780238166451454,0.00043238356010988355,538,0.8333333333333334,0.8167300238521169,0.8050595238095237,0.92660272008739,0.8327668455575432
333,0.0008401584180689843,0.5077322721481323,0.20981459319591522,0.020981458947062492,0.5287137031555176,0.0011601954465731978,0.027428723871707916,0.0006050493684597313,538,0.85,0.8293040293040294,0.8154761904761904,0.9269747438969138,0.8492307692307693
334,0.000818776072701583,0.5080220103263855,0.20842404663562775,0.020842405036091805,0.5288644433021545,0.0040506054647266865,0.02611655928194523,0.00045645987847819924,538,0.85,0.8293040293040294,0.8154761904761904,0.923163254678585,0.8492307692307693
335,0.0007976829258690679,0.5074592232704163,0.2004726082086563,0.0200472604483366,0.5275064706802368,0.0013174181804060936,0.027101293206214905,0.000569485651794821,538,0.85,0.8293040293040294,0.8154761904761904,0.9245527795056097,0.8492307692307693
336,0.0007768804192600093,0.5117101669311523,0.20087583363056183,0.020087582990527153,0.5317977666854858,0.001372636528685689,0.02688085287809372,0.0006148568936623633,538,0.85,0.8293040293040294,0.8154761904761904,0.9252827284961719,0.8492307692307693
337,0.0007563699746980984,0.5088273286819458,0.19907169044017792,0.019907169044017792,0.5287345051765442,0.006306526716798544,0.025662021711468697,0.0010386959183961153,538,0.85,0.8293040293040294,0.8154761904761904,0.9252827284961719,0.8492307692307693
338,0.0007361529940449782,0.5074428915977478,0.19138416647911072,0.019138416275382042,0.5265812873840332,0.005157903768122196,0.026485567912459373,0.0010118418140336871,538,0.85,0.8293040293040294,0.8154761904761904,0.9261812010927577,0.8492307692307693
339,0.0007162308591044182,0.521339476108551,0.2022559940814972,0.02022559940814972,0.5415650606155396,0.006418068427592516,0.022913413122296333,0.0006687006098218262,538,0.85,0.8293040293040294,0.8154761904761904,0.9261812010927577,0.8492307692307693
340,0.0006966049315278798,0.5087685585021973,0.19771729409694672,0.01977173052728176,0.528540313243866,0.009963694959878922,0.02296559326350689,0.0005740216583944857,538,0.85,0.8293040293040294,0.8154761904761904,0.9265532249022815,0.8492307692307693
341,0.0006772765527214417,0.5171427726745605,0.20979008078575134,0.020979007706046104,0.53812175989151,0.10631705075502396,0.014655118808150291,0.04109418764710426,538,0.85,0.8293040293040294,0.8154761904761904,0.9265182483048049,0.8492307692307693
342,0.0006582470437541217,0.5084525942802429,0.20858615636825562,0.02085861563682556,0.5293111801147461,0.005570238456130028,0.019413892179727554,0.0005180049338378012,538,0.85,0.8293040293040294,0.8154761904761904,0.9261112478978045,0.8492307692307693
343,0.0006395177052675795,0.5094982981681824,0.2082246094942093,0.02082246169447899,0.5303207635879517,0.0011467259610071778,0.017228631302714348,0.0006119169993326068,538,0.85,0.8293040293040294,0.8154761904761904,0.9264832717073282,0.8492307692307693
344,0.0006210898173872209,0.5095471143722534,0.2006607949733734,0.02006608061492443,0.529613196849823,0.01149671245366335,0.01760171167552471,0.0008979876874946058,538,0.85,0.8293040293040294,0.8154761904761904,0.9264832717073284,0.8492307692307693
345,0.0006029646396347048,0.5070037841796875,0.19985158741474152,0.01998515985906124,0.5269889235496521,0.003415671642869711,0.015143146738409996,0.0004926145193167031,538,0.85,0.8293040293040294,0.8154761904761904,0.9268902721143287,0.8492307692307693
346,0.000585143410841854,0.5102497935295105,0.20497463643550873,0.020497463643550873,0.5307472348213196,0.014960368163883686,0.014992761425673962,0.0018319615628570318,538,0.85,0.8293040293040294,0.8154761904761904,0.9268902721143287,0.8492307692307693
347,0.0005676273490659822,0.5080276131629944,0.20332667231559753,0.020332667976617813,0.5283603072166443,0.0017733429558575153,0.012714630924165249,0.0008788973791524768,538,0.85,0.8293040293040294,0.8154761904761904,0.9272622959238525,0.8492307692307693
348,0.0005504176515066467,0.5071360468864441,0.1967250406742096,0.01967250369489193,0.5268085598945618,0.0023245171178132296,0.013121368363499641,0.0003669508150778711,538,0.85,0.8293040293040294,0.8154761904761904,0.9276343197333764,0.8492307692307693
349,0.0005335154944238117,0.5081087350845337,0.20438677072525024,0.020438676699995995,0.5285474061965942,0.0014693945413455367,0.01303547341376543,0.0007391226245090365,538,0.85,0.8293040293040294,0.8154761904761904,0.9280063435429002,0.8492307692307693
350,0.0005169220330574664,0.5076277256011963,0.19876739382743835,0.019876739010214806,0.5275044441223145,0.0007131632883101702,0.012690543197095394,0.0008237588335759938,538,0.85,0.8293040293040294,0.8154761904761904,0.9287503911619478,0.8492307692307693
351,0.0005006384015486492,0.5084500312805176,0.20077717304229736,0.020077718421816826,0.5285277366638184,0.0013554692268371582,0.011466532945632935,0.0008108364418148994,538,0.85,0.8293040293040294,0.8154761904761904,0.9287503911619478,0.8492307692307693
352,0.00048466571286194553,0.5099363327026367,0.19403530657291412,0.019403530284762383,0.5293398499488831,0.003402219619601965,0.011936659924685955,0.0003930684470105916,538,0.85,0.8293040293040294,0.8154761904761904,0.9300208875680575,0.8492307692307693
353,0.00046900505870941026,0.5076669454574585,0.19381359219551086,0.019381359219551086,0.5270482897758484,0.0011549629271030426,0.010404358617961407,0.0008039167732931674,538,0.85,0.8293040293040294,0.8154761904761904,0.9303929113775813,0.8492307692307693
354,0.00045365750947594944,0.5163694620132446,0.1932467669248581,0.01932467706501484,0.5356941223144531,0.010210810229182243,0.01061275415122509,0.0013916142052039504,538,0.85,0.8293040293040294,0.8154761904761904,0.9303929113775813,0.8492307692307693
355,0.00043862411414616955,0.5176597237586975,0.20062820613384247,0.020062820985913277,0.5377225279808044,0.013951551169157028,0.008457273244857788,0.013981109485030174,538,0.85,0.8293040293040294,0.8154761904761904,0.9303929113775813,0.8492307692307693
356,0.0004239059002326682,0.5078907012939453,0.19485533237457275,0.019485533237457275,0.5273762345314026,0.003242307575419545,0.008664372377097607,0.00048458907986059785,538,0.85,0.8293040293040294,0.8154761904761904,0.9299859109705809,0.8492307692307693
357,0.00040950387370581904,0.5069486498832703,0.19131867587566376,0.019131867215037346,0.5260804891586304,0.0011181050213053823,0.008574627339839935,0.0004708188644144684,538,0.85,0.8293040293040294,0.8154761904761904,0.9299859109705809,0.8492307692307693
358,0.00039541901892500223,0.5078393220901489,0.19712255895137787,0.019712256267666817,0.5275515913963318,0.0006521236500702798,0.00802215188741684,0.0007880104822106659,538,0.85,0.8293040293040294,0.8154761904761904,0.9299859109705809,0.8492307692307693
359,0.00038165229857133195,0.5157712697982788,0.18752141296863556,0.018752140924334526,0.5345234274864197,0.01704465225338936,0.011405065655708313,0.008531412109732628,538,0.85,0.8293040293040294,0.8154761904761904,0.9299509343731042,0.8492307692307693
360,0.00036820465358185857,0.5078215599060059,0.19748729467391968,0.019748730584979057,0.5275703072547913,0.0016093652229756117,0.007540293037891388,0.0006230982253327966,538,0.85,0.8293040293040294,0.8154761904761904,0.9306949819921518,0.8492307692307693
361,0.00035507700308525403,0.5079509019851685,0.1863780915737152,0.01863780990242958,0.5265887379646301,0.0016088676638901234,0.005787644535303116,0.0005162921152077615,538,0.85,0.8293040293040294,0.8154761904761904,0.9311019823991523,0.8492307692307693
362,0.00034227024433899005,0.507587730884552,0.1921759843826294,0.019217599183321,0.5268053412437439,0.0023303471971303225,0.004159039817750454,0.0012396996608003974,538,0.85,0.8293040293040294,0.8154761904761904,0.9311019823991523,0.8492307692307693
363,0.00032978525266801593,0.5098647475242615,0.18884578347206116,0.018884578719735146,0.5287493467330933,0.0008562032599002123,0.004411210305988789,0.0005042727570980787,538,0.85,0.8293040293040294,0.8154761904761904,0.9311019823991523,0.8492307692307693
364,0.0003176228814049297,0.5110687613487244,0.1881454586982727,0.01881454698741436,0.5298833250999451,0.11826882511377335,0.01371848490089178,0.05822619050741196,538,0.85,0.8293040293040294,0.8154761904761904,0.9311019823991523,0.8492307692307693
365,0.0003057839618316491,0.5071239471435547,0.18474842607975006,0.018474843353033066,0.5255987644195557,0.004084340762346983,0.003965109121054411,0.00042309347190894186,538,0.85,0.8293040293040294,0.8154761904761904,0.9311019823991523,0.8492307692307693
366,0.00029426930312260227,0.5069844722747803,0.18831537663936615,0.018831538036465645,0.525816023349762,0.0008337514591403306,0.0036515446845442057,0.0011765961535274982,538,0.85,0.8293040293040294,0.8154761904761904,0.9307299585896285,0.8492307692307693
367,0.00028307969228941415,0.5072192549705505,0.18347454071044922,0.01834745518863201,0.5255666971206665,0.000315613899147138,0.0039213369600474834,0.0009046559571288526,538,0.85,0.8293040293040294,0.8154761904761904,0.9307299585896285,0.8492307692307693
368,0.00027221589412712463,0.5072776675224304,0.18777619302272797,0.018777620047330856,0.5260552763938904,0.003327956423163414,0.0033035778906196356,0.000480071670608595,538,0.85,0.8293040293040294,0.8154761904761904,0.9307299585896285,0.8492307692307693
369,0.0002616786511619041,0.5088895559310913,0.1793414056301117,0.01793414168059826,0.5268236994743347,0.003097907640039921,0.003921609837561846,0.0006098339217714965,538,0.85,0.8293040293040294,0.8154761904761904,0.9307299585896285,0.8492307692307693
370,0.00025146868360031467,0.5091292858123779,0.18059131503105164,0.018059132620692253,0.5271884202957153,0.007101051509380341,0.003529543289914727,0.0008778140763752162,538,0.85,0.8293040293040294,0.8154761904761904,0.9307299585896285,0.8492307692307693
371,0.00024158668928007498,0.5189754366874695,0.17743262648582458,0.017743263393640518,0.5367187261581421,0.02712009660899639,0.0026356864254921675,0.07091876119375229,538,0.85,0.8293040293040294,0.8154761904761904,0.9307299585896285,0.8492307692307693
372,0.00023203334362237158,0.5081417560577393,0.17332401871681213,0.017332402989268303,0.5254741311073303,0.002331272466108203,0.0032570098992437124,0.0006022225134074688,538,0.85,0.8293040293040294,0.8154761904761904,0.9303579347801046,0.8492307692307693
373,0.00022280929958568842,0.5078495740890503,0.17943434417247772,0.017943434417247772,0.5257930159568787,0.001272269757464528,0.0028392791282385588,0.0006439813878387213,538,0.85,0.8293040293040294,0.8154761904761904,0.9303579347801046,0.8492307692307693
374,0.00021391518762118363,0.506968080997467,0.17247223854064941,0.01724722422659397,0.5242152810096741,0.0005801538936793804,0.0023127582389861345,0.0005525209126062691,538,0.85,0.8293040293040294,0.8154761904761904,0.9303579347801046,0.8492307692307693
375,0.00020535161562959536,0.5088779926300049,0.18437032401561737,0.018437033519148827,0.5273150205612183,0.0024447194300591946,0.002379257930442691,0.009066509082913399,538,0.85,0.8293040293040294,0.8154761904761904,0.9303579347801046,0.8492307692307693
376,0.0001971191689196937,0.5084838271141052,0.1839922070503235,0.018399221822619438,0.526883065700531,0.00197525043040514,0.0032601298298686743,0.0006464294856414199,538,0.85,0.8293040293040294,0.8154761904761904,0.9312564073766905,0.8492307692307693
377,0.0001892184101682762,0.5077717900276184,0.17528919875621796,0.017528919503092766,0.5253006815910339,0.0006561744958162308,0.0033008374739438295,0.0012563880300149322,538,0.85,0.8293040293040294,0.8154761904761904,0.9308071710783975,0.8492307692307693
378,0.0001816498793817073,0.5071966648101807,0.17933136224746704,0.017933135852217674,0.5251297950744629,0.0024890610948204994,0.00261026993393898,0.000704679754562676,538,0.85,0.8293040293040294,0.8154761904761904,0.9308071710783975,0.8492307692307693
379,0.00017441409385901422,0.5075060725212097,0.18024620413780212,0.018024621531367302,0.5255306959152222,0.0006828271434642375,0.0024771541357040405,0.0022108927369117737,538,0.85,0.8293040293040294,0.8154761904761904,0.9312564073766904,0.8492307692307693
380,0.00016751154815652453,0.5130509734153748,0.1733751744031906,0.01733751781284809,0.5303884744644165,0.025977153331041336,0.003381541697308421,0.02808789722621441,538,0.85,0.8293040293040294,0.8154761904761904,0.9303579347801046,0.8492307692307693
381,0.0001609427140540686,0.50729900598526,0.18402861058712006,0.018402861431241035,0.5257018804550171,0.0034526423551142216,0.004920681472867727,0.0006444955361075699,538,0.85,0.8293040293040294,0.8154761904761904,0.9308071710783975,0.8492307692307693
382,0.00015470804052273096,0.5085838437080383,0.1777779459953308,0.01777779497206211,0.5263616442680359,0.001220535603351891,0.005913776811212301,0.001294956891797483,538,0.85,0.8293040293040294,0.8154761904761904,0.9303579347801046,0.8492307692307693
383,0.00014880795369416665,0.5081773996353149,0.18050871789455414,0.018050871789455414,0.5262282490730286,0.000494432810228318,0.00705875176936388,0.0006047451752237976,538,0.85,0.8293040293040294,0.8154761904761904,0.929613887161057,0.8492307692307693
384,0.0001432428568314728,0.5094280242919922,0.18824197351932526,0.018824197351932526,0.5282522439956665,0.0029928048606961966,0.004598892293870449,0.0005951077910140157,538,0.85,0.8293040293040294,0.8154761904761904,0.9313336198654595,0.8492307692307693
385,0.00013801313030162716,0.5063520669937134,0.1774006336927414,0.01774006336927414,0.5240921378135681,0.005190655123442411,0.006329027004539967,0.0008286763913929462,538,0.85,0.8293040293040294,0.8154761904761904,0.9308843835671666,0.8492307692307693
386,0.0001331191315494912,0.5074145197868347,0.1728811115026474,0.01728811115026474,0.5247026085853577,0.003620400093495846,0.006131163332611322,0.0010696715908125043,538,0.85,0.8293040293040294,0.8154761904761904,0.9313336198654595,0.8492307692307693
387,0.00012856119507337867,0.506942093372345,0.18015219271183014,0.018015218898653984,0.5249572992324829,0.0008106440072879195,0.00646884273737669,0.0008070087060332298,538,0.85,0.8293040293040294,0.8154761904761904,0.9313336198654595,0.8492307692307693
388,0.0001243396324021935,0.5157688856124878,0.17937304079532623,0.017937304452061653,0.5337061882019043,0.004182701930403709,0.004100409802049398,0.011967213824391365,538,0.85,0.8293040293040294,0.8154761904761904,0.9308843835671666,0.8492307692307693
389,0.00012045473207413647,0.5109394788742065,0.18203358352184296,0.018203359097242355,0.5291428565979004,0.012556628324091434,0.00689345458522439,0.0013834116980433464,538,0.85,0.8293040293040294,0.8154761904761904,0.9308843835671666,0.8492307692307693
390,0.00011690675961698426,0.5088490843772888,0.18769316375255585,0.018769316375255585,0.527618408203125,0.0012764655984938145,0.007381329778581858,0.0009121480397880077,538,0.85,0.8293040293040294,0.8154761904761904,0.9313336198654595,0.8492307692307693
391,0.00011369595752994128,0.5075024366378784,0.18721112608909607,0.018721112981438637,0.5262235403060913,0.0004931332659907639,0.006180268246680498,0.00035272203967906535,538,0.85,0.8293040293040294,0.8154761904761904,0.9309266194584591,0.8492307692307693
392,0.00011082254526706605,0.5092175006866455,0.1763412058353424,0.01763412170112133,0.5268515944480896,0.0030517149716615677,0.007376704830676317,0.0006806114106439054,538,0.85,0.8293040293040294,0.8154761904761904,0.9301053593506424,0.8492307692307693
393,0.00010828671922226878,0.5067830681800842,0.18458648025989532,0.018458647653460503,0.5252417325973511,0.002521313726902008,0.007174915634095669,0.0007376356516033411,538,0.85,0.8293040293040294,0.8154761904761904,0.9301053593506424,0.8492307692307693
394,0.00010608865271589101,0.5220295190811157,0.1807858794927597,0.01807858794927597,0.5401080846786499,0.010272347368299961,0.005720535293221474,0.003555980511009693,538,0.85,0.8293040293040294,0.8154761904761904,0.9305545956489354,0.8492307692307693
395,0.00010422849598285996,0.5062924027442932,0.17996470630168915,0.017996471375226974,0.5242888927459717,0.0004556646745186299,0.005359019618481398,0.0004712968657258898,538,0.85,0.8293040293040294,0.8154761904761904,0.9301053593506424,0.8492307692307693
396,0.00010270637616241606,0.5073495507240295,0.17558921873569489,0.017558922991156578,0.5249084830284119,0.0009392211213707924,0.007680141367018223,0.0005316142342053354,538,0.85,0.8293040293040294,0.8154761904761904,0.9310038319472281,0.8492307692307693
397,0.00010152239728942829,0.5094735026359558,0.17542102932929993,0.017542103305459023,0.5270156264305115,0.02942737378180027,0.008137893863022327,0.0015036303084343672,538,0.85,0.8293040293040294,0.8154761904761904,0.9310038319472281,0.8492307692307693
398,0.00010067664028727843,0.5076498985290527,0.17002969980239868,0.017002969980239868,0.5246528387069702,0.0013042280916124582,0.00828670896589756,0.0008131925715133548,538,0.85,0.8293040293040294,0.8154761904761904,0.9301825718394116,0.8492307692307693
399,0.00010016916296233584,0.5162309408187866,0.18262256681919098,0.018262257799506187,0.5344932079315186,0.024177253246307373,0.005826267413794994,0.009608530439436436,538,0.85,0.8293040293040294,0.8154761904761904,0.9297333355411186,0.8492307692307693
400,0.0001,0.5086255073547363,0.18526886403560638,0.018526887521147728,0.527152419090271,0.0012744518462568521,0.007052916567772627,0.0013636554358527064,538,0.85,0.8293040293040294,0.8154761904761904,0.9301053593506424,0.8492307692307693
