epoch,lr,loss,acc,macro_f1,bacc,macro_auc,weighted_f1,beta_min,beta_max,adapter_gradient_MRI,adapter_gradient_PET,adapter_gradient_CSF,adapter_gradient_Risk,adapter_gradient_COG,adapter_gradient_ROI
1,0.01,3.299787998199463,0.35,0.1728395061728395,0.3333333333333333,0.7816167443231122,0.18148148148148147,1.0,1.0,0.05647261068224907,0.059569064527750015,0.07410436123609543,0.061522066593170166,0.03331673517823219,0.047770317643880844
2,0.01,2.9075231552124023,0.35,0.1728395061728395,0.3333333333333333,0.7219788858939801,0.18148148148148147,0.9962801933288574,1.0037120580673218,0.03401973471045494,0.03239784762263298,0.0323224775493145,0.03484448418021202,0.024996507912874222,0.03038983978331089
3,0.01,5.7705464363098145,0.31666666666666665,0.18693244739756365,0.2033730158730159,0.5437917799356479,0.2905647840531561,0.9926718473434448,1.000553011894226,0.16314896941184998,0.1670331358909607,0.2020035982131958,0.17591004073619843,0.15822076797485352,0.1542971134185791
4,0.01,4.373159408569336,0.5,0.31910569105691056,0.34970238095238093,0.5544514829597377,0.4064024390243902,0.9893324971199036,0.9976108074188232,0.07635990530252457,0.06514837592840195,0.06333255022764206,0.07524238526821136,0.0637301430106163,0.07002925127744675
5,0.01,5.694603443145752,0.5333333333333333,0.2318840579710145,0.3333333333333333,0.5671666460286743,0.3710144927536232,0.9854094386100769,0.9954876899719238,0.13690508902072906,0.11094678193330765,0.10841724276542664,0.11186793446540833,0.07232915610074997,0.13255196809768677
6,0.01,5.528167724609375,0.5833333333333334,0.48971193415637854,0.625,0.7485102249253193,0.45946502057613164,0.9820778965950012,0.9934144020080566,0.017412688583135605,0.014924049377441406,0.011022858321666718,0.012289413250982761,0.019083907827734947,0.013787365518510342
7,0.01,3.4824163913726807,0.5833333333333334,0.48971193415637854,0.625,0.8017518055843528,0.45946502057613164,0.9791345000267029,0.9916847944259644,0.01410418190062046,0.012887313961982727,0.011705643497407436,0.012324797920882702,0.011452268809080124,0.01260302308946848
8,0.01,7.98363733291626,0.5833333333333334,0.48293172690763053,0.5877976190476191,0.7753981092719299,0.46019076305220885,0.9765764474868774,0.9901271462440491,0.056220825761556625,0.028819404542446136,0.02699151821434498,0.029108986258506775,0.02900388278067112,0.0299916360527277
9,0.01,3.978119134902954,0.5833333333333334,0.48293172690763053,0.5877976190476191,0.7861527830572642,0.46019076305220885,0.9741114974021912,0.988466203212738,0.039663951843976974,0.019956959411501884,0.01874985732138157,0.01985839568078518,0.020897425711154938,0.0200809296220541
10,0.01,2.631052017211914,0.5833333333333334,0.47338935574229696,0.5505952380952381,0.794598461461669,0.4598039215686275,0.9717016816139221,0.9870210289955139,0.004528312012553215,0.0037369045894593,0.003688215743750334,0.003845589468255639,0.004559472668915987,0.0046222880482673645
11,0.01,6.285425186157227,0.6,0.4967203339296362,0.5610119047619048,0.7884080236674578,0.4742397137745975,0.9698054790496826,0.9860647320747375,0.03705755993723869,0.029439318925142288,0.02965559810400009,0.030693992972373962,0.030317924916744232,0.030166344717144966
12,0.01,5.997290134429932,0.6,0.4967203339296362,0.5610119047619048,0.7932588517788991,0.4742397137745975,0.9684575200080872,0.9855489730834961,0.02714483067393303,0.021357981488108635,0.022772185504436493,0.022627854719758034,0.021455906331539154,0.021358171477913857
13,0.01,3.8868870735168457,0.48333333333333334,0.5277777777777778,0.6026785714285715,0.802305071762619,0.3902777777777778,0.967384934425354,0.9851575493812561,0.0050520459190011024,0.004658767022192478,0.0046293591149151325,0.004817275330424309,0.004777055699378252,0.00493749650195241
14,0.01,3.633767604827881,0.4666666666666667,0.5076538377908241,0.5922619047619048,0.8091618647337988,0.3595444661883018,0.9664498567581177,0.9847800135612488,0.006068666465580463,0.0037058722227811813,0.004097846336662769,0.003916256595402956,0.003942626994103193,0.004001953173428774
15,0.01,3.2744979858398438,0.48333333333333334,0.5091489105573613,0.6026785714285715,0.8288568688038028,0.38567473215360537,0.9658669233322144,0.9846275448799133,0.007129250094294548,0.004365989938378334,0.004670532885938883,0.004744608420878649,0.005123777315020561,0.0045621516183018684
16,0.01,2.787501811981201,0.6833333333333333,0.7036558213028802,0.7222222222222222,0.8210366295566768,0.6743841126194068,0.9656245112419128,0.9847140908241272,0.0052353632636368275,0.0028681145049631596,0.0029188126791268587,0.003465636633336544,0.004252882674336433,0.0031552917789667845
17,0.01,3.6497104167938232,0.6166666666666667,0.5229885057471265,0.5714285714285715,0.8245247502322974,0.48955938697318013,0.9654415845870972,0.9847875237464905,0.012810470536351204,0.006658109370619059,0.006927743088454008,0.00708405626937747,0.005949968006461859,0.00691177835687995
18,0.01,3.731917142868042,0.6,0.4967203339296362,0.5610119047619048,0.8245247502322973,0.4742397137745975,0.965340256690979,0.9848576784133911,0.009751205332577229,0.005215840879827738,0.005932850297540426,0.006087200250476599,0.005564001854509115,0.00601182971149683
19,0.01,2.867729425430298,0.6,0.4967203339296362,0.5610119047619048,0.8258302232358835,0.4742397137745975,0.9653270840644836,0.984965980052948,0.002561044180765748,0.0014930597972124815,0.0016246564919129014,0.0016109966672956944,0.001627557328902185,0.0015083536272868514
20,0.01,2.965528964996338,0.6,0.4967203339296362,0.5610119047619048,0.8222363328495405,0.4742397137745975,0.9655108451843262,0.9851797223091125,0.0019314667442813516,0.0015726108103990555,0.00157507648691535,0.001628695405088365,0.00186766660772264,0.0017478711670264602
21,0.009999830837037664,3.0444164276123047,0.5833333333333334,0.4597701149425288,0.5133928571428571,0.8226083566590643,0.4578544061302682,0.9658982753753662,0.9855015277862549,0.0026334766298532486,0.0018277725903317332,0.00213611195795238,0.0018045399338006973,0.0023556461092084646,0.0020731757394969463
22,0.009999323359712722,2.6994006633758545,0.6,0.48484848484848486,0.5238095238095238,0.8142548892843705,0.4727272727272727,0.9664919972419739,0.9859433770179749,0.0020117799285799265,0.0013716656249016523,0.0014532471541315317,0.0014187918277457356,0.0020652846433222294,0.0015391339547932148
23,0.009998477602710573,3.1177868843078613,0.5833333333333334,0.43970037453183525,0.4761904761904762,0.8280324889994702,0.4535205992509363,0.9671446681022644,0.986377477645874,0.003364752745255828,0.002129599452018738,0.0027359987143427134,0.00197658222168684,0.0023538153618574142,0.002467653015628457
24,0.009997293623837585,3.483118772506714,0.6,0.48484848484848486,0.5238095238095238,0.8485210358736303,0.4727272727272727,0.9678451418876648,0.9868035316467285,0.0042364089749753475,0.002410503104329109,0.0028785201720893383,0.002443414879962802,0.0024744789116084576,0.0027981007006019354
25,0.00999577150401714,2.8025898933410645,0.6166666666666667,0.5229885057471265,0.5714285714285715,0.8513000855276799,0.48955938697318013,0.9685981273651123,0.9872233271598816,0.0022907345555722713,0.0015401486307382584,0.0017355452291667461,0.0014691727701574564,0.0016681040870025754,0.0018052736995741725
26,0.009993911347284109,2.214040756225586,0.6,0.4967203339296362,0.5610119047619048,0.8301656414863962,0.4742397137745975,0.9694432020187378,0.9876416921615601,0.00025397707941010594,0.0002894523786380887,0.00026932242326438427,0.00026303724735043943,0.0007063469965942204,0.0002524087904021144
27,0.009991713280777732,2.5188817977905273,0.5333333333333333,0.34848484848484845,0.4077380952380952,0.7946708744173367,0.40606060606060607,0.9703692197799683,0.98809415102005,0.0010752748930826783,0.0010101833613589406,0.0010869370307773352,0.0009876583935692906,0.0012536953436210752,0.0011191965313628316
28,0.009989177454732934,2.74128794670105,0.5833333333333334,0.47338935574229696,0.5505952380952381,0.8217286622357377,0.4598039215686275,0.9713691473007202,0.9885826110839844,0.0014174978714436293,0.0013581645907834172,0.0017030168091878295,0.0012718288926407695,0.0014326057862490416,0.0016553659224882722
29,0.00998630404247006,2.471370220184326,0.6166666666666667,0.5518972469224812,0.5143849206349206,0.8276160695087581,0.6013591818206093,0.9724361300468445,0.9891053438186646,0.00130103447008878,0.0012432282092049718,0.001491869566962123,0.001336085144430399,0.001277056522667408,0.0013113097520545125
30,0.009983093240383016,2.218364715576172,0.6833333333333333,0.6797385620915032,0.753968253968254,0.8352867433056111,0.6732026143790849,0.973511815071106,0.9896228313446045,0.00024712717276997864,0.00022245352738536894,0.0002340024511795491,0.00021383310377132148,0.00025809783255681396,0.00025585605180822313
31,0.009979545267925863,2.194540500640869,0.6666666666666666,0.6055326634376732,0.5947420634920635,0.8373278047511539,0.6522205354345888,0.9746530055999756,0.9901866316795349,0.00022781155712436885,0.00021001907589379698,0.00022534382878802717,0.0002481055853422731,0.0002725972153712064,0.00028599859797395766
32,0.009975660367597807,2.220271587371826,0.65,0.6368798885674488,0.6686507936507936,0.8485293150682301,0.6516875602700096,0.9758621454238892,0.9907886981964111,0.0003064241318497807,0.00028541235951706767,0.00029071164317429066,0.0002620799350552261,0.00027419012621976435,0.0003139784384984523
33,0.009971438804926623,2.1052026748657227,0.6833333333333333,0.691609977324263,0.7058531746031745,0.8718115501723993,0.6817460317460317,0.9771470427513123,0.9914419054985046,0.00026007930864579976,0.00019881936896126717,0.0002244274946860969,0.0002508872712496668,0.0003072440158575773,0.00030162319308146834
34,0.00996688086845051,2.112675666809082,0.6666666666666666,0.5611111111111111,0.5347222222222222,0.8577225807473449,0.6333333333333333,0.9784130454063416,0.9920394420623779,0.00016821814642753452,0.00021487036428879946,0.00028158759232610464,0.00019878808234352618,0.0002816147461999208,0.00020327021775301546
35,0.009961986869698373,2.161527633666992,0.6666666666666666,0.6636015325670498,0.6800595238095237,0.8677397462774822,0.6512260536398468,0.9796506762504578,0.9925910830497742,0.0002887088048737496,0.0002558199630584568,0.0002802303934004158,0.0002255557046737522,0.0002862738911062479,0.00024200558254960924
36,0.009956757143168527,2.1313846111297607,0.6333333333333333,0.629567901234568,0.685515873015873,0.8642224684382703,0.6178796296296297,0.9809884428977966,0.9932361245155334,0.0003283685364294797,0.00033611920662224293,0.0003087755758315325,0.0003018390270881355,0.00031413164106197655,0.00036912254290655255
37,0.009951192046305833,2.0849599838256836,0.7,0.6840909090909091,0.7108134920634921,0.8530260576251143,0.7007954545454546,0.9823734164237976,0.993930459022522,0.0004574968770612031,0.0004037369799334556,0.00042746737017296255,0.0004110381123609841,0.0004630124312825501,0.0005097870016470551
38,0.009945291959477269,1.9424562454223633,0.55,0.3655430711610487,0.41815476190476186,0.8346571045568686,0.4182022471910113,0.9836764335632324,0.9945698380470276,0.0001801690668798983,0.00016416104335803539,0.0001595525536686182,0.00017481461691204458,0.00014912891492713243,0.00015607451496180147
39,0.009939057285945933,2.133017063140869,0.65,0.632380543018841,0.6850198412698413,0.8519653008155368,0.6477032738734867,0.9849802851676941,0.9952181577682495,0.00017555878730490804,0.0001531570014776662,0.00018617785826791078,0.00016763464373070747,0.00028745271265506744,0.00015949548105709255
40,0.009932488451843476,1.9578514099121094,0.65,0.6238383838383839,0.6532738095238094,0.8731066441856536,0.6439191919191919,0.9863242506980896,0.9959266185760498,0.0006714033079333603,0.0006049126968719065,0.0004826452932320535,0.0005517418030649424,0.0006614724989049137,0.0006086108624003828
41,0.009925585906140986,1.882000207901001,0.7333333333333333,0.6404761904761904,0.6145833333333334,0.8527087484929466,0.7205952380952382,0.9875379204750061,0.996584951877594,0.0009580723708495498,0.0008917216910049319,0.0009393027285113931,0.0008899703389033675,0.0008660594467073679,0.0007994974730536342
42,0.009918350120618293,1.952836036682129,0.6333333333333333,0.6249018125768826,0.6746031746031745,0.8728044535827554,0.6275339765535844,0.9886605739593506,0.9971727728843689,0.0006007020128890872,0.0006097396835684776,0.00044827620149590075,0.0005510864430107176,0.0007866981322877109,0.00047536141937598586
43,0.009910781589831726,1.8968071937561035,0.6666666666666666,0.6582098765432098,0.7008928571428571,0.8788480856582273,0.660719135802469,0.9897469878196716,0.997800886631012,0.000579439802095294,0.00046452111564576626,0.0004427240928635001,0.0005017769290134311,0.0007189724710769951,0.0004850137047469616
44,0.009902880831080306,1.7748907804489136,0.7666666666666667,0.754692760942761,0.720734126984127,0.8965295056096942,0.7659595959595958,0.9908939599990845,0.9985045194625854,0.0004071881412528455,0.00047481770161539316,0.0005127170588821173,0.0005051108892075717,0.0005962301511317492,0.00047187175368890166
45,0.009894648384370404,1.7506928443908691,0.8,0.7385385385385385,0.6879960317460316,0.8970005197894348,0.7890690690690689,0.9919531345367432,0.9992734789848328,0.0013204308925196528,0.0015307706780731678,0.001293374691158533,0.0013234042562544346,0.001790869515389204,0.0011870176531374454
46,0.009886084812378817,2.0125718116760254,0.7333333333333333,0.6671982987772461,0.6299603174603174,0.8774599406969691,0.7180223285486443,0.9928679466247559,0.9996429085731506,0.0032735406421124935,0.0033655345905572176,0.003005851758643985,0.003223484382033348,0.0047838687896728516,0.0028175078332424164
47,0.009877190700414313,1.752279281616211,0.6833333333333333,0.6805555555555555,0.7058531746031745,0.8745691819099838,0.68125,0.9936004877090454,0.999772310256958,0.0009799874387681484,0.0006347511080093682,0.0007448772084899247,0.0007349852821789682,0.0012005021562799811,0.0006102430052123964
48,0.00986796665637763,1.8162503242492676,0.6666666666666666,0.6678004535147393,0.6954365079365079,0.8483648710653428,0.6634920634920635,0.9944934248924255,1.0001821517944336,0.00214314553886652,0.0020751305855810642,0.0017053477931767702,0.0021200862247496843,0.0026193868834525347,0.0017631093505769968
49,0.009858413310719925,1.767420768737793,0.6666666666666666,0.6353329210472066,0.621031746031746,0.8174311003025626,0.6620490620490621,0.9955368638038635,1.0008031129837036,0.0014493860071524978,0.0014834945322945714,0.0012347284937277436,0.0015277954516932368,0.0017531070625409484,0.0012884377501904964
50,0.009848531316399685,1.5860064029693604,0.7333333333333333,0.6742424242424242,0.6626984126984127,0.7900424446709824,0.7287878787878788,0.9965649843215942,1.0014067888259888,0.0004451503336895257,0.00036386173451319337,0.0003368582692928612,0.00042464229045435786,0.00047554029151797295,0.00029434674070216715
51,0.009838321348838096,1.6267502307891846,0.75,0.7155067155067155,0.704861111111111,0.8463916030248578,0.7487179487179486,0.9974013566970825,1.0017504692077637,0.0014867812860757113,0.0014870035229250789,0.0012801504926756024,0.0013710078783333302,0.0015763661358505487,0.0013008753303438425
52,0.009827784105872876,1.5121381282806396,0.75,0.7427693079866993,0.7103174603174603,0.8651318599726618,0.7498933433716043,0.9981920123100281,1.0021138191223145,0.000356352305971086,0.0003310448082629591,0.00027133821276947856,0.0003814000519923866,0.00046106308582238853,0.0004484772216528654
53,0.009816920307710586,1.6684802770614624,0.7166666666666667,0.7167642814701639,0.7375992063492064,0.8754773735611,0.712602495543672,0.9989814758300781,1.0027214288711548,0.0024602802004665136,0.002216959837824106,0.0017876730998978019,0.002327552530914545,0.0031759035773575306,0.0020999861881136894
54,0.0098057306968774,1.4544322490692139,0.7166666666666667,0.6919421751923535,0.689484126984127,0.8970116787038958,0.7151899775206974,0.9997718334197998,1.0034422874450684,0.0003873127861879766,0.0004677925899159163,0.0005882499972358346,0.0004839336033910513,0.0005218220758251846,0.0005181147716939449
55,0.009794216038168352,1.3897310495376587,0.7666666666666667,0.66000091000091,0.6354166666666666,0.8865028010075179,0.7558376558376558,1.0003260374069214,1.0038795471191406,0.0010948933195322752,0.001097856555134058,0.0010835739085450768,0.0011746251257136464,0.0015878231497481465,0.0014548819744959474
56,0.009782377118595071,1.3607839345932007,0.75,0.7101086048454469,0.7420634920634921,0.877055400050683,0.7624895572263992,1.0007402896881104,1.004241943359375,0.0006648104754276574,0.0004817196459043771,0.0004224436415825039,0.0005350050632841885,0.0007019854965619743,0.00047039613127708435
57,0.009770214747331984,1.413596749305725,0.8166666666666667,0.756616000942618,0.714781746031746,0.8915501699994625,0.8085530811829857,1.0010956525802612,1.0047838687896729,0.0014508611056953669,0.0016712869983166456,0.0012542904587462544,0.0015632091090083122,0.002659480320289731,0.0015311107272282243
58,0.009757729755661011,1.3308335542678833,0.8,0.7787698412698413,0.7787698412698413,0.907828326460402,0.8,1.001473307609558,1.0056148767471313,0.001053983229212463,0.0012715155025944114,0.0008687065565027297,0.0008946864400058985,0.00241822749376297,0.00106146524194628
59,0.009744922996914747,1.1876771450042725,0.7666666666666667,0.7305657117292235,0.7579365079365079,0.9088317288494174,0.7717745792258681,1.0018597841262817,1.0062742233276367,0.0009937023278325796,0.001001099357381463,0.0007583904080092907,0.0007606963627040386,0.0012123881606385112,0.0010618342785164714
60,0.00973179534641814,1.155430555343628,0.7833333333333333,0.743962029256147,0.7683531746031745,0.9055313299122262,0.7894078742608154,1.0022473335266113,1.006985068321228,0.0004896967438980937,0.00043319331598468125,0.00043856026604771614,0.0005135192768648267,0.0006351869087666273,0.00057485286379233
61,0.009718347701428667,1.0849242210388184,0.7666666666666667,0.6865578865578866,0.683531746031746,0.9074188062985232,0.771996891996892,1.0025622844696045,1.0080841779708862,0.0016272235661745071,0.001529959379695356,0.0012746343854814768,0.001328133512288332,0.0031634769402444363,0.0014366081450134516
62,0.009704580981074998,1.0755163431167603,0.75,0.6756901634950415,0.6731150793650794,0.9180257144584975,0.7505003126954347,1.0028691291809082,1.0098978281021118,0.0010179700329899788,0.0012800866970792413,0.0006735364440828562,0.000757748493924737,0.0031770775094628334,0.0011788842966780066
63,0.009690496126294182,1.0980236530303955,0.8166666666666667,0.7601821090193184,0.7628968253968255,0.9297759313973937,0.8161806324597022,1.0031137466430664,1.0101300477981567,0.002731126267462969,0.0027063058223575354,0.0020886643324047327,0.0031997421756386757,0.008001781068742275,0.0030324708204716444
64,0.009676094099767331,0.9922255277633667,0.7833333333333333,0.7340962224683154,0.7366071428571428,0.9268620748573578,0.7829703457610434,1.0034687519073486,1.0098153352737427,0.0012042868183925748,0.0011133436346426606,0.0008341153152287006,0.001116650179028511,0.002790230792015791,0.0011228322982788086
65,0.009661375885853831,0.9658564329147339,0.8166666666666667,0.7824786324786325,0.7891865079365079,0.9168243313290483,0.818354700854701,1.003790259361267,1.0103647708892822,0.0021060844883322716,0.0019474709406495094,0.001704848138615489,0.0018227676628157496,0.004776449408382177,0.0019769303034991026
66,0.00964634249052405,0.9093606472015381,0.8,0.762878787878788,0.7896825396825397,0.9212179439184155,0.8018560606060606,1.0037732124328613,1.0114060640335083,0.001164960558526218,0.0007491419673897326,0.000710104766767472,0.0009182153735309839,0.0028534193988889456,0.0011364042293280363
67,0.009630994941290591,0.9771337509155273,0.7833333333333333,0.7497018204645324,0.779265873015873,0.9244467098240684,0.7842914312617704,1.0035735368728638,1.011995792388916,0.0016580516239628196,0.0019496490713208914,0.0016839002491906285,0.0016185904387384653,0.0036520021967589855,0.0019519401248544455
68,0.009615334287138054,0.9390826225280762,0.85,0.8095238095238094,0.8209325396825397,0.934892053701016,0.8515873015873014,1.003204345703125,1.0120571851730347,0.0018494486575946212,0.0018568651285022497,0.0015386617742478848,0.0016794995171949267,0.00516649940982461,0.0020395773462951183
69,0.00959936159845135,0.8277814388275146,0.8333333333333334,0.7733044733044734,0.7678571428571428,0.9341966613487841,0.8341919191919193,1.0026646852493286,1.0139644145965576,0.0008858717628754675,0.0004923061351291835,0.0005121572758071125,0.0008416324271820486,0.00319129996933043,0.0007085000979714096
70,0.009583077966942534,0.8383787274360657,0.85,0.7938949938949939,0.7837301587301587,0.9331156865060167,0.847948717948718,1.002048134803772,1.0167319774627686,0.0013650732580572367,0.0011930185137316585,0.00107532215770334,0.0013261784333735704,0.0044078947976231575,0.0010303771123290062
71,0.009566484505576189,0.8094903230667114,0.8333333333333334,0.7894905273937532,0.810515873015873,0.9254730899778071,0.8368951612903227,1.0012470483779907,1.021010160446167,0.0010117810452356935,0.0009119916358031332,0.0010534118628129363,0.0009059028816409409,0.0044156527146697044,0.0013434771681204438
72,0.009549582348493355,0.785047173500061,0.85,0.8029907084785134,0.8209325396825397,0.9204755761359534,0.8544497677119628,1.0005617141723633,1.026157021522522,0.0005880466778762639,0.0011816717451438308,0.0006062047323212028,0.0007468015537597239,0.005678721237927675,0.0007310724467970431
73,0.009532372650934018,0.8032934665679932,0.8833333333333333,0.8549177190968237,0.8363095238095237,0.9201309096651077,0.8823555300420973,0.9999271035194397,1.0321413278579712,0.0012945584021508694,0.0016204322455450892,0.0004752524255309254,0.0010322025045752525,0.003426681272685528,0.0013385465135797858
74,0.009514856589158148,0.7783451080322266,0.8666666666666667,0.8310245310245311,0.8258928571428571,0.9125498071547599,0.867020202020202,0.9991785883903503,1.037959098815918,0.0010126014240086079,0.0008579704444855452,0.0004898408660665154,0.0007076928741298616,0.011061111465096474,0.0014682067558169365
75,0.009497035360365296,0.7390291690826416,0.8166666666666667,0.7830687830687829,0.7946428571428571,0.9208041641709096,0.8179894179894179,0.9988099336624146,1.0442813634872437,0.0022019697353243828,0.002185668097808957,0.0017707528313621879,0.002440421376377344,0.012125345878303051,0.0030479971319437027
76,0.00947891018261278,0.7176117300987244,0.8166666666666667,0.7830687830687829,0.7946428571428571,0.9216607608411854,0.8179894179894179,0.9983259439468384,1.0506929159164429,0.0005052399937994778,0.0010565799893811345,0.0011887571308761835,0.0010978737846016884,0.009435394778847694,0.0009145693620666862
77,0.00946048229473242,0.7197195291519165,0.8166666666666667,0.7830687830687829,0.7946428571428571,0.9195967216309198,0.8179894179894179,0.997880220413208,1.0577276945114136,0.0005529345944523811,0.0006971843540668488,0.0005686686490662396,0.0007630260661244392,0.010867397300899029,0.0007762420573271811
78,0.009441752956245879,0.6711451411247253,0.8333333333333334,0.7961551490514905,0.8050595238095237,0.9170994045699233,0.8350948509485094,0.9972845315933228,1.0642491579055786,0.003864035475999117,0.00488506443798542,0.0019043933134526014,0.0030917830299586058,0.010455429553985596,0.001362502109259367
79,0.009422723447278559,0.6916006207466125,0.8333333333333334,0.7961551490514905,0.8050595238095237,0.9168544483992598,0.8350948509485094,0.9963532090187073,1.0711371898651123,0.0020672318059951067,0.0015157755697146058,0.0013794770929962397,0.001999812200665474,0.00890691764652729,0.001856184215284884
80,0.00940339506847212,0.685413122177124,0.8166666666666667,0.7600821942285357,0.7574404761904762,0.9232341677801584,0.8170606629143216,0.9954115152359009,1.076852798461914,0.0006709505105391145,0.0012175878509879112,0.001052080886438489,0.00044401982449926436,0.006181286182254553,0.0007072330336086452
81,0.009383769140895582,0.6486191749572754,0.8166666666666667,0.7600821942285357,0.7574404761904762,0.9234380879428049,0.8170606629143216,0.9947636723518372,1.0821294784545898,0.001426749979145825,0.00034784377203322947,0.00036337217898108065,0.0004881771747022867,0.0063982936553657055,0.0006958190351724625
82,0.009363847005955023,0.6608789563179016,0.8166666666666667,0.7601821090193184,0.7628968253968255,0.8903088307569439,0.8161806324597022,0.9941944479942322,1.0883548259735107,0.0015340573154389858,0.0009137438028119504,0.001147236442193389,0.001130252843722701,0.014236126095056534,0.0009075653506442904
83,0.009343630025301902,0.668667197227478,0.7666666666666667,0.7212679793324955,0.7261904761904762,0.8982184013139202,0.7659335288367546,0.9937475919723511,1.095258355140686,0.00027039932319894433,0.00034749205224215984,0.00046273512998595834,0.0005422360845841467,0.011965960264205933,0.0002138785639544949
84,0.00932311958073999,0.7350645065307617,0.8333333333333334,0.7733044733044734,0.7678571428571428,0.9095733767019144,0.8341919191919193,0.9933596253395081,1.1003748178482056,0.0012935756240040064,0.001509719411842525,0.001681649242527783,0.000857252802234143,0.018562767654657364,0.0010346771450713277
85,0.009302317074130931,0.799127459526062,0.8333333333333334,0.7682983682983684,0.7678571428571428,0.916352477231015,0.837824397824398,0.9930436611175537,1.1045210361480713,0.0007317985873669386,0.0010210996260866523,0.0009750332101248205,0.0010882910573855042,0.01677396520972252,0.0011185862822458148
86,0.009281223927298419,0.614475429058075,0.8666666666666667,0.8070005874883924,0.7941468253968255,0.8973444063361518,0.8648719843841797,0.9929185509681702,1.1090424060821533,0.00038345137727446854,0.0002057446981780231,9.629865235183388e-05,0.0001430333941243589,0.004831358790397644,0.00038294013938866556
87,0.009259841581931017,0.6944152116775513,0.8,0.72533894343151,0.720734126984127,0.9034086164097958,0.7927886863020103,0.9928836822509766,1.114341378211975,0.0014054926577955484,0.0012909483630210161,0.0020670394878834486,0.0015540876192972064,0.03403317928314209,0.0014104739530012012
88,0.00923817149948363,0.7337571382522583,0.7666666666666667,0.7000000000000001,0.6999007936507936,0.9080555243585904,0.7588888888888888,0.9929457902908325,1.120309829711914,0.0019974526949226856,0.001959392800927162,0.0022698603570461273,0.0022059979382902384,0.049352385103702545,0.001990108983591199
89,0.00921621516107761,0.6869064569473267,0.7833333333333333,0.7126496918962911,0.7103174603174603,0.8966005986937592,0.7758778049064062,0.9930252432823181,1.1260135173797607,0.0011547860922291875,0.000649910478387028,0.0008537819376215339,0.0019374877447262406,0.00902461912482977,0.00047997874207794666
90,0.009193974067399517,0.6673290133476257,0.7833333333333333,0.6901771336553946,0.6676587301587302,0.9096219119804027,0.7676489533011274,0.9929531812667847,1.1284785270690918,0.00247203535400331,0.0022165447007864714,0.0020949149038642645,0.0011123309377580881,0.035795532166957855,0.0018500874284654856
91,0.009171449738598562,0.6662085056304932,0.85,0.7395905221992178,0.7093253968253969,0.921926654975004,0.8322866344605475,0.9928928017616272,1.1295597553253174,0.0009802539134398103,0.001059992704540491,0.0014840299263596535,0.0009752482292242348,0.0428052693605423,0.001159201841801405
92,0.009148643714182699,0.779171884059906,0.85,0.7716732542819499,0.7410714285714285,0.926229736371246,0.8424044795783926,0.9930641651153564,1.132833480834961,0.0030156204011291265,0.0018112435936927795,0.0018590984400361776,0.002029437106102705,0.036739543080329895,0.002168754581362009
93,0.009125557552913402,0.6917024850845337,0.8333333333333334,0.7809943938976197,0.7787698412698413,0.9336906705715667,0.8302178108629721,0.9934318661689758,1.1370429992675781,0.003450554795563221,0.0016008202219381928,0.0016652281628921628,0.0016054974403232336,0.021291349083185196,0.0014555971138179302
94,0.009102192832699127,0.6676256656646729,0.8166666666666667,0.7832637353639565,0.8055555555555555,0.942710493123229,0.8160239089494801,0.9938509464263916,1.1408690214157104,0.0005397747736424208,0.00012966654321644455,0.00022526537941303104,0.0005981807480566204,0.0067138513550162315,0.00025944120716303587
95,0.009078551150487465,0.7307136058807373,0.8,0.7625562218890555,0.7951388888888888,0.9380772638437733,0.8002529985007496,0.9941655397415161,1.1433275938034058,0.0019474280998110771,0.0017569430638104677,0.0022077998146414757,0.0014992844080552459,0.03782246261835098,0.0015172975836321712
96,0.00905463412215599,0.6742531061172485,0.8666666666666667,0.822843822843823,0.8258928571428571,0.942618282093518,0.8695415695415695,0.9941619634628296,1.1445235013961792,0.0016229079337790608,0.0015347403241321445,0.0017634243704378605,0.0016977234045043588,0.033600665628910065,0.0020991326309740543
97,0.009030443382401818,0.6427647471427917,0.85,0.7867257120988463,0.7782738095238094,0.9323774583208545,0.8514351320321469,0.9941858053207397,1.1461466550827026,0.001683369162492454,0.0003283658588770777,0.00028232549084350467,0.0004883923102170229,0.01749122329056263,0.000409815926104784
98,0.009005980584629878,0.6030181646347046,0.8333333333333334,0.7509803921568627,0.7306547619047619,0.9255975178734612,0.8282352941176471,0.9942755103111267,1.1484699249267578,0.00032652070512995124,0.00043265221756882966,0.0004239955742377788,0.0002665854408405721,0.014751016162335873,0.00024351172032766044
99,0.008981247400839902,0.6177585124969482,0.85,0.7938949938949939,0.7837301587301587,0.9011015408421068,0.847948717948718,0.9945846199989319,1.1508437395095825,0.0007262428407557309,0.00045782714732922614,0.0005308007239364088,0.0005485553992912173,0.014521067962050438,0.0006156120798550546
100,0.00895624552151215,0.6233997344970703,0.8666666666666667,0.8070005874883924,0.7941468253968255,0.8938438068744672,0.8648719843841797,0.9945544004440308,1.1528360843658447,0.0010892472928389907,0.0008319843327626586,0.001471237395890057,0.0008920777472667396,0.019505901262164116,0.0011257188161835074
101,0.008930976655491857,0.5872644186019897,0.8666666666666667,0.8070005874883924,0.7941468253968255,0.8984052831340567,0.8648719843841797,0.994601309299469,1.1552144289016724,0.000795592728536576,0.0002265389630338177,0.0004667055909521878,0.000219527049921453,0.02175191231071949,0.00018337265646550804
102,0.008905442529872458,0.5794280171394348,0.85,0.7938949938949939,0.7837301587301587,0.9037835199391804,0.847948717948718,0.9946494102478027,1.1578004360198975,0.00228807027451694,0.000614054617471993,0.000601615640334785,0.0007498175837099552,0.01428880076855421,0.00020035366469528526
103,0.008879644889877513,0.6028658151626587,0.8166666666666667,0.7681392681392681,0.7628968253968255,0.8875775964514171,0.8142792392792393,0.9945676326751709,1.160194993019104,0.003601681673899293,0.0008654300472699106,0.0011696930741891265,0.0024802577681839466,0.01694164052605629,0.0010151952737942338
104,0.008853585498741453,0.5767560005187988,0.8166666666666667,0.7681392681392681,0.7628968253968255,0.891173166674346,0.8142792392792393,0.994542121887207,1.1622254848480225,9.44733401411213e-05,0.00016938326007220894,0.000168285085237585,0.00016258149116765708,0.0067348787561059,0.0001677934778854251
105,0.008827266137589043,0.6024871468544006,0.8,0.755031305903399,0.7470238095238094,0.9159617952365595,0.7981514609421586,0.994530200958252,1.163171410560608,0.0004932385636493564,0.00011372845619916916,0.00023315528233069927,0.000262140209088102,0.01306713093072176,0.00024868379114195704
106,0.008800688605313658,0.6142644882202148,0.8166666666666667,0.7677655677655678,0.7574404761904762,0.9110469533523778,0.814871794871795,0.9946874976158142,1.1653672456741333,0.001149370102211833,0.0007815185817889869,0.0007631651824340224,0.0016724851448088884,0.014056442305445671,0.0008332734578289092
107,0.008773854718454323,0.5784237384796143,0.8166666666666667,0.7677655677655678,0.7574404761904762,0.9295652318942413,0.814871794871795,0.9949592351913452,1.1677111387252808,0.0006762028788216412,0.000314909964799881,0.0008685883367434144,0.0009478392894379795,0.00632163230329752,0.0007514128810726106
108,0.008746766311071562,0.5836710929870605,0.8166666666666667,0.7681392681392681,0.7628968253968255,0.8874238914038443,0.8142792392792393,0.9952592253684998,1.170299768447876,0.000934337847866118,0.0005660852766595781,0.0006631179130636156,0.0005998692358843982,0.009826617315411568,0.0005361123476177454
109,0.008719425234622036,0.6002936363220215,0.8333333333333334,0.7806394147857563,0.7678571428571428,0.9232955418096928,0.8316371974908561,0.9954648613929749,1.1723648309707642,0.0017576414393261075,0.0010306502226740122,0.0011313047725707293,0.0012029862264171243,0.017687054350972176,0.0012456363765522838
110,0.008691833357832001,0.6190872192382812,0.85,0.793228891627061,0.7728174603174603,0.9359518506039732,0.8487208824737429,0.9956223368644714,1.174858808517456,0.0018351867329329252,0.0005632196553051472,0.0006464358884841204,0.00033875074586831033,0.014315692707896233,0.0008004388073459268
111,0.008663992566569587,0.6396422386169434,0.85,0.793228891627061,0.7728174603174603,0.9336147779544005,0.8487208824737429,0.9958400726318359,1.1777516603469849,0.0016120244981721044,0.000952539499849081,0.0010928511619567871,0.001010109786875546,0.04543184116482735,0.002016616053879261
112,0.00863590476371589,0.6221461296081543,0.8333333333333334,0.759364478114478,0.7415674603174603,0.9224328857288763,0.8247474747474748,0.996086061000824,1.179931640625,0.0012332805199548602,0.0006958327139727771,0.0005991767393425107,0.0010726610198616982,0.017173489555716515,0.0002744473167695105
113,0.008607571869034929,0.6192519664764404,0.8333333333333334,0.7711050724637681,0.7415674603174603,0.9185513233272667,0.8243478260869566,0.9963208436965942,1.1815158128738403,0.0009384345030412078,0.0009535134304314852,0.0010589453158900142,0.0014006054261699319,0.02156759984791279,0.0008346245158463717
114,0.008578995819042416,0.6277259588241577,0.85,0.7831308573412009,0.7465277777777777,0.9245530794764285,0.8409938678699526,0.996535062789917,1.1824268102645874,0.0038238205015659332,0.00040459909359924495,0.0009461865411140025,0.0007745883776806295,0.024388421326875687,0.00028100222698412836
115,0.00855017856687341,0.6208682060241699,0.8666666666666667,0.8299271787643882,0.7941468253968255,0.9422693560370446,0.8628376791167489,0.9967744946479797,1.1840236186981201,0.001004406251013279,0.0006603128858841956,0.0012257243506610394,0.000837797240819782,0.0385948084294796,0.0009904351318255067
116,0.00852112208214882,0.5985280275344849,0.8166666666666667,0.7922972806693737,0.7946428571428571,0.9483693826264581,0.816568229358927,0.9969862103462219,1.1859862804412842,0.0008737731841392815,0.001118732849135995,0.0005906074657104909,0.0008787137339822948,0.017550211399793625,0.0005952908541075885
117,0.008491828350840775,0.5952023863792419,0.8333333333333334,0.7961551490514905,0.8050595238095237,0.9491979020280907,0.8350948509485094,0.9971731901168823,1.186537265777588,0.000630036520306021,0.00045486490125767887,0.0004481585929170251,0.00042399580706842244,0.02129346877336502,0.0004660631821025163
118,0.0084622993751369,0.5995584726333618,0.8833333333333333,0.8549177190968237,0.8363095238095237,0.939567278895109,0.8823555300420973,0.9974018335342407,1.1874476671218872,0.00023457752831745893,0.00015550594252999872,0.0002957560936920345,0.0008242993499152362,0.010462562553584576,0.00031897754524834454
119,0.008432537173303462,0.5559847354888916,0.8333333333333334,0.7700280112044817,0.7306547619047619,0.9284911563803072,0.8249019607843137,0.9975712895393372,1.1889609098434448,0.001055140164680779,0.0009702240349724889,0.0008075506775639951,0.0016519251512363553,0.030734555795788765,0.0010421080514788628
120,0.00840254377954742,0.5810661315917969,0.85,0.8034623629818388,0.7782738095238094,0.9334178771089148,0.8467863932370666,0.9977839589118958,1.189078450202942,0.0014143228763714433,0.000995759735815227,0.0011489874450489879,0.0006513147964142263,0.050451427698135376,0.001143471454270184
121,0.008372321243877393,0.5745786428451538,0.85,0.817250742623877,0.8100198412698413,0.9395245630505064,0.8501530807500955,0.9978959560394287,1.1880743503570557,0.0006006460171192884,0.0005628557992167771,0.0010166338179260492,0.0012046024203300476,0.06898429989814758,0.0004246410680934787
122,0.00834187163196355,0.613735556602478,0.8833333333333333,0.8444742249620298,0.841765873015873,0.9447575839822302,0.8836210131332083,0.997083842754364,1.187903642654419,0.0021941065788269043,0.0016973193269222975,0.001994255231693387,0.0033163742627948523,0.062438156455755234,0.0021177686285227537
123,0.008311197024996417,0.6135031580924988,0.8333333333333334,0.7592201080573173,0.736111111111111,0.9153040192250098,0.8254639417430115,0.9962870478630066,1.1879873275756836,0.0014456446515396237,0.0012146495282649994,0.0012555093271657825,0.0013935593888163567,0.020589154213666916,0.0012682101223617792
124,0.008280299519544634,0.5594204068183899,0.8333333333333334,0.7592201080573173,0.736111111111111,0.9091554573571083,0.8254639417430115,0.995587944984436,1.1885206699371338,0.0015091195236891508,0.0007070712745189667,0.0007802760228514671,0.0012935203267261386,0.021529339253902435,0.0003962648625019938
125,0.008249181227411657,0.6647464036941528,0.8833333333333333,0.8444742249620298,0.841765873015873,0.9426619578447409,0.8836210131332083,0.9949420690536499,1.1894346475601196,0.0017999110277742147,0.0022867387160658836,0.002131331479176879,0.0022639944218099117,0.03846077620983124,0.0018542225006967783
126,0.008217844275491416,0.5756287574768066,0.8833333333333333,0.8363247863247864,0.841765873015873,0.9519693324233419,0.8861752136752138,0.994051992893219,1.1903434991836548,0.001146291266195476,0.0022932395804673433,0.001735206344164908,0.0017640190199017525,0.008878377266228199,0.0005094889784231782
127,0.008186290805622951,0.6031796932220459,0.85,0.8095238095238094,0.8209325396825397,0.9468873467989035,0.8515873015873014,0.9933426380157471,1.191192865371704,0.0015818362589925528,0.0014130809577181935,0.0013934343587607145,0.0014753531431779265,0.034662775695323944,0.001398002728819847
128,0.008154522974444009,0.6371554136276245,0.8166666666666667,0.7833250538168571,0.8000992063492064,0.9390911652114483,0.8172089749958603,0.9926643967628479,1.1916404962539673,0.006475977599620819,0.004613082390278578,0.004523853305727243,0.004315427970141172,0.051987797021865845,0.0043873535469174385
129,0.008122542953243656,0.5820862054824829,0.7833333333333333,0.742785605935998,0.7420634920634921,0.9175388018253585,0.7805974377250214,0.9920575618743896,1.1913752555847168,0.002867105882614851,0.0011425861157476902,0.0011198646388947964,0.001487690955400467,0.019513076171278954,0.001110391109250486
130,0.008090352927813856,0.5555094480514526,0.8,0.693939393939394,0.6780753968253969,0.914097416603313,0.7853030303030304,0.9917633533477783,1.1910771131515503,0.0035986739676445723,0.0027566365897655487,0.005192948970943689,0.0029836425092071295,0.03220822289586067,0.0020330632105469704
131,0.008057955098300092,0.5668757557868958,0.8,0.6885130373502467,0.6780753968253969,0.9185163467297901,0.7880902043692742,0.9916616082191467,1.1912052631378174,0.004401488695293665,0.0019548658747226,0.0016766985645517707,0.0018329106969758868,0.03962063416838646,0.0018394055077806115
132,0.008025351679050973,0.5827385187149048,0.7666666666666667,0.6594065656565656,0.6572420634920635,0.9114001989886423,0.7578282828282829,0.9916138052940369,1.1924962997436523,0.0016866526566445827,0.0016611571190878749,0.0016506633255630732,0.0014882255345582962,0.08762625604867935,0.0014570727944374084
133,0.0079925448984669,0.5616395473480225,0.7666666666666667,0.6594065656565656,0.6572420634920635,0.9003471742268913,0.7578282828282829,0.9914982914924622,1.1940981149673462,0.0012684034882113338,0.0004675171512644738,0.0009117728914134204,0.000966568652074784,0.02131110616028309,0.0005969432531856
134,0.007959536998847744,0.608126163482666,0.7666666666666667,0.6594065656565656,0.6572420634920635,0.9161502369049539,0.7578282828282829,0.9913443326950073,1.1954518556594849,0.00398218771442771,0.0012052846141159534,0.0017641185550019145,0.0015356626827269793,0.011533429846167564,0.0023967253509908915
135,0.007926330236239594,0.5951966643333435,0.8,0.6854256854256855,0.6780753968253969,0.9052489973775351,0.7919191919191919,0.9907231330871582,1.1967657804489136,0.005529974587261677,0.002470552222803235,0.002669367240741849,0.002671978436410427,0.03291289508342743,0.002733188681304455
136,0.00789292688028057,0.543418288230896,0.85,0.7865987670865721,0.7837301587301587,0.9057122723101495,0.8505440900562853,0.9903076887130737,1.1982189416885376,0.0009920111624523997,0.0008895407663658261,0.0007273266091942787,0.0005506721790879965,0.010499820113182068,0.0007337541901506484
137,0.00785932921404568,0.5402877926826477,0.8333333333333334,0.7733134920634921,0.7733134920634921,0.9089905334009107,0.8333333333333334,0.9901844263076782,1.1999369859695435,0.0011643933830782771,0.0006343015120364726,0.0011041407706215978,0.0011329748667776585,0.023246891796588898,0.0008398682111874223
138,0.007825539533890782,0.5377051830291748,0.8333333333333334,0.7510822510822511,0.736111111111111,0.9166834650325216,0.8275252525252526,0.9901271462440491,1.2012423276901245,0.0037170504219830036,0.00024726224364712834,0.0002503036812413484,0.0002946516906376928,0.014360313303768635,0.00034525941009633243
139,0.007791560149295626,0.5504476428031921,0.85,0.7719626973358316,0.7465277777777777,0.9060631181798634,0.8419945725915875,0.9901450872421265,1.2020238637924194,0.00019144256657455117,9.795001096790656e-05,0.00019998394418507814,0.0002560489811003208,0.01926373317837715,0.0003181807405781001
140,0.007757393382706014,0.5597195625305176,0.8833333333333333,0.7980017566974089,0.767361111111111,0.9177852578501163,0.8753634167764602,0.9902155995368958,1.202780842781067,0.013525353744626045,0.0009326964500360191,0.0009078474249690771,0.0008663416956551373,0.05193048715591431,0.0008582656155340374
141,0.00772304156937506,0.5830087065696716,0.8666666666666667,0.8310245310245311,0.8258928571428571,0.9315362201565032,0.867020202020202,0.9905341267585754,1.2042192220687866,0.011843690648674965,0.0006838596891611814,0.0010525297839194536,0.0013281928841024637,0.021904172375798225,0.0008903997368179262
142,0.00768850705720357,0.5734298825263977,0.8333333333333334,0.7733044733044734,0.7678571428571428,0.9411037894233649,0.8341919191919193,0.9910757541656494,1.2057260274887085,0.0009227275149896741,0.0006432761438190937,0.0012089930241927505,0.0007543516694568098,0.015409871004521847,0.0005524478037841618
143,0.00765379220657958,0.5855767726898193,0.85,0.739227960354721,0.7038690476190476,0.9286163042059269,0.8325795513823683,0.9917221665382385,1.2068616151809692,0.0006728974403813481,0.0003180152561981231,0.0003033398825209588,0.0004007691459264606,0.01575448550283909,0.000712489360012114
144,0.007618899390217016,0.5690985918045044,0.85,0.739227960354721,0.7038690476190476,0.9104436520415294,0.8325795513823683,0.992776095867157,1.2083628177642822,0.0038945586420595646,0.0012934518745169044,0.0014475478092208505,0.0012936515267938375,0.020466996356844902,0.0011655738344416022
145,0.007583830992993526,0.5658318996429443,0.8333333333333334,0.7265453606917022,0.6934523809523809,0.9255156858340822,0.8163117821654406,0.9940718412399292,1.2098689079284668,0.004853721708059311,0.0011543112341314554,0.00025216920766979456,0.0009809845359995961,0.011089332401752472,0.00035803986247628927
146,0.007548589411787477,0.5948032140731812,0.8833333333333333,0.8419411506368029,0.7991071428571428,0.9264636536157762,0.8790755379885815,0.9938870668411255,1.2098942995071411,0.006563905160874128,0.003054958302527666,0.0032440954819321632,0.00365108298137784,0.05819745361804962,0.0023503529373556376
147,0.007513177055314133,0.5732779502868652,0.85,0.8034623629818388,0.7782738095238094,0.9373417953901445,0.8467863932370666,0.9934762716293335,1.2089844942092896,0.003516898490488529,0.0016423838678747416,0.0013626192230731249,0.0013798156287521124,0.07053295522928238,0.0009653265005908906
148,0.0074775963439610155,0.5411381721496582,0.8666666666666667,0.8167388167388167,0.7941468253968255,0.9389348204206694,0.8631313131313131,0.9934545159339905,1.2085216045379639,0.013584105297923088,0.001557803014293313,0.001275153481401503,0.0010451717535033822,0.013198931701481342,0.0020559243857860565
149,0.007441849709622487,0.5347456932067871,0.85,0.8039753528125622,0.7837301587301587,0.941384562109798,0.8465672828463526,0.9934219717979431,1.2079955339431763,0.000762342824600637,0.00033017038367688656,0.00028954967274330556,0.0003235902404412627,0.003812577808275819,0.00022730552882421762
150,0.007405939595533515,0.5533498525619507,0.8833333333333333,0.8296727743396838,0.8045634920634921,0.9497022129687224,0.8797799619787244,0.9933274388313293,1.2075979709625244,0.001908242586068809,0.0016265687299892306,0.0016293453518301249,0.0012088248040527105,0.00997199397534132,0.0013895611045882106
151,0.007369868456102699,0.5615739226341248,0.9,0.8428104575163399,0.8149801587301587,0.9493438678285377,0.8965522875816994,0.9932610988616943,1.2072267532348633,0.002771269530057907,0.0018206890672445297,0.0018852343782782555,0.002818020060658455,0.016790037974715233,0.0021324949339032173
152,0.0073336387567445056,0.5616861581802368,0.9,0.8428104575163399,0.8149801587301587,0.9478344746623049,0.8965522875816994,0.9931272864341736,1.2069720029830933,0.0026559331454336643,0.000877616461366415,0.0009352844208478928,0.000979824224486947,0.008715217933058739,0.00037949459510855377
153,0.007297252973710758,0.572921872138977,0.9,0.8428104575163399,0.8149801587301587,0.9388633073774583,0.8965522875816994,0.9930157661437988,1.2072279453277588,0.001743614673614502,0.0008321567438542843,0.0006841131835244596,0.0012584946816787124,0.02918258309364319,0.0006632948643527925
154,0.007260713593921394,0.6220327615737915,0.85,0.7719626973358316,0.7465277777777777,0.9348060220701729,0.8419945725915875,0.992603063583374,1.2083673477172852,0.0036092044319957495,0.0020293863490223885,0.0021763683762401342,0.002341529121622443,0.0614517517387867,0.0016618265071883798
155,0.007224023114794484,0.5593944191932678,0.85,0.7719626973358316,0.7465277777777777,0.9287350326560233,0.8419945725915875,0.9921132326126099,1.2096290588378906,0.0016976514598354697,0.0013226302107796073,0.0008882093825377524,0.0004433222929947078,0.009945938363671303,0.0008556167595088482
156,0.00718718404407554,0.576538622379303,0.8666666666666667,0.8167388167388167,0.7941468253968255,0.9264466152732661,0.8631313131313131,0.991615891456604,1.2102727890014648,0.004925272427499294,0.002643316751345992,0.002279845532029867,0.0038906584959477186,0.023221079260110855,0.0030545091722160578
157,0.0071501988996661115,0.5395413041114807,0.8666666666666667,0.8070005874883924,0.7941468253968255,0.956460135558013,0.8648719843841797,0.9911991357803345,1.2107259035110474,0.0009091041865758598,0.0007250708295032382,0.0009186632232740521,0.0010530157014727592,0.006575923878699541,0.0008845670963637531
158,0.007113070209451689,0.559803307056427,0.8833333333333333,0.8444742249620298,0.841765873015873,0.9456229098033343,0.8836210131332083,0.9910533428192139,1.2112703323364258,0.003360891481861472,0.0042564948089420795,0.0020690709352493286,0.003035541856661439,0.034851375967264175,0.0017184752505272627
159,0.007075800511128927,0.5450624227523804,0.8333333333333334,0.780951848539058,0.7733134920634921,0.9299289165150014,0.8310971973762672,0.9908246397972107,1.2119323015213013,0.0021303389221429825,0.0016643247799947858,0.000981852412223816,0.001573791727423668,0.007427011150866747,0.0005686208605766296
160,0.0070383923520322,0.5557708740234375,0.85,0.8039753528125622,0.7837301587301587,0.9073132765644557,0.8465672828463526,0.9900155663490295,1.2123481035232544,0.0018845803570002317,0.0019710231572389603,0.0017286002403125167,0.001553114503622055,0.04346053674817085,0.0013542037922888994
161,0.007000848288959491,0.5826528668403625,0.8666666666666667,0.8167388167388167,0.7941468253968255,0.9269808033074542,0.8631313131313131,0.9890946745872498,1.2138179540634155,0.0017996288370341063,0.0018428195035085082,0.001975178485736251,0.00262112426571548,0.05642639845609665,0.0011848739814013243
162,0.006963170887997639,0.5432161688804626,0.8666666666666667,0.8163398692810458,0.7886904761904762,0.9474197350081784,0.8633660130718954,0.9888239502906799,1.2147084474563599,0.0026365346275269985,0.0005850999150425196,0.0004859324835706502,0.0006159270415082574,0.03360723704099655,0.0006052981480024755
163,0.006925362724346952,0.5455431938171387,0.8833333333333333,0.8294314381270903,0.7991071428571428,0.9558926507629337,0.8800817539947975,0.9894906878471375,1.215571641921997,0.004259866196662188,0.0023480893578380346,0.0013863606145605445,0.003642703639343381,0.008262607268989086,0.0017083563143387437
164,0.006887426382145193,0.5463000535964966,0.8666666666666667,0.8163398692810458,0.7886904761904762,0.9492884332212163,0.8633660130718954,0.9905360341072083,1.2161515951156616,0.002427683910354972,0.0014725624350830913,0.0018063461175188422,0.001930649159476161,0.020143473520874977,0.0017851644661277533
165,0.006849364454290958,0.5808004140853882,0.8666666666666667,0.8167388167388167,0.7941468253968255,0.9412328968637932,0.8631313131313131,0.9897128939628601,1.2167515754699707,0.005357329733669758,0.0026082994882017374,0.0024509006179869175,0.004027654882520437,0.01579921692609787,0.002269833581522107
166,0.006811179542266458,0.5352928638458252,0.9,0.8893849206349206,0.8893849206349206,0.9352823157363251,0.9,0.988829493522644,1.217031478881836,0.002762614982202649,0.000331995019223541,0.00042904229485429823,0.0003664550313260406,0.025335224345326424,0.0006421009893529117
167,0.006772874255959703,0.5299601554870605,0.8833333333333333,0.8554334554334555,0.841765873015873,0.9334494340390567,0.8823076923076923,0.9879752397537231,1.2172199487686157,0.0015663664089515805,0.001250094617716968,0.0007564484258182347,0.0009069674415513873,0.010343223810195923,0.001363604562357068
168,0.006734451213486133,0.5487943291664124,0.9,0.8683836488714537,0.8521825396825397,0.9427073134325493,0.8989823184945135,0.9875311851501465,1.2178914546966553,0.006431632209569216,0.0016820658929646015,0.0023612098302692175,0.00254465127363801,0.02396015264093876,0.0015320020029321313
169,0.006695913041009662,0.5270494818687439,0.8833333333333333,0.8444742249620298,0.841765873015873,0.9444197868431359,0.8836210131332083,0.9872691035270691,1.218860387802124,0.005458431784063578,0.0008273827843368053,0.0004240951675456017,0.0011093593202531338,0.020979445427656174,0.0010416660225018859
170,0.006657262372563185,0.5582582354545593,0.8666666666666667,0.8313492063492064,0.8313492063492064,0.9423275503758995,0.8666666666666667,0.9875832200050354,1.2196044921875,0.004401057958602905,0.0020545029547065496,0.0015516744460910559,0.002756931586191058,0.013880807906389236,0.0013717070687562227
171,0.006618501849868548,0.5306562781333923,0.85,0.8039753528125622,0.7837301587301587,0.9334195569455003,0.8465672828463526,0.9879339337348938,1.220362901687622,0.0007530810544267297,0.0003362505813129246,9.837583638727665e-05,0.00021131783432792872,0.01714787632226944,0.00035417743492871523
172,0.006579634122155991,0.5308698415756226,0.8666666666666667,0.8167388167388167,0.7941468253968255,0.9373351360379663,0.8631313131313131,0.9878154397010803,1.2210613489151,0.003198913298547268,0.0016576661728322506,0.0025985187385231256,0.002219220856204629,0.00257033365778625,0.0023515340872108936
173,0.006540661845983073,0.5225886106491089,0.8666666666666667,0.8167388167388167,0.7941468253968255,0.9411816018537716,0.8631313131313131,0.9869868755340576,1.2215542793273926,0.004616607911884785,0.002575695514678955,0.002820039400830865,0.0031596028711646795,0.027727115899324417,0.0017775201704353094
174,0.0065015876850531016,0.5641050338745117,0.8666666666666667,0.8167388167388167,0.7941468253968255,0.9411184279993243,0.8631313131313131,0.9861193299293518,1.2221484184265137,0.0015412006760016084,0.0014696018770337105,0.0009936727583408356,0.0011744560906663537,0.008653613738715649,0.0016922830836847425
175,0.006462414310033072,0.5281209349632263,0.8833333333333333,0.8554334554334555,0.841765873015873,0.940865852569862,0.8823076923076923,0.9853990077972412,1.2225592136383057,0.0007692633662372828,0.00026472110766917467,0.00033386211725883186,0.0008014327031560242,0.007478897459805012,0.00020058175141457468
176,0.0064231443983711325,0.5264788866043091,0.8666666666666667,0.8313492063492064,0.8313492063492064,0.9347940232374196,0.8666666666666667,0.9848873615264893,1.2227133512496948,0.0009369230829179287,0.00028992490842938423,0.0002627703652251512,0.0004883772344328463,0.019636567682027817,0.0005119211273267865
177,0.006383780634113578,0.5320149064064026,0.8833333333333333,0.8444742249620298,0.841765873015873,0.937545715552791,0.8836210131332083,0.9845129251480103,1.22278892993927,0.0017934152856469154,0.0005655004060827196,0.0008430138695985079,0.00028806267073377967,0.00750521756708622,0.00041175339720211923
178,0.006344325707721409,0.5492465496063232,0.8833333333333333,0.8444742249620298,0.841765873015873,0.9430978754386773,0.8836210131332083,0.9844685792922974,1.2221593856811523,0.003293534042313695,0.0010149452136829495,0.0008849509758874774,0.0008536041132174432,0.05025570094585419,0.0007527601555921137
179,0.006304782315886434,0.5439659357070923,0.8833333333333333,0.8296727743396838,0.8045634920634921,0.9412027797935817,0.8797799619787244,0.983762800693512,1.2218316793441772,0.007195574231445789,0.0018750288290902972,0.0014645231422036886,0.002236918779090047,0.04928481578826904,0.001531406189315021
180,0.0062651531613469565,0.5279170274734497,0.8666666666666667,0.7957049486461251,0.7569444444444443,0.94135720477112,0.8572549019607844,0.9829957485198975,1.2216591835021973,0.00893638376146555,0.001508283312432468,0.0010930743301287293,0.001668197219260037,0.01715795136988163,0.0011691137915477157
181,0.00622544095270305,0.5225468873977661,0.8666666666666667,0.7957049486461251,0.7569444444444443,0.9424382996022147,0.8572549019607844,0.9820610880851746,1.2213950157165527,0.0014956688974052668,0.0010702884756028652,0.0008084432338364422,0.0017596198013052344,0.009207675233483315,0.000650512520223856
182,0.006185648404231421,0.5175895094871521,0.8833333333333333,0.8425190066981112,0.8045634920634921,0.9439758900254183,0.879127091813659,0.9813514947891235,1.2211071252822876,0.0003020282310899347,0.00024734114413149655,0.00022770909708924592,0.00030558850266970694,0.007394797168672085,0.00023135566152632236
183,0.0061457782356999025,0.5449411869049072,0.8666666666666667,0.8167388167388167,0.7941468253968255,0.9451901119059137,0.8631313131313131,0.9808316230773926,1.2203377485275269,0.014704521745443344,0.00046862714225426316,0.0005739614134654403,0.0009530386887490749,0.035671718418598175,0.0010149622103199363
184,0.006105833172181549,0.5171880722045898,0.8833333333333333,0.8296727743396838,0.8045634920634921,0.9498437991952143,0.8797799619787244,0.9802582263946533,1.2197539806365967,0.0020595244131982327,0.002914156299084425,0.001513041090220213,0.002520479029044509,0.00829328503459692,0.0007524493848904967
185,0.006065815943868391,0.5351011753082275,0.8666666666666667,0.8167388167388167,0.7941468253968255,0.945149195886224,0.8631313131313131,0.979789674282074,1.2197866439819336,0.005320914555341005,0.0019208192825317383,0.0036732174921780825,0.0016392653342336416,0.049902237951755524,0.0009698611684143543
186,0.006025729285884828,0.5359735488891602,0.8666666666666667,0.8167388167388167,0.7941468253968255,0.9422506978521129,0.8631313131313131,0.9796786308288574,1.2197788953781128,0.012095862068235874,0.00531452801078558,0.0032983338460326195,0.00448767002671957,0.0076644946821033955,0.0020147524774074554
187,0.005985575938100685,0.5195491313934326,0.8833333333333333,0.8425190066981112,0.8045634920634921,0.9415066502330655,0.879127091813659,0.9801791310310364,1.219730257987976,0.03128683939576149,0.0041318126022815704,0.002648476976901293,0.00476154126226902,0.005589036736637354,0.002785592572763562
188,0.005945358644943944,0.5316845178604126,0.8833333333333333,0.8425190066981112,0.8045634920634921,0.9412745328134479,0.879127091813659,0.9810211062431335,1.2195485830307007,0.0029199798591434956,0.0020792249124497175,0.0025301920250058174,0.0015348417218774557,0.011671442538499832,0.0021205043885856867
189,0.005905080155213171,0.5204488039016724,0.8833333333333333,0.8425190066981112,0.8045634920634921,0.9420885336274486,0.879127091813659,0.9819004535675049,1.2193368673324585,0.005243434105068445,0.00029811332933604717,0.00037342344876378775,0.0002925381704699248,0.004813057370483875,0.0003820331476163119
190,0.005864743221889634,0.5284398198127747,0.8833333333333333,0.8425190066981112,0.8045634920634921,0.9437165352554503,0.879127091813659,0.9825471639633179,1.2193307876586914,0.0014308710815384984,0.0011046151630580425,0.0010763390455394983,0.0009026872576214373,0.02458585985004902,0.0008860253728926182
191,0.005824350601949144,0.5478520393371582,0.9,0.8552889004825878,0.8149801587301587,0.9457515372904525,0.8955132385548455,0.9830933213233948,1.2193390130996704,0.006757193710654974,0.0007205115398392081,0.0013854082208126783,0.0012352251214906573,0.010750276036560535,0.0007040726486593485
192,0.0057839050561736185,0.5273151397705078,0.8666666666666667,0.8167388167388167,0.7941468253968255,0.9482080583200867,0.8631313131313131,0.9835425615310669,1.2193901538848877,0.0020297940354794264,0.0017234005499631166,0.0014412975870072842,0.0010162782855331898,0.019369298592209816,0.0009757435764186084
193,0.005743409348962387,0.5350650548934937,0.85,0.7938949938949939,0.7837301587301587,0.9469725385114537,0.847948717948718,0.9821204543113708,1.2194548845291138,0.0017484445124864578,0.0010786611819639802,0.0006100866012275219,0.0004813331470359117,0.004203793592751026,0.0010866369120776653
194,0.005702866248143243,0.5398730039596558,0.8666666666666667,0.8070005874883924,0.7941468253968255,0.9425432293946446,0.8648719843841797,0.9811649322509766,1.2191697359085083,0.007381378207355738,0.0023194444365799427,0.0012405285378918052,0.0016742120496928692,0.11363404244184494,0.0019112060545012355
195,0.005662278524783272,0.5364441871643066,0.8833333333333333,0.8444742249620298,0.841765873015873,0.9390405901313921,0.8836210131332083,0.9803781509399414,1.218741774559021,0.0013851303374394774,0.0007108762511052191,0.0008547360193915665,0.0018610218539834023,0.021049698814749718,0.0008718104800209403
196,0.005621648952999453,0.5237195491790771,0.8666666666666667,0.8070005874883924,0.7941468253968255,0.9469443412544827,0.8648719843841797,0.9796777367591858,1.218363881111145,0.0005397623172029853,0.0006858776905573905,0.0003412319638300687,0.0001824130304157734,0.0038274589460343122,0.00034109107218682766
197,0.005580980309769044,0.5396628379821777,0.8666666666666667,0.8070005874883924,0.7941468253968255,0.9495339893335176,0.8648719843841797,0.9789215326309204,1.2181073427200317,0.00195608870126307,0.0012544436613097787,0.002877565799281001,0.0016168863512575626,0.02012295089662075,0.0012150953989475965
198,0.005540275374739791,0.5194923877716064,0.8666666666666667,0.8068723911747168,0.7996031746031745,0.9469580199238218,0.8640429338103757,0.9782414436340332,1.2178683280944824,0.0005012137116864324,0.0004552275640890002,0.0004155089263804257,0.00039943362935446203,0.0010996124474331737,0.0005950982449576259
199,0.0054995369300399315,0.52628093957901,0.8666666666666667,0.8313492063492064,0.8313492063492064,0.9440944984871873,0.8666666666666667,0.977583646774292,1.2177947759628296,0.0021856511011719704,0.0012002181028947234,0.001450996147468686,0.0010292852530255914,0.017486004158854485,0.001367664779536426
200,0.005458767760088046,0.5316365957260132,0.85,0.7938949938949939,0.7837301587301587,0.9461090425123443,0.847948717948718,0.9770799875259399,1.217692255973816,0.0006123260827735066,0.0007807801594026387,0.0003052476386073977,0.0004772058455273509,0.003562822937965393,0.00038981420220807195
201,0.0054179706514027445,0.5171709060668945,0.85,0.7938949938949939,0.7837301587301587,0.9450424662688813,0.847948717948718,0.9766552448272705,1.2176176309585571,0.0006938838050700724,0.0006486463826149702,0.0007769983494654298,0.0005639448645524681,0.0037513256538659334,0.0007055931491777301
202,0.005377148392412213,0.5160437822341919,0.85,0.7938949938949939,0.7837301587301587,0.9448880412913431,0.847948717948718,0.9763275384902954,1.2174956798553467,0.0007082610973156989,0.0006924137123860419,0.0006894140387885273,0.0004369317030068487,0.002952070441097021,0.0006325929425656796
203,0.005336303773263628,0.5194361209869385,0.85,0.7719626973358316,0.7465277777777777,0.9443120973191729,0.8419945725915875,0.9760661721229553,1.2173339128494263,0.0006846270407550037,0.0004476139147300273,0.0007622108678333461,0.001160781946964562,0.005229144357144833,0.00059367815265432
204,0.005295439585632452,0.5138596296310425,0.8666666666666667,0.7848789183078996,0.7569444444444443,0.9441576723416345,0.8586148428329203,0.9758461713790894,1.217239499092102,0.00024095781554933637,8.167047053575516e-05,0.0002087164466502145,0.00021504944015759975,0.006172592751681805,8.291035919683054e-05
205,0.005254558622531626,0.5161104202270508,0.8833333333333333,0.8296727743396838,0.8045634920634921,0.9465442401763157,0.8797799619787244,0.9758555293083191,1.2171430587768555,0.005379430949687958,0.000866221496835351,0.0003154547302983701,0.001965118572115898,0.0009148659883067012,0.000699591648299247
206,0.005213663678120677,0.5303053855895996,0.8833333333333333,0.8296727743396838,0.8045634920634921,0.9445578934081293,0.8797799619787244,0.9759730100631714,1.2168523073196411,0.0016015099827200174,0.0008853136678226292,0.0008316946914419532,0.0007731101359240711,0.011686037294566631,0.0007178714731708169
207,0.005172757547514729,0.5135735273361206,0.8833333333333333,0.8296727743396838,0.8045634920634921,0.9473164850523341,0.8797799619787244,0.9760904908180237,1.2165695428848267,0.0003119567991234362,0.0004018748877570033,0.00025587031268514693,0.0004030950367450714,0.003759706160053611,0.0002851587487384677
208,0.0051318430265934745,0.5258920192718506,0.9,0.8683836488714537,0.8521825396825397,0.947744783387472,0.8989823184945135,0.9761077165603638,1.2167242765426636,0.0019777065608650446,0.0020360953640192747,0.0012232456356287003,0.00136689399369061,0.04802628606557846,0.0012087576324120164
209,0.005090922911810069,0.5202540755271912,0.8833333333333333,0.8444742249620298,0.841765873015873,0.9451688139777762,0.8836210131332083,0.976119339466095,1.2168605327606201,0.0005778292543254793,0.0004147869476582855,0.0003760578401852399,0.0008133180672302842,0.003074794774875045,0.0003019018331542611
210,0.005050000000000001,0.5122148394584656,0.8833333333333333,0.8444742249620298,0.841765873015873,0.9464742869813625,0.8836210131332083,0.9761356115341187,1.216984748840332,0.0004573792975861579,0.00020820352074224502,0.00019347845227457583,0.0001693785743555054,0.001681685564108193,0.0001948238059412688
211,0.005009077088189933,0.5227518677711487,0.8666666666666667,0.8313492063492064,0.8313492063492064,0.9288434421099515,0.8666666666666667,0.9765471816062927,1.217084527015686,0.02589268423616886,0.0013450679834932089,0.0007079209317453206,0.0010409102542325854,0.01928686536848545,0.001325274701230228
212,0.004968156973406526,0.5125799179077148,0.8833333333333333,0.8645502645502646,0.878968253968254,0.9254338537947029,0.8840740740740741,0.9769031405448914,1.2171580791473389,0.0012302396353334188,0.00028994434978812933,0.00017408985877409577,8.547399920644239e-05,0.0012673226883634925,0.0003602296346798539
213,0.0049272424524852716,0.5170276761054993,0.8833333333333333,0.8645502645502646,0.878968253968254,0.9230618045476536,0.8840740740740741,0.9773089289665222,1.2170261144638062,0.0023765149526298046,0.0018343112897127867,0.0007573466864414513,0.0015437627444043756,0.02071543224155903,0.0008966344757936895
214,0.004886336321879326,0.5122617483139038,0.8833333333333333,0.8645502645502646,0.878968253968254,0.9211949061595287,0.8840740740740741,0.9777165651321411,1.2168891429901123,0.0007055433816276491,0.0006994488649070263,0.00048237721784971654,0.0003620129718910903,0.0014531059423461556,0.0003489480877760798
215,0.004845441377468376,0.5711211562156677,0.8833333333333333,0.8645502645502646,0.878968253968254,0.936422864783714,0.8840740740740741,0.9784733653068542,1.216843843460083,0.011463913135230541,0.008381228893995285,0.004798916634172201,0.006514327134937048,0.030353114008903503,0.003987434785813093
216,0.004804560414367551,0.5192300081253052,0.9,0.8776930894308944,0.8893849206349206,0.9403043071969958,0.9010569105691056,0.9788916110992432,1.2166863679885864,0.008759552612900734,0.0004764074401464313,0.00033156777499243617,0.0006496569258160889,0.028398675844073296,0.00046543858479708433
217,0.004763696226736375,0.5252130031585693,0.9166666666666666,0.8910256410256411,0.8998015873015873,0.9336078786255673,0.9181410256410257,0.9794265031814575,1.216552734375,0.0029578073881566525,0.0028144067618995905,0.0032098046503961086,0.0023709486704319715,0.02282433770596981,0.0030347807332873344
218,0.0047228516075877875,0.5577053427696228,0.9,0.8776930894308944,0.8893849206349206,0.932302405621981,0.9010569105691056,0.9798123836517334,1.2166860103607178,0.005486298352479935,0.0037267401348799467,0.003464522073045373,0.002170262625440955,0.04270309582352638,0.003755739890038967
219,0.004682029348597257,0.5291999578475952,0.9,0.8776930894308944,0.8893849206349206,0.9321479806444429,0.9010569105691056,0.9801225662231445,1.2167904376983643,0.0017494602361693978,0.0022085788659751415,0.002291871001943946,0.0019511522259563208,0.0068853446282446384,0.0005583491874858737
220,0.004641232239911956,0.5354755520820618,0.8833333333333333,0.8645502645502646,0.878968253968254,0.9327094060289816,0.8840740740740741,0.980344295501709,1.2171133756637573,0.003597680479288101,0.0028414069674909115,0.0021047007758170366,0.0028542743530124426,0.037556618452072144,0.0018185566877946258
221,0.00460046306996007,0.5186024904251099,0.8833333333333333,0.8645502645502646,0.878968253968254,0.9354902555079442,0.8840740740740741,0.9804891347885132,1.2177115678787231,0.001414635917171836,0.0012044707546010613,0.0007331785163842142,0.001309339888393879,0.039061032235622406,0.0012295539490878582
222,0.00455972462526021,0.5255286693572998,0.8833333333333333,0.8645502645502646,0.878968253968254,0.9303196585036209,0.8840740740740741,0.9806691408157349,1.2182071208953857,0.0016541089862585068,0.0021175704896450043,0.0013624033890664577,0.0024887772742658854,0.009883567690849304,0.0008253353298641741
223,0.0045190196902309574,0.5270618200302124,0.85,0.7719626973358316,0.7465277777777777,0.9283546096635721,0.8419945725915875,0.9808037877082825,1.21811842918396,0.0037588016130030155,0.004889706615358591,0.003271571360528469,0.004961599130183458,0.043117593973875046,0.003700201166793704
224,0.00447835104700055,0.5165600776672363,0.8333333333333334,0.719234360410831,0.6989087301587302,0.9297214566966926,0.8182352941176471,0.9809586405754089,1.2176640033721924,0.0008392503950744867,0.00032405860838480294,0.00043644217657856643,0.0006308523006737232,0.0684504583477974,0.0004019837360829115
225,0.004437721475216731,0.5399113893508911,0.85,0.7719626973358316,0.7465277777777777,0.933224095959945,0.8419945725915875,0.9811112880706787,1.2174253463745117,0.006123460363596678,0.0026915224734693766,0.00385082489810884,0.003237095195800066,0.01686018891632557,0.002377862110733986
226,0.00439713375185676,0.5221656560897827,0.85,0.7719626973358316,0.7465277777777777,0.9369093574577065,0.8419945725915875,0.9812525510787964,1.2175508737564087,0.0020540980622172356,0.0026985800359398127,0.0030588717199862003,0.0026697395369410515,0.051808785647153854,0.0012566514778882265
227,0.004356590651037616,0.5317272543907166,0.9,0.8683836488714537,0.8521825396825397,0.9369093574577065,0.8989823184945135,0.9809167385101318,1.2177000045776367,0.0019275887170806527,0.002088189823552966,0.001567965024150908,0.0023956371005624533,0.014344418421387672,0.0012940228916704655
228,0.004316094943826382,0.5126797556877136,0.8833333333333333,0.8444742249620298,0.841765873015873,0.9362002864361355,0.8836210131332083,0.9800355434417725,1.2177786827087402,0.00013933927402831614,0.00014340846973937005,0.0001859708281699568,0.0001892816071631387,0.005652700550854206,0.0003045230114366859
229,0.0042756493980508565,0.5139607787132263,0.8833333333333333,0.8444742249620298,0.841765873015873,0.9356806169895794,0.8836210131332083,0.9793713092803955,1.2179055213928223,0.00039571267552673817,0.0002253217826364562,0.000462589378003031,0.00028207385912537575,0.007045356556773186,0.00021290959557518363
230,0.0042352567781103675,0.5335302352905273,0.8833333333333333,0.8444742249620298,0.841765873015873,0.9392881860452617,0.8836210131332083,0.9790367484092712,1.218126893043518,0.0016601356910541654,0.0017311718547716737,0.0032121064141392708,0.0020025346893817186,0.015973178669810295,0.0015240206848829985
231,0.004194919844786831,0.5151082277297974,0.8833333333333333,0.8444742249620298,0.841765873015873,0.9420672356993113,0.8836210131332083,0.9787861704826355,1.2182632684707642,0.0053274971432983875,0.0002880957326851785,0.0004098386853002012,0.00013977513299323618,0.022666485980153084,0.00034870277158915997
232,0.004154641355056057,0.5475870370864868,0.8833333333333333,0.8444742249620298,0.841765873015873,0.9424247409212031,0.8836210131332083,0.978583037853241,1.2180910110473633,0.006842111703008413,0.0007565046544186771,0.00169926427770406,0.0014310501283034682,0.05203738063573837,0.000547620642464608
233,0.004114424061899316,0.5340044498443604,0.8666666666666667,0.8313492063492064,0.8313492063492064,0.9345150503758993,0.8666666666666667,0.9784008264541626,1.2180474996566772,0.0008758469484746456,0.0009231623844243586,0.00155950419139117,0.0016064841765910387,0.01622602343559265,0.001068046665750444
234,0.004074270714115174,0.5269455313682556,0.85,0.8183831672203765,0.8209325396825397,0.9296369849141075,0.8497785160575859,0.9782739281654358,1.21800696849823,0.0006222905358299613,0.00047233066288754344,0.0011678156442940235,0.0006429172935895622,0.006380004808306694,0.0004987939028069377
235,0.004034184056131611,0.5171052813529968,0.8166666666666667,0.8049966189666832,0.8000992063492064,0.9165233106123436,0.8160324944715537,0.9782615900039673,1.2179744243621826,0.0012596576707437634,0.00047464764793403447,0.0011680234456434846,0.0017211211379617453,0.010961629450321198,0.0004990185843780637
236,0.003994166827818454,0.5476687550544739,0.85,0.8039753528125622,0.7837301587301587,0.9351668869652361,0.8465672828463526,0.9784272909164429,1.2179709672927856,0.000945602310821414,0.0012129591777920723,0.0031560782808810472,0.002344176173210144,0.007887913845479488,0.000994315487332642
237,0.003954221764300101,0.5141779780387878,0.8666666666666667,0.8167388167388167,0.7941468253968255,0.9357215330092689,0.8631313131313131,0.9786995053291321,1.217948317527771,0.00040026556234806776,0.0003585539816413075,0.001012389431707561,0.0004311234224587679,0.003124668961390853,0.00031790713546797633
238,0.003914351595768582,0.5174459218978882,0.8666666666666667,0.8167388167388167,0.7941468253968255,0.9354126830541926,0.8631313131313131,0.9790205359458923,1.2179235219955444,0.0009253169409930706,0.0009928474901244044,0.0026727926451712847,0.0007654732326045632,0.0019877369049936533,0.001181582803837955
239,0.0038745590472969507,0.5134708881378174,0.8666666666666667,0.8167388167388167,0.7941468253968255,0.9343111302132528,0.8631313131313131,0.9793792963027954,1.217867136001587,0.0005571996443904936,0.000496510008815676,0.0025606555864214897,0.0007853478309698403,0.005405943840742111,0.0005595051916316152
240,0.0038348468386530444,0.5275864601135254,0.8666666666666667,0.8167388167388167,0.7941468253968255,0.93146212736425,0.8631313131313131,0.9798376560211182,1.2178404331207275,0.0013664169237017632,0.0007242838037200272,0.0008754334994591773,0.0009168769465759397,0.010804927907884121,0.0004567558644339442
241,0.0037952176841135675,0.5265193581581116,0.8666666666666667,0.8167388167388167,0.7941468253968255,0.9238954234532065,0.8631313131313131,0.9802899360656738,1.2179020643234253,0.0032249349169433117,0.001079283538274467,0.0015619935002177954,0.0013956330949440598,0.0476810522377491,0.001836602808907628
242,0.0037556742922785925,0.5255950689315796,0.8666666666666667,0.8167388167388167,0.7941468253968255,0.9201402087604919,0.8631313131313131,0.9808225631713867,1.217917561531067,0.0008746958337724209,0.0005947608151473105,0.0007554817129857838,0.0012114651035517454,0.0073811206966638565,0.000587140501011163
243,0.003716219365886423,0.5137611627578735,0.85,0.7938949938949939,0.7837301587301587,0.9169046635143333,0.847948717948718,0.9808285236358643,1.2178728580474854,0.0006972590927034616,0.0007515980978496373,0.0009351896587759256,0.000444889476057142,0.011211277917027473,0.0003543396305758506
244,0.0036768556016288706,0.5123969316482544,0.85,0.7938949938949939,0.7837301587301587,0.9172766873238571,0.847948717948718,0.979895293712616,1.2178053855895996,0.0008043927955441177,0.0005607478087767959,0.0004393462440930307,0.000949608045630157,0.0071672252379357815,0.0008019614033401012
245,0.00363758568996693,0.5256447196006775,0.85,0.7938949938949939,0.7837301587301587,0.9172766873238571,0.847948717948718,0.9790831208229065,1.2179062366485596,0.002334742806851864,0.0014634737744927406,0.0010860770707949996,0.00263849925249815,0.013342037796974182,0.002074425807222724
246,0.0035984123149469,0.5389631390571594,0.8666666666666667,0.8070005874883924,0.7941468253968255,0.9145812695340997,0.8648719843841797,0.9789040088653564,1.2180650234222412,0.0029074617195874453,0.0051806615665555,0.004496550653129816,0.004152501001954079,0.00755704240873456,0.002350927796214819
247,0.003559338154016929,0.5626968145370483,0.8666666666666667,0.8070005874883924,0.7941468253968255,0.9113313256886371,0.8648719843841797,0.9788289070129395,1.21823251247406,0.0022533240262418985,0.0007768741343170404,0.0005119145498611033,0.0020981053821742535,0.004004097543656826,0.0004115939373150468
248,0.003520365877844012,0.5444411039352417,0.8666666666666667,0.8167388167388167,0.7941468253968255,0.8921979869798266,0.8631313131313131,0.9785791635513306,1.2185741662979126,0.00418580137193203,0.0019194319611415267,0.002460343996062875,0.002241778653115034,0.02390405163168907,0.002206524834036827
249,0.0034814981501314545,0.527539849281311,0.8666666666666667,0.8167388167388167,0.7941468253968255,0.8779239355595488,0.8631313131313131,0.9784069061279297,1.218932032585144,0.0005980909336358309,0.0006701919483020902,0.0003117001324426383,0.0002994590613525361,0.005544785410165787,0.00017370552814099938
250,0.0034427376274368173,0.5116270780563354,0.8666666666666667,0.8167388167388167,0.7941468253968255,0.878176510989011,0.8631313131313131,0.9782934188842773,1.2192585468292236,0.00032840645872056484,0.0002373390889260918,0.00025386628112755716,0.00019601258100010455,0.002447552513331175,0.00027991778915748
251,0.003404086958990339,0.5185198783874512,0.8666666666666667,0.8167388167388167,0.7941468253968255,0.8854974188110981,0.8631313131313131,0.9782540798187256,1.2195755243301392,0.0021319405641406775,0.0014344524824991822,0.0015916244592517614,0.001052705803886056,0.006190689746290445,0.001188090885989368
252,0.003365548786513867,0.5253516435623169,0.8666666666666667,0.8167388167388167,0.7941468253968255,0.8912602782001366,0.8631313131313131,0.9784407019615173,1.219663381576538,0.0031528009567409754,0.0014721917686983943,0.0015193534782156348,0.0018031115178018808,0.040496379137039185,0.0008615505648776889
253,0.003327125744040297,0.5110392570495605,0.85,0.7938949938949939,0.7837301587301587,0.8874486689934803,0.847948717948718,0.9787082076072693,1.2197365760803223,0.0006618345505557954,0.00044668279588222504,0.0004492533626034856,0.00038956827484071255,0.0008534978260286152,0.0005123568116687238
254,0.0032888204577335442,0.5133905410766602,0.85,0.7938949938949939,0.7837301587301587,0.8941100009791048,0.847948717948718,0.9790483117103577,1.2197980880737305,0.002347294706851244,0.0011418985668569803,0.0004221272247377783,0.0013185024727135897,0.004261789843440056,0.0005839355289936066
255,0.0032506355457090426,0.5137048363685608,0.85,0.7938949938949939,0.7837301587301587,0.8948890251956291,0.847948717948718,0.9794379472732544,1.219842553138733,0.0008153157541528344,0.0004632858617696911,0.0004770315426867455,0.0005518739926628768,0.0018656834727153182,0.0004865002119913697
256,0.0032125736178548075,0.5191665887832642,0.85,0.7938949938949939,0.7837301587301587,0.8952610490051528,0.847948717948718,0.9798823595046997,1.219853401184082,0.002303340705111623,0.0015043808380141854,0.0012503229081630707,0.0013098042691126466,0.008438662625849247,0.0006814309163019061
257,0.0031746372756530482,0.5137492418289185,0.85,0.7938949938949939,0.7837301587301587,0.8951066240276147,0.847948717948718,0.9803631901741028,1.219863772392273,0.002955431118607521,0.001044916221871972,0.0004497657355386764,0.0006580554763786495,0.001820925041101873,0.0007622697739861906
258,0.0031368291120023616,0.5136664509773254,0.85,0.7938949938949939,0.7837301587301587,0.8958856482441387,0.847948717948718,0.9807958602905273,1.2198759317398071,0.0013605396961793303,0.0004926854744553566,0.0006965855718590319,0.0004061605141032487,0.0017665380146354437,0.0005916929803788662
259,0.0030991517110405113,0.5290927886962891,0.85,0.7938949938949939,0.7837301587301587,0.903211655570146,0.847948717948718,0.9810710549354553,1.2199022769927979,0.001617111382074654,0.0019274852238595486,0.0016610485035926104,0.0023659381549805403,0.004303810186684132,0.000919918529689312
260,0.0030616076479678023,0.5123007297515869,0.8666666666666667,0.8167388167388167,0.7941468253968255,0.903211655570146,0.8631313131313131,0.9813019633293152,1.2199233770370483,0.0014950672630220652,0.0005468607996590436,0.0007515110773965716,0.0011561355786398053,0.010803265497088432,0.0006027311319485307
261,0.0030241994888710747,0.5122719407081604,0.8833333333333333,0.8296727743396838,0.8045634920634921,0.9014147103769745,0.8797799619787244,0.9815497994422913,1.2199419736862183,0.0016457054298371077,0.0008037032675929368,0.00038225200842134655,0.00099587079603225,0.000996378599666059,0.0006124064093455672
262,0.0029869297905483136,0.5137627124786377,0.8833333333333333,0.8296727743396838,0.8045634920634921,0.899617765183803,0.8797799619787244,0.9818947315216064,1.2197123765945435,0.0030899245757609606,0.0012887625489383936,0.0011260241735726595,0.001491597737185657,0.05499472841620445,0.0010734332026913762
263,0.00294980110033389,0.5152688026428223,0.8833333333333333,0.8296727743396838,0.8045634920634921,0.8946339300112885,0.8797799619787244,0.9823103547096252,1.2194616794586182,0.00120740185957402,0.0006551312981173396,0.000663510465528816,0.0008584148017689586,0.005323795136064291,0.0004695504030678421
264,0.0029128159559244607,0.5105178952217102,0.8666666666666667,0.7848789183078996,0.7569444444444443,0.8965691017577809,0.8586148428329203,0.9826847910881042,1.2192654609680176,0.0017183193704113364,0.0008625964401289821,0.0008255487773567438,0.0009229465504176915,0.0040140654891729355,0.0008690221584402025
265,0.0028759768852055175,0.5188243389129639,0.8833333333333333,0.8296727743396838,0.8045634920634921,0.9018055123597577,0.8797799619787244,0.9830551147460938,1.219111680984497,0.0016388226067647338,0.0008388442802242935,0.0007583759725093842,0.0005536570097319782,0.006098231300711632,0.0010130126029253006
266,0.002839286406078608,0.5130161046981812,0.8833333333333333,0.8296727743396838,0.8045634920634921,0.9079054189608434,0.8797799619787244,0.9834105968475342,1.2190264463424683,0.0025487106759101152,0.0009777565719559789,0.0007026282255537808,0.001438876148313284,0.007910765707492828,0.00048281491035595536
267,0.0028027470262892437,0.5306528806686401,0.8833333333333333,0.8296727743396838,0.8045634920634921,0.9082774427703674,0.8797799619787244,0.9836558699607849,1.2190239429473877,0.0032687969505786896,0.001981406705453992,0.0016123265959322453,0.0016369203804060817,0.01233963668346405,0.0008917547529563308
268,0.002766361243255496,0.5113141536712646,0.8666666666666667,0.8070005874883924,0.7941468253968255,0.9103798482483624,0.8648719843841797,0.9839510321617126,1.2190353870391846,0.0018697945633903146,0.0016085923416540027,0.0013208786258473992,0.001149992342106998,0.002942486433312297,0.0011716355802491307
269,0.002730131543897301,0.5179597735404968,0.8833333333333333,0.8444742249620298,0.841765873015873,0.9083269379554757,0.8836210131332083,0.9843512177467346,1.2188984155654907,0.0033418387174606323,0.001635248539969325,0.0016595600172877312,0.0015734295593574643,0.04925575479865074,0.0014832457527518272
270,0.0026940604044664858,0.5189460515975952,0.8833333333333333,0.8444742249620298,0.841765873015873,0.9038345749725467,0.8836210131332083,0.9847092628479004,1.2187292575836182,0.0028325950261205435,0.001836294773966074,0.002671115566045046,0.0024184456560760736,0.007884223014116287,0.0013316244585439563
271,0.002658150290377515,0.509823203086853,0.8833333333333333,0.8444742249620298,0.841765873015873,0.9037501031899616,0.8836210131332083,0.9850608706474304,1.2185314893722534,0.0011911706533282995,0.0011706053046509624,0.0004966157139278948,0.001063838368281722,0.008434857241809368,0.0005501120467670262
272,0.0026224036560389846,0.5095611810684204,0.8833333333333333,0.8444742249620298,0.841765873015873,0.9028866071908525,0.8836210131332083,0.9854108691215515,1.2183494567871094,0.00048457086086273193,0.00019475471344776452,0.00023401316138915718,0.0003858496493194252,0.0005013171466998756,0.00025154842296615243
273,0.0025868229446858685,0.5121679902076721,0.8666666666666667,0.8167388167388167,0.7941468253968255,0.8990751179725236,0.8631313131313131,0.9857622385025024,1.2181752920150757,0.00147827819455415,0.001956748543307185,0.0007348171202465892,0.0017004068940877914,0.0027933467645198107,0.0007813323172740638
274,0.0025514105882125234,0.5210078954696655,0.8666666666666667,0.8167388167388167,0.7941468253968255,0.8963797001827661,0.8631313131313131,0.9861598014831543,1.2179760932922363,0.0018531205132603645,0.000742104894015938,0.0015201640781015158,0.0004523399693425745,0.009608867578208447,0.0014634976396337152
275,0.002516169007006475,0.5082895159721375,0.8666666666666667,0.8167388167388167,0.7941468253968255,0.9003807109644374,0.8631313131313131,0.9865471124649048,1.2177948951721191,8.20177374407649e-05,0.000141162978252396,3.6717436159960926e-05,6.803148426115513e-05,0.0004018431936856359,5.626838901662268e-05
276,0.0024811006097829845,0.5106251239776611,0.8666666666666667,0.8167388167388167,0.7941468253968255,0.8976852931746798,0.8631313131313131,0.9869240522384644,1.217628002166748,0.000599574064835906,0.0005039363168179989,0.00037232882459647954,0.00032139912946149707,0.00113027507904917,0.0002384139079367742
277,0.002446207793420422,0.5172290802001953,0.8666666666666667,0.8167388167388167,0.7941468253968255,0.8989907661782661,0.8631313131313131,0.987240731716156,1.2175484895706177,0.0013404133496806026,0.0010349703952670097,0.0010733327362686396,0.0008014031336642802,0.015594503842294216,0.0010854315478354692
278,0.002411492942796432,0.508065938949585,0.8666666666666667,0.8167388167388167,0.7941468253968255,0.9020582077775474,0.8631313131313131,0.9875462055206299,1.217469573020935,0.0011994820088148117,0.00036447032471187413,0.0005421435344032943,0.00042406885768286884,0.0016207521548494697,0.00033588596852496266
279,0.0023769584306249435,0.5080666542053223,0.8666666666666667,0.8167388167388167,0.7941468253968255,0.9042271767802429,0.8631313131313131,0.9878414273262024,1.217395544052124,0.00014293256390374154,6.532854604301974e-05,0.00010645118163665757,0.00012212379078846425,0.0005599816795438528,0.00011089813051512465
280,0.0023426066172939877,0.5118938684463501,0.8666666666666667,0.8167388167388167,0.7941468253968255,0.9039891199384124,0.8631313131313131,0.9880180358886719,1.217452049255371,0.0033299827482551336,0.001954833511263132,0.0023302859626710415,0.0019135226029902697,0.027806144207715988,0.001929639489389956
281,0.002308439850704377,0.5098192691802979,0.8666666666666667,0.8167388167388167,0.7941468253968255,0.9040386151235208,0.8631313131313131,0.9881666898727417,1.217521071434021,0.002473167609423399,0.0005945073789916933,0.0006974198040552437,0.0006982417544350028,0.004351062700152397,0.0005513257347047329
282,0.002274460466109219,0.5089362263679504,0.8666666666666667,0.8167388167388167,0.7941468253968255,0.9046145590956911,0.8631313131313131,0.9883210062980652,1.2175819873809814,0.0003076057182624936,0.0002794490719679743,0.00027161178877577186,0.00019481945491861552,0.0015005661407485604,0.00014432136958930641
283,0.0022406707859543205,0.5212063789367676,0.85,0.7719626973358316,0.7465277777777777,0.9042920304712757,0.8419945725915875,0.9884631037712097,1.217664122581482,0.0010446299565955997,0.0009646052494645119,0.0004973086179234087,0.0008433407638221979,0.0127795385196805,0.000996652990579605
284,0.002207073119719429,0.5110350251197815,0.85,0.7719626973358316,0.7465277777777777,0.9018500280292733,0.8419945725915875,0.9886323809623718,1.217724323272705,0.001057086163200438,0.0010279981652274728,0.0005312798894010484,0.0007165887509472668,0.0032417899928987026,0.0004743759927805513
285,0.0021736697637604056,0.5101513862609863,0.85,0.7719626973358316,0.7465277777777777,0.9010710038127491,0.8419945725915875,0.9888264536857605,1.217776894569397,0.0008202925091609359,0.0004195860237814486,0.0004935813485644758,0.0006836066604591906,0.0016616408247500658,0.00038738062721677125
286,0.0021404630011522584,0.5101593732833862,0.85,0.7719626973358316,0.7465277777777777,0.8998500025917479,0.8419945725915875,0.989028811454773,1.2178220748901367,0.0005088369944132864,0.0001788798108464107,0.00021764056873507798,0.0002274020662298426,0.0011634607799351215,0.00017351754650007933
287,0.0021074551015331003,0.5095747709274292,0.8666666666666667,0.8167388167388167,0.7941468253968255,0.8980530573985762,0.8631313131313131,0.989229679107666,1.2178730964660645,0.000293993012746796,0.0005149073549546301,0.00030586254433728755,0.00023839414643589407,0.0033028218895196915,0.00031814875546842813
288,0.0020746483209490257,0.5096504092216492,0.8666666666666667,0.8167388167388167,0.7941468253968255,0.8962561122054046,0.8631313131313131,0.9894425868988037,1.2179057598114014,0.0006458878633566201,0.00046112624113447964,0.0003640495124273002,0.0004899410996586084,0.004512668587267399,0.00024736192426644266
289,0.002042044901699908,0.5243456363677979,0.8666666666666667,0.8167388167388167,0.7941468253968255,0.8955120645863571,0.8631313131313131,0.9896674156188965,1.2179242372512817,0.0009810433257371187,0.0008736234158277512,0.0004066632827743888,0.0015327446162700653,0.0015723310643807054,0.0008939662366174161
290,0.0020096470721861445,0.508731484413147,0.8666666666666667,0.8167388167388167,0.7941468253968255,0.8945291202071862,0.8631313131313131,0.9898954033851624,1.2179330587387085,0.0003024237812496722,0.0002831305318977684,0.00024330249289050698,0.0003613706794567406,0.0009626655373722315,0.00020518888777587563
291,0.0019774570467563477,0.5080033540725708,0.85,0.7938949938949939,0.7837301587301587,0.8930197270409534,0.847948717948718,0.9901241660118103,1.2179332971572876,0.00039758748607710004,0.0002691084810066968,0.0001864808873506263,0.00023373065050691366,0.0014500824036076665,0.0001760934537742287
292,0.001945477025555992,0.5132492184638977,0.85,0.7938949938949939,0.7837301587301587,0.8950547290759555,0.847948717948718,0.9904038906097412,1.217896819114685,0.002150517189875245,0.0005991747020743787,0.001692776451818645,0.0015254428144544363,0.017430251464247704,0.0011127565521746874
293,0.0019137091943770502,0.5082811117172241,0.85,0.7938949938949939,0.7837301587301587,0.8946827052664316,0.847948717948718,0.9906704425811768,1.2178581953048706,0.0006676847697235644,0.0005067710299044847,0.0005191478412598372,0.0006622649962082505,0.0014073889469727874,0.00033591498504392803
294,0.0018821557245085828,0.5079053640365601,0.85,0.7938949938949939,0.7837301587301587,0.8937842326698459,0.847948717948718,0.9909297227859497,1.2178163528442383,0.0003231189330108464,0.00021072312665637583,0.00026550370967015624,0.00041612176573835313,0.001317418529652059,0.00015606866509187967
295,0.0018508187725883422,0.5076351165771484,0.85,0.7938949938949939,0.7837301587301587,0.8941562564793696,0.847948717948718,0.991176426410675,1.217774510383606,0.00012680140207521617,4.0587849071016535e-05,2.444089659547899e-05,3.7512232665903866e-05,0.00046910071978345513,4.4540956878336146e-05
296,0.0018197004804553652,0.5088323354721069,0.85,0.7938949938949939,0.7837301587301587,0.8943422683841314,0.847948717948718,0.9914100766181946,1.2177348136901855,0.00016149521979968995,9.741735266288742e-05,5.835468982695602e-05,0.00013602391118183732,0.0003739005187526345,6.04077176831197e-05
297,0.0017888029750035847,0.517298698425293,0.85,0.7938949938949939,0.7837301587301587,0.8966972492915888,0.847948717948718,0.9916609525680542,1.2176251411437988,0.0038700320292264223,0.0009404637385159731,0.002346362918615341,0.001605235505849123,0.020678812637925148,0.001061172690242529
298,0.0017581283680364525,0.5080357789993286,0.8666666666666667,0.8070005874883924,0.7941468253968255,0.8987467699142228,0.8648719843841797,0.991888165473938,1.2175266742706299,0.00036380847450345755,0.00018803129205480218,0.00016805862833280116,0.00017967019812203944,0.0012216061586514115,8.017377695068717e-05
299,0.0017276787561226095,0.524878978729248,0.8666666666666667,0.8070005874883924,0.7941468253968255,0.8996802191082852,0.8648719843841797,0.9922696948051453,1.217442512512207,0.0041139875538647175,0.003834197297692299,0.0034442057367414236,0.0014842994278296828,0.002715031150728464,0.00246041058562696
300,0.0016974562204525828,0.5073527693748474,0.8666666666666667,0.8070005874883924,0.7941468253968255,0.8997151957057617,0.8648719843841797,0.9926121234893799,1.2173683643341064,0.00024367748119402677,0.00035193024086765945,0.00020808211411349475,0.00036038411781191826,0.001564925303682685,0.00025823796750046313
301,0.0016674628266965387,0.5129172205924988,0.8666666666666667,0.8070005874883924,0.7941468253968255,0.899343171896238,0.8648719843841797,0.9928877949714661,1.217308521270752,0.000714765687007457,0.0005292676505632699,0.0011203223839402199,0.001865509431809187,0.0026421889197081327,0.0005164704052731395
302,0.0016377006248631,0.5099172592163086,0.8666666666666667,0.8070005874883924,0.7941468253968255,0.9006136683023476,0.8648719843841797,0.9931172728538513,1.217257022857666,0.0005101714050397277,0.0005728458636440337,0.0004911370924673975,0.0016283916775137186,0.00256039435043931,0.00022173012257553637
303,0.001608171649159226,0.507698118686676,0.8666666666666667,0.8070005874883924,0.7941468253968255,0.9024106134955191,0.8648719843841797,0.993325412273407,1.2172116041183472,0.00017549445328768343,0.0001520680816611275,0.0001543392427265644,0.00019901810446754098,0.0013842115877196193,0.00020366322132758796
304,0.0015788779178511816,0.5205425024032593,0.8666666666666667,0.8070005874883924,0.7941468253968255,0.902782637305043,0.8648719843841797,0.9935984015464783,1.2171306610107422,0.0027751063462346792,0.0007431037956848741,0.0012691870797425508,0.000890957482624799,0.016100797802209854,0.0007300874567590654
305,0.0015498214331265902,0.5075363516807556,0.8666666666666667,0.8070005874883924,0.7941468253968255,0.902782637305043,0.8648719843841797,0.9938431978225708,1.2170557975769043,0.0001263988669961691,0.000112477908260189,0.00012912627425976098,8.556173997931182e-05,0.001235269126482308,0.00011774432641686872
306,0.001521004180957585,0.5061699748039246,0.8666666666666667,0.8070005874883924,0.7941468253968255,0.9041230869061058,0.8648719843841797,0.9940662384033203,1.2169855833053589,6.858961569378152e-05,5.923309799982235e-05,6.13938391325064e-05,6.390401540556923e-05,0.0004664518346544355,3.5841330827679485e-05
307,0.001492428130965072,0.5087915658950806,0.8666666666666667,0.8070005874883924,0.7941468253968255,0.9041230869061058,0.8648719843841797,0.9942622184753418,1.216920256614685,0.0012897708220407367,0.0011548103066161275,0.0006712022586725652,0.0007281649741344154,0.0004753864777740091,0.0009225203539244831
308,0.0014640952362841098,0.5232417583465576,0.8666666666666667,0.8070005874883924,0.7941468253968255,0.905955008696754,0.8648719843841797,0.9943857192993164,1.2168601751327515,0.0057495092041790485,0.0011907730950042605,0.001266123028472066,0.0008513391367159784,0.0019040423212572932,0.001048332778736949
309,0.0014360074334304135,0.5117161273956299,0.8666666666666667,0.8070005874883924,0.7941468253968255,0.9077519538899256,0.8648719843841797,0.9944804310798645,1.2168091535568237,0.0018625620286911726,0.0008089577313512564,0.0010648778406903148,0.0009947429643943906,0.0019776178523898125,0.000796037376858294
310,0.0014081666421679989,0.5180470943450928,0.8666666666666667,0.8167388167388167,0.7941468253968255,0.9082434260795109,0.8631313131313131,0.9945331811904907,1.2167961597442627,0.001467216177843511,0.0009344497811980546,0.0008307140087708831,0.0020769366528838873,0.015893522650003433,0.0014385132817551494
311,0.0013805747653779662,0.5084891319274902,0.8666666666666667,0.8167388167388167,0.7941468253968255,0.9069729296734014,0.8631313131313131,0.9945791959762573,1.216782808303833,0.00024051184300333261,0.00016588365542702377,0.00019295555830467492,0.00014607813500333577,0.0007540446822531521,0.00019627738220151514
312,0.00135323368892844,0.5080999732017517,0.8666666666666667,0.8167388167388167,0.7941468253968255,0.9062288820543539,0.8631313131313131,0.9946261644363403,1.2167682647705078,3.374605512362905e-05,1.9483250071061775e-05,3.6883982829749584e-05,4.701252328231931e-05,0.0004774713597726077,1.4621962691308e-05
313,0.001326145281545679,0.5085105299949646,0.8666666666666667,0.8167388167388167,0.7941468253968255,0.9062638586518302,0.8631313131313131,0.9946754574775696,1.2167587280273438,0.0004016524471808225,0.00031315209344029427,0.00018052739324048162,0.00018926072516478598,0.002108006039634347,9.574225259711966e-05
314,0.0012993113946863431,0.5097150802612305,0.85,0.7938949938949939,0.7837301587301587,0.9060778467470684,0.847948717948718,0.9946738481521606,1.2167468070983887,0.004104680381715298,0.0007994981715455651,0.001349744270555675,0.001617794274352491,0.0021103094331920147,0.0014455037890002131
315,0.0012727338624109576,0.5185390710830688,0.85,0.7938949938949939,0.7837301587301587,0.9063338118467836,0.847948717948718,0.9946264028549194,1.2167426347732544,0.0012834023218601942,0.0017239092849195004,0.0012893071398139,0.001090233214199543,0.009859569370746613,0.0015392727218568325
316,0.0012464145012585474,0.5087501406669617,0.85,0.7938949938949939,0.7837301587301587,0.906825284036369,0.847948717948718,0.9945910573005676,1.2167351245880127,0.000925319385714829,0.00015024446474853903,7.112421735655516e-05,0.000106515632069204,0.0002954638912342489,5.945438169874251e-05
317,0.0012203551101224882,0.5109413862228394,0.85,0.7938949938949939,0.7837301587301587,0.9047902820013669,0.847948717948718,0.9945652484893799,1.2167094945907593,0.0008637953433208168,0.0006691115559078753,0.00035722245229408145,0.0009550893446430564,0.007406223565340042,0.0007521428633481264
318,0.001194557470127544,0.5097982287406921,0.85,0.7938949938949939,0.7837301587301587,0.9031622803733653,0.847948717948718,0.9945517778396606,1.2166852951049805,0.00017431247397325933,0.00011956133675994352,0.00014674117846880108,0.00014623226888943464,0.001648627920076251,0.0001673339429544285
319,0.001169023344508143,0.5116705894470215,0.85,0.7938949938949939,0.7837301587301587,0.901499302147887,0.847948717948718,0.9945118427276611,1.2166666984558105,0.0012013664236292243,0.0009312346810474992,0.0010838689049705863,0.00151217938400805,0.009049931541085243,0.0009797493694350123
320,0.0011437544784878525,0.5087310075759888,0.85,0.7938949938949939,0.7837301587301587,0.9028892469340581,0.847948717948718,0.9944855570793152,1.2166457176208496,8.852830796968192e-05,8.131787762977183e-05,7.914118032203987e-05,9.340166434412822e-05,0.00033071631332859397,6.738246156601235e-05
321,0.0011187525991600985,0.5081822872161865,0.85,0.7938949938949939,0.7837301587301587,0.9028892469340583,0.847948717948718,0.9944727420806885,1.2166240215301514,0.00018298682698514313,7.254951924551278e-05,0.0001366651413263753,0.00014497866504825652,0.00021625477529596537,0.00014594742970075458
322,0.001094019415370123,0.5097372531890869,0.85,0.7938949938949939,0.7837301587301587,0.9043141683177062,0.847948717948718,0.9944680333137512,1.2166030406951904,0.0003116375009994954,0.00013531475269701332,0.00026628663181327283,0.00019483394862618297,0.0004935857723467052,0.0002899394021369517
323,0.0010695566175981828,0.5073442459106445,0.85,0.7938949938949939,0.7837301587301587,0.9048406171047679,0.847948717948718,0.9944726824760437,1.2165807485580444,0.00014721747720614076,9.166634845314547e-05,7.911741704447195e-05,0.00010235118679702282,0.0007483954541385174,9.585639782017097e-05
324,0.0010453658778440107,0.508038341999054,0.85,0.7938949938949939,0.7837301587301587,0.9066375622979397,0.847948717948718,0.9944868683815002,1.2165580987930298,0.00030308158602565527,0.0002008583105634898,0.00020259598386473954,0.00032808614196255803,0.0007870570407249033,0.00026756725856103003
325,0.0010214488495125353,0.5075721740722656,0.85,0.7938949938949939,0.7837301587301587,0.9075360348945255,0.847948717948718,0.9945082664489746,1.2165342569351196,0.00022380406153388321,0.00011764877126552165,0.00012112937838537619,0.00017800538626033813,0.0007942475494928658,0.00014734517026226968
326,0.0009978071673008729,0.5078953504562378,0.85,0.7938949938949939,0.7837301587301587,0.9075360348945255,0.847948717948718,0.9945099949836731,1.216525912284851,0.0010949574643746018,0.0024569123052060604,0.00113810901530087,0.001458657905459404,0.010887193493545055,0.00038520051748491824
327,0.0009744424470865977,0.5158432722091675,0.85,0.7938949938949939,0.7837301587301587,0.9076904598720636,0.847948717948718,0.9945192933082581,1.2165133953094482,0.0013971454463899136,0.0034228290896862745,0.0037048764061182737,0.0024679256603121758,0.010164547711610794,0.0035639966372400522
328,0.0009513562858173009,0.5064139366149902,0.85,0.7938949938949939,0.7837301587301587,0.9085889324686495,0.847948717948718,0.9945342540740967,1.21649968624115,8.90214359969832e-05,6.548424426000565e-05,4.3657571950461715e-05,5.399465226219036e-05,0.00013461388880386949,2.8555868993862532e-05
329,0.0009285502614014378,0.5085500478744507,0.85,0.7938949938949939,0.7837301587301587,0.9082169086591257,0.847948717948718,0.994562029838562,1.2164764404296875,0.0019748907070606947,0.0010772921377792954,0.0006371922208927572,0.0011657894356176257,0.004001659341156483,0.0004739419964607805
330,0.0009060259326004838,0.5083032846450806,0.85,0.7938949938949939,0.7837301587301587,0.9082169086591257,0.847948717948718,0.9946020841598511,1.216452956199646,0.0009061301243491471,0.0008532239589840174,0.0006185905076563358,0.0005589431384578347,0.0012414027005434036,0.00047017482575029135
331,0.000883784838922391,0.5073980093002319,0.85,0.7938949938949939,0.7837301587301587,0.9082169086591257,0.847948717948718,0.9946566224098206,1.2164278030395508,0.0010272865183651447,0.0010259341215714812,0.0010834855493158102,0.0008174567483365536,0.0024232380092144012,0.001140578300692141
332,0.0008618285005163704,0.5088052749633789,0.85,0.7938949938949939,0.7837301587301587,0.9073184360625399,0.847948717948718,0.9947217702865601,1.2164026498794556,0.0021426102612167597,0.0008693389827385545,0.0008404062828049064,0.0006329938769340515,0.0006497303838841617,0.0012170533882454038
333,0.0008401584180689843,0.5091742277145386,0.85,0.7938949938949939,0.7837301587301587,0.9064199634659541,0.847948717948718,0.9947866797447205,1.2163716554641724,0.000751246465370059,0.000821148743852973,0.0006294986233115196,0.0008414792246185243,0.003255399176850915,0.0006223425734788179
334,0.000818776072701583,0.5077054500579834,0.85,0.7938949938949939,0.7837301587301587,0.9070129757777163,0.847948717948718,0.994868278503418,1.2163423299789429,0.0007152723264880478,0.000499579356983304,0.0016517757903784513,0.0008831016602925956,0.0009533560369163752,0.000617031182628125
335,0.0007976829258690679,0.5074108839035034,0.85,0.7938949938949939,0.7837301587301587,0.906605975370716,0.847948717948718,0.994945228099823,1.2163143157958984,7.780534360790625e-05,6.475193367805332e-05,7.516111509175971e-05,6.083099287934601e-05,0.00018592170090414584,5.79414663661737e-05
336,0.0007768804192600093,0.5078014135360718,0.85,0.7938949938949939,0.7837301587301587,0.9068269638729545,0.847948717948718,0.9950246214866638,1.216287612915039,0.002275326056405902,0.0006390847265720367,0.000639605859760195,0.00030625847284682095,0.000516568950843066,0.00040306596201844513
337,0.0007563699746980984,0.5074594020843506,0.85,0.7938949938949939,0.7837301587301587,0.9068269638729545,0.847948717948718,0.995101273059845,1.2162611484527588,0.0008400516235269606,0.0002637562865857035,0.00015997760056052357,0.0003392586368136108,0.0016568475402891636,0.00035751255927607417
338,0.0007361529940449782,0.5070034265518188,0.85,0.7938949938949939,0.7837301587301587,0.9076409646869553,0.847948717948718,0.995171844959259,1.2162342071533203,0.00010018551256507635,0.00010515739268157631,3.384150113561191e-05,0.00016581032832618803,0.001034636632539332,5.630153100355528e-05
339,0.0007162308591044182,0.5080589056015015,0.85,0.7938949938949939,0.7837301587301587,0.9080479650939557,0.847948717948718,0.995232343673706,1.2162082195281982,0.001169332885183394,0.000495702086482197,0.00047805174835957587,0.0006660710787400603,0.0015753584448248148,0.00038897822378203273
340,0.0006966049315278798,0.5080476999282837,0.85,0.7938949938949939,0.7837301587301587,0.9088619659079565,0.847948717948718,0.9952704906463623,1.2161831855773926,0.0011039547389373183,0.0005100739654153585,0.0013417003210633993,0.0014978854451328516,0.0018638195469975471,0.0006902873865328729
341,0.0006772765527214417,0.5162684917449951,0.85,0.7938949938949939,0.7837301587301587,0.9088619659079565,0.847948717948718,0.995308518409729,1.2161580324172974,0.003743305103853345,0.0006899589207023382,0.002536557847633958,0.00160865462385118,0.0023432259913533926,0.0007625583093613386
342,0.0006582470437541217,0.508174479007721,0.85,0.7938949938949939,0.7837301587301587,0.9088619659079565,0.847948717948718,0.9953416585922241,1.2161319255828857,0.0003467221395112574,0.00027284128009341657,0.0007515364559367299,0.0006287561263889074,0.005100932437926531,0.0005469103343784809
343,0.0006395177052675795,0.5078997611999512,0.85,0.7938949938949939,0.7837301587301587,0.9092689663149569,0.847948717948718,0.9953738451004028,1.2161071300506592,8.665081986691803e-05,2.5340959837194532e-05,5.133135709911585e-05,4.6728848246857524e-05,0.00036758018541149795,6.71908346703276e-05
344,0.0006210898173872209,0.5078448057174683,0.85,0.7938949938949939,0.7837301587301587,0.9092689663149569,0.847948717948718,0.9954022169113159,1.2160844802856445,0.000650994130410254,0.00044717418495565653,0.000629371905233711,0.0005290311528369784,0.0006072134128771722,0.0003387108736205846
345,0.0006029646396347048,0.5115474462509155,0.85,0.7938949938949939,0.7837301587301587,0.9104899675359581,0.847948717948718,0.9954363703727722,1.2160578966140747,0.0018416664097458124,0.0018756291829049587,0.0027814828790724277,0.0017261465545743704,0.01131393015384674,0.0017980127595365047
346,0.000585143410841854,0.5071673393249512,0.85,0.7938949938949939,0.7837301587301587,0.9104899675359581,0.847948717948718,0.9954680800437927,1.2160333395004272,0.00013085133105050772,0.00014240716700442135,0.00013515452155843377,0.000151642452692613,0.00048720691120252013,4.193333734292537e-05
347,0.0005676273490659822,0.5068057179450989,0.85,0.7938949938949939,0.7837301587301587,0.911303968349959,0.847948717948718,0.995498538017273,1.2160100936889648,3.593715882743709e-05,1.5646952306269668e-05,1.9588003851822577e-05,1.966578929568641e-05,7.25515783415176e-05,2.199008122261148e-05
348,0.0005504176515066467,0.5071055889129639,0.85,0.7938949938949939,0.7837301587301587,0.9115915203768977,0.847948717948718,0.9955276250839233,1.2159883975982666,0.00012027107732137665,7.985733827808872e-05,5.4492025810759515e-05,5.9810819948324934e-05,0.0004851751436945051,5.994386810925789e-05
349,0.0005335154944238117,0.5086278915405273,0.85,0.7938949938949939,0.7837301587301587,0.9119985207838982,0.847948717948718,0.9955505132675171,1.215971827507019,0.0017237068386748433,0.00041521649109199643,0.0006654383614659309,2.494571526767686e-05,0.007759653963148594,0.0009943803306668997
350,0.0005169220330574664,0.5080910921096802,0.85,0.7938949938949939,0.7837301587301587,0.9124055211908986,0.847948717948718,0.9955663084983826,1.2159594297409058,0.001197294914163649,0.0011842736275866628,0.0007140819798223674,0.0015849651535972953,0.003366585122421384,0.0009236996993422508
351,0.0005006384015486492,0.5087118744850159,0.85,0.7938949938949939,0.7837301587301587,0.9124055211908986,0.847948717948718,0.9955927133560181,1.2159478664398193,0.0022750284988433123,0.0009800497209653258,0.0008395579643547535,0.001236514886841178,0.0008375397883355618,0.0006219950737431645
352,0.00048466571286194553,0.506580650806427,0.85,0.7938949938949939,0.7837301587301587,0.9124055211908986,0.847948717948718,0.9956204891204834,1.2159379720687866,0.0025502874050289392,0.0027198907919228077,0.002578670158982277,0.001516937161795795,0.0016496526077389717,0.0013834551209583879
353,0.00046900505870941026,0.5173645615577698,0.85,0.7938949938949939,0.7837301587301587,0.9127775450004224,0.847948717948718,0.995644748210907,1.2159278392791748,0.00148179498501122,0.001205493463203311,0.0016026655212044716,0.0013870667899027467,0.0013990503503009677,0.0019635192584246397
354,0.00045365750947594944,0.5080858469009399,0.85,0.7938949938949939,0.7837301587301587,0.9127775450004224,0.847948717948718,0.9956715703010559,1.2159181833267212,0.0008187501807697117,0.000523144262842834,0.00037879287265241146,0.0006499961018562317,0.0004626445297617465,0.00039663619827479124
355,0.00043862411414616955,0.5087283849716187,0.85,0.7938949938949939,0.7837301587301587,0.9127775450004224,0.847948717948718,0.9956782460212708,1.2159106731414795,0.004266012459993362,0.00399544183164835,0.002742788987234235,0.0015005851164460182,0.0035716837737709284,0.0020511820912361145
356,0.0004239059002326682,0.5087857246398926,0.85,0.7938949938949939,0.7837301587301587,0.912370544593422,0.847948717948718,0.995672345161438,1.2159044742584229,0.001312350039370358,0.001738540711812675,0.0015722912503406405,0.0006683796527795494,0.0019112889422103763,0.0011544155422598124
357,0.00040950387370581904,0.5162950158119202,0.85,0.7938949938949939,0.7837301587301587,0.9132690171900077,0.847948717948718,0.9956686496734619,1.2159006595611572,0.00024245727399829775,0.0001833507849369198,8.22050278657116e-05,8.986550528788939e-05,0.002500198082998395,0.00023823311494197696
358,0.00039541901892500223,0.5070631504058838,0.85,0.7938949938949939,0.7837301587301587,0.9128969933804839,0.847948717948718,0.9956673383712769,1.2158960103988647,2.5344583264086396e-05,2.0599787603714503e-05,1.4267408005252946e-05,1.5865920431679115e-05,5.5448414059355855e-05,1.7062278857338242e-05
359,0.00038165229857133195,0.5089161396026611,0.85,0.7938949938949939,0.7837301587301587,0.9128969933804839,0.847948717948718,0.9956682324409485,1.215890884399414,8.802315278444439e-05,3.4772634535329416e-05,7.09719824953936e-05,0.00012415781384333968,0.0006878143176436424,3.226250919396989e-05
360,0.00036820465358185857,0.5093589425086975,0.85,0.7938949938949939,0.7837301587301587,0.9137954659770697,0.847948717948718,0.9956648945808411,1.215888261795044,0.0008336894679814577,0.0004869552794843912,0.0006922531174495816,0.00030619464814662933,0.006869216915220022,0.0007672378560528159
361,0.00035507700308525403,0.507912278175354,0.85,0.7938949938949939,0.7837301587301587,0.9137954659770697,0.847948717948718,0.9956638216972351,1.215884804725647,0.000130439642816782,0.00010228336759610102,9.940558084053919e-05,7.611722685396671e-05,7.424285286106169e-05,7.302872836589813e-05
362,0.00034227024433899005,0.5078713893890381,0.85,0.7938949938949939,0.7837301587301587,0.9146939385736556,0.847948717948718,0.9956628680229187,1.2158817052841187,0.0004238965339027345,0.0003612582804635167,0.00018166398513130844,0.000293035147478804,0.001055501983501017,0.00034303462598472834
363,0.00032978525266801593,0.5131974220275879,0.85,0.7938949938949939,0.7837301587301587,0.9146939385736556,0.847948717948718,0.9956448078155518,1.215880274772644,0.0037225650157779455,0.0014762841165065765,0.0023989800829440355,0.00355768040753901,0.0028854578267782927,0.0020010434091091156
364,0.0003176228814049297,0.5061458349227905,0.85,0.7938949938949939,0.7837301587301587,0.9146939385736556,0.847948717948718,0.9956309199333191,1.215877890586853,0.00010923648369498551,0.00013515277532860637,0.0001320488954661414,0.0001289387873839587,0.00014485433348454535,9.838488040259108e-05
365,0.0003057839618316491,0.5070670247077942,0.85,0.7938949938949939,0.7837301587301587,0.9150659623831793,0.847948717948718,0.9956209659576416,1.2158749103546143,0.0010582524118945003,0.00022340496070683002,0.0008571039070375264,0.0007900642231106758,0.00034197382046841085,0.00034645089181140065
366,0.00029426930312260227,0.5063433647155762,0.8666666666666667,0.8313492063492064,0.8313492063492064,0.9150659623831793,0.8666666666666667,0.9956138134002686,1.2158713340759277,5.35048711753916e-05,2.7961192245129496e-05,3.179123450536281e-05,3.475369157968089e-05,9.699470683699474e-05,2.6621892175171524e-05
367,0.00028307969228941415,0.5064354538917542,0.8666666666666667,0.8313492063492064,0.8313492063492064,0.9150659623831793,0.8666666666666667,0.9956091046333313,1.2158674001693726,4.1538634832249954e-05,2.7184370992472395e-05,1.3133319953340106e-05,2.061541636066977e-05,0.00018204539082944393,2.7632135243038647e-05
368,0.00027221589412712463,0.5067825317382812,0.8666666666666667,0.8313492063492064,0.8313492063492064,0.9150659623831793,0.8666666666666667,0.9956058263778687,1.2158637046813965,0.0002596454869490117,0.00017491467588115484,0.00011337748583173379,0.00015107069339137524,0.000998997944407165,9.003005106933415e-05
369,0.0002616786511619041,0.5070035457611084,0.8666666666666667,0.8313492063492064,0.8313492063492064,0.9150659623831793,0.8666666666666667,0.9956037402153015,1.2158598899841309,0.00019506450917106122,0.00022523746883962303,0.00034265517024323344,0.0001689769560471177,0.00113946374040097,0.00018915887631010264
370,0.00025146868360031467,0.510766327381134,0.8666666666666667,0.8313492063492064,0.8313492063492064,0.9150659623831793,0.8666666666666667,0.9956026077270508,1.2158455848693848,0.0015989476814866066,0.0020227001514285803,0.0015687678242102265,0.0017734791617840528,0.015014074742794037,0.0013238168321549892
371,0.00024158668928007498,0.5077625513076782,0.8666666666666667,0.8313492063492064,0.8313492063492064,0.9150659623831793,0.8666666666666667,0.9956017136573792,1.2158327102661133,0.0002927332534454763,0.0003296998329460621,0.0003505783970467746,0.0002114618255291134,0.00018093589460477233,0.0002190607483498752
372,0.00023203334362237158,0.5073237419128418,0.85,0.7938949938949939,0.7837301587301587,0.9150659623831793,0.847948717948718,0.9956018328666687,1.2158209085464478,9.64592763921246e-05,4.5264368964126334e-05,6.993300485191867e-05,0.00011310654372209683,0.0004541802336461842,7.378283044090495e-05
373,0.00022280929958568842,0.5092834234237671,0.85,0.7938949938949939,0.7837301587301587,0.9154379861927032,0.847948717948718,0.9956034421920776,1.2158102989196777,0.0012322525726631284,0.001036978792399168,0.0004524943942669779,0.001676948624663055,0.000723592471331358,0.0006867268239147961
374,0.00021391518762118363,0.5122667551040649,0.85,0.7938949938949939,0.7837301587301587,0.9159644349797652,0.847948717948718,0.9956058859825134,1.215800404548645,0.0033101702574640512,0.0016114723403006792,0.0009727575234137475,0.0019257813692092896,0.0017658196156844497,0.0014252199325710535
375,0.00020535161562959536,0.5079232454299927,0.85,0.7938949938949939,0.7837301587301587,0.9161504468845271,0.847948717948718,0.995609700679779,1.2157912254333496,0.0014410685980692506,0.0005333359003998339,0.0009339529206044972,0.0007946770056150854,0.0007539789075963199,0.000529467361047864
376,0.0001971191689196937,0.5090456008911133,0.85,0.7938949938949939,0.7837301587301587,0.9161504468845271,0.847948717948718,0.9956141710281372,1.2157793045043945,0.0005202568136155605,0.0005238237790763378,0.0006217472837306559,0.0014093845384195447,0.006386566441506147,0.00044550362508744
377,0.0001892184101682762,0.5113962888717651,0.85,0.7938949938949939,0.7837301587301587,0.9165224706940509,0.847948717948718,0.9956167936325073,1.2157690525054932,0.002441206481307745,0.000605714216362685,0.00077042356133461,0.0013707812177017331,0.0019761512521654367,0.0013891925336793065
378,0.0001816498793817073,0.5069032311439514,0.85,0.7938949938949939,0.7837301587301587,0.9167084825988128,0.847948717948718,0.9956200122833252,1.215759515762329,6.215622852323577e-05,3.31173614540603e-05,4.1468294512014836e-05,4.764377081301063e-05,0.00012055093247909099,3.394736995687708e-05
379,0.00017441409385901422,0.5102602243423462,0.85,0.7938949938949939,0.7837301587301587,0.9167084825988128,0.847948717948718,0.9956234097480774,1.21575129032135,0.001390877296216786,0.00016711019270587713,0.0005665779463015497,0.0009026021580211818,0.0015941648744046688,0.0008394436445087194
380,0.00016751154815652453,0.5078279376029968,0.85,0.7938949938949939,0.7837301587301587,0.9167084825988128,0.847948717948718,0.9956275224685669,1.2157436609268188,0.00013678395771421492,0.00011026651918655261,0.00014472943439614028,7.237017416628078e-05,0.0006996860029175878,7.044207450235263e-05
381,0.0001609427140540686,0.5064055919647217,0.85,0.7938949938949939,0.7837301587301587,0.9167084825988128,0.847948717948718,0.9956320524215698,1.2157365083694458,0.00018934770196210593,0.0001937888009706512,0.0002749258419498801,0.0002890084870159626,0.0003323883283883333,0.0001221806014655158
382,0.00015470804052273096,0.5084333419799805,0.85,0.7938949938949939,0.7837301587301587,0.9167084825988128,0.847948717948718,0.9956369996070862,1.2157293558120728,0.0001749145012581721,0.00011285011714790016,0.00019249720207881182,0.00014829740393906832,0.0012413309887051582,7.557516073575243e-05
383,0.00014880795369416665,0.5080708265304565,0.85,0.7938949938949939,0.7837301587301587,0.9167084825988128,0.847948717948718,0.9956422448158264,1.2157225608825684,8.605969196651131e-05,5.999633503961377e-05,6.221847434062511e-05,9.437365224584937e-05,0.0003226622357033193,4.7438545152544975e-05
384,0.0001432428568314728,0.5058977603912354,0.85,0.7938949938949939,0.7837301587301587,0.9167084825988128,0.847948717948718,0.9956474900245667,1.2157162427902222,0.00010426238441141322,0.00010389746603323147,0.0001047880869009532,0.00010951158037642017,0.00011741483467631042,4.372550029074773e-05
385,0.00013801313030162716,0.5055966973304749,0.85,0.7938949938949939,0.7837301587301587,0.9167084825988128,0.847948717948718,0.9956527352333069,1.2157104015350342,4.4782631448470056e-05,2.8349706553854048e-05,2.1044745153631084e-05,6.41433143755421e-05,0.0005662927869707346,5.377903289627284e-05
386,0.0001331191315494912,0.5070829391479492,0.85,0.7938949938949939,0.7837301587301587,0.9167084825988128,0.847948717948718,0.9956583976745605,1.2157049179077148,0.00025936946622096,0.00015193030412774533,0.00018159931642003357,0.00022168701980262995,0.0007333295652642846,6.553323328262195e-05
387,0.00012856119507337867,0.5069913864135742,0.85,0.7938949938949939,0.7837301587301587,0.9167084825988128,0.847948717948718,0.9956631660461426,1.2157007455825806,0.00024380988907068968,0.0006401822320185602,0.0004529392172116786,0.0007951097213663161,0.002890294650569558,0.00022505719971377403
388,0.0001243396324021935,0.5075069665908813,0.85,0.7938949938949939,0.7837301587301587,0.9167084825988128,0.847948717948718,0.9956673979759216,1.2156972885131836,0.0010343590984120965,0.0008428297587670386,0.0004790254752151668,0.0007309553329832852,0.002577617997303605,0.0003367123135831207
389,0.00012045473207413647,0.5084117650985718,0.85,0.7938949938949939,0.7837301587301587,0.9167084825988128,0.847948717948718,0.9956697821617126,1.215697169303894,0.002350539667531848,0.0008925215806812048,0.0008393208845518529,0.0013862820342183113,0.016232002526521683,0.001269788946956396
390,0.00011690675961698426,0.5103654861450195,0.85,0.7938949938949939,0.7837301587301587,0.9167084825988128,0.847948717948718,0.9956704378128052,1.2156977653503418,0.0039587365463376045,0.0007333653047680855,0.0012832150096073747,0.003920865710824728,0.004899625666439533,0.0012857727706432343
391,0.00011369595752994128,0.5081077218055725,0.85,0.7938949938949939,0.7837301587301587,0.9167084825988128,0.847948717948718,0.9956703782081604,1.2156999111175537,0.0005578515701927245,0.0005576721741817892,0.0010679595870897174,0.0009143943898379803,0.010219858027994633,0.0008250636165030301
392,0.00011082254526706605,0.5098959803581238,0.85,0.7938949938949939,0.7837301587301587,0.9167084825988128,0.847948717948718,0.9956693649291992,1.2156950235366821,0.001634106389246881,0.0021099147852510214,0.001839171745814383,0.0015864652814343572,0.020953018218278885,0.0013822324108332396
393,0.00010828671922226878,0.5064421892166138,0.85,0.7938949938949939,0.7837301587301587,0.9156239980974652,0.847948717948718,0.9956681728363037,1.2156912088394165,0.000444741832325235,0.000533800688572228,0.0003986726514995098,0.0004385332576930523,0.0034453750122338533,0.00022065530356485397
394,0.00010608865271589101,0.5087000727653503,0.85,0.7938949938949939,0.7837301587301587,0.9154379861927032,0.847948717948718,0.9956677556037903,1.2156885862350464,0.0005913001368753612,0.000779834866989404,0.0005597510607913136,0.0008783157682046294,0.006495831534266472,0.0004662800347432494
395,0.00010422849598285996,0.5070704221725464,0.85,0.7938949938949939,0.7837301587301587,0.9154379861927032,0.847948717948718,0.9956667423248291,1.2156866788864136,0.0011589615605771542,0.0007894135778769851,0.000724701676517725,0.00114743213634938,0.005787829868495464,0.000706941878888756
396,0.00010270637616241606,0.5074714422225952,0.85,0.7938949938949939,0.7837301587301587,0.9154379861927032,0.847948717948718,0.9956666231155396,1.2156845331192017,0.0001513646711828187,0.00014360067143570632,0.00014607838238589466,0.00018299350631423295,0.0010569377336651087,0.00013849501556251198
397,0.00010152239728942829,0.506934642791748,0.85,0.7938949938949939,0.7837301587301587,0.9154379861927032,0.847948717948718,0.9956669807434082,1.2156822681427002,0.0003248248540330678,0.00018165854271501303,8.266040094895288e-05,0.00028570598806254566,0.00028307654429227114,0.0001910795399453491
398,0.00010067664028727843,0.5068240165710449,0.85,0.7938949938949939,0.7837301587301587,0.9154379861927032,0.847948717948718,0.995667576789856,1.2156801223754883,0.00032944377744570374,0.00020221472368575633,0.0001557784853503108,0.000349112058756873,0.0008382043452002108,1.6781745216576383e-05
399,0.00010016916296233584,0.505827784538269,0.85,0.7938949938949939,0.7837301587301587,0.9154379861927032,0.847948717948718,0.9956687688827515,1.2156778573989868,0.00010623480193316936,4.242396244080737e-05,6.63863102090545e-05,2.643447987793479e-05,0.000981898163445294,4.406510561238974e-05
400,0.0001,0.5072041749954224,0.85,0.7938949938949939,0.7837301587301587,0.9154379861927032,0.847948717948718,0.9956701993942261,1.2156754732131958,6.278197542997077e-05,9.35441130422987e-05,6.0367856349330395e-05,6.787399615859613e-05,0.00037584127858281136,6.694887269986793e-05
