epoch,lr,c1_loss,boundary_loss,weighted_boundary_loss,total_loss,acc,macro_f1,bacc,macro_auc,weighted_f1,loss_AD_SMCI_MRI,loss_AD_SMCI_PET,loss_AD_SMCI_CSF,loss_AD_SMCI_Risk,loss_AD_SMCI_COG,loss_AD_SMCI_ROI,loss_CN_SMCI_MRI,loss_CN_SMCI_PET,loss_CN_SMCI_CSF,loss_CN_SMCI_Risk,loss_CN_SMCI_COG,loss_CN_SMCI_ROI
1,0.01,3.294834613800049,0.723951518535614,0.1809878796339035,3.4758224487304688,0.35,0.1728395061728395,0.3333333333333333,0.7706190341803549,0.18148148148148147,0.6930019855499268,0.8205264806747437,0.6146910786628723,0.7995781898498535,0.5932731032371521,0.6463761329650879,0.7304352521896362,0.740837574005127,0.7354816198348999,0.9764450788497925,0.6299076080322266,0.7068642377853394
2,0.01,3.0348494052886963,0.8362321853637695,0.20905804634094238,3.2439074516296387,0.35,0.1728395061728395,0.3333333333333333,0.6661993721250797,0.18148148148148147,0.9268973469734192,1.1838600635528564,0.595093309879303,0.8721009492874146,0.309408038854599,0.5655007362365723,1.0898396968841553,1.4044321775436401,0.7774808406829834,1.0061423778533936,0.4841229319572449,0.8199084401130676
3,0.01,5.810496807098389,0.6054229736328125,0.15135574340820312,5.961852550506592,0.3333333333333333,0.182648401826484,0.20833333333333334,0.6007722568748513,0.2922374429223744,0.524527370929718,0.8537791967391968,0.5434364080429077,0.6350083351135254,0.2386905997991562,0.4376099407672882,0.7068939208984375,0.7336947917938232,0.673264741897583,0.84416663646698,0.40548402070999146,0.6685194969177246
4,0.01,4.660574913024902,0.6097174882888794,0.15242937207221985,4.813004493713379,0.4666666666666667,0.23045267489711932,0.2916666666666667,0.5907935476036891,0.3687242798353909,0.4734683632850647,0.5726975202560425,0.5826178789138794,0.6489801406860352,0.21673908829689026,0.4161983132362366,0.6824561357498169,1.0800294876098633,0.7729170918464661,0.7144979238510132,0.4728427231311798,0.6831647753715515
5,0.01,3.9212608337402344,0.6207077503204346,0.15517693758010864,4.076437950134277,0.6,0.5102821616451458,0.6354166666666666,0.6601188436388908,0.4733142037302726,0.48070383071899414,0.6008216738700867,0.6132572889328003,0.6757720112800598,0.21130448579788208,0.45231467485427856,0.7358460426330566,1.0119891166687012,0.838423490524292,0.6496727466583252,0.4441940188407898,0.7341936826705933
6,0.01,3.801032543182373,0.551676869392395,0.13791921734809875,3.9389517307281494,0.6,0.5102821616451458,0.6354166666666666,0.7695143016487357,0.4733142037302726,0.36127403378486633,0.5524621605873108,0.5847813487052917,0.6088626384735107,0.20184507966041565,0.4411790370941162,0.6786473989486694,0.7331537008285522,0.7464526891708374,0.6815047264099121,0.35735902190208435,0.6726002097129822
7,0.01,3.5061237812042236,0.5262367725372314,0.13155919313430786,3.6376829147338867,0.6,0.5047619047619047,0.5982142857142857,0.8575808145383617,0.4742857142857143,0.3787442743778229,0.4718877375125885,0.5453757643699646,0.5879343748092651,0.19325163960456848,0.41318586468696594,0.6669571399688721,0.6450031399726868,0.6862884759902954,0.7130333185195923,0.38997840881347656,0.6232012510299683
8,0.01,2.582418918609619,0.5341166257858276,0.1335291564464569,2.7159481048583984,0.6333333333333333,0.5571428571428572,0.65625,0.8493026998333603,0.5025396825396825,0.3341347277164459,0.4829152226448059,0.5339605808258057,0.594052791595459,0.1853358894586563,0.4085133969783783,0.68495774269104,0.7604835629463196,0.7106343507766724,0.6754729747772217,0.4012041389942169,0.6377333402633667
9,0.01,2.5921249389648438,0.4982759952545166,0.12456899881362915,2.716693878173828,0.6166666666666667,0.5326305220883535,0.6458333333333334,0.8382546545872018,0.4876255020080321,0.290861576795578,0.47184693813323975,0.5275900959968567,0.5749413371086121,0.17280545830726624,0.4015624523162842,0.6184561252593994,0.681134045124054,0.6912180185317993,0.6181726455688477,0.3075188398361206,0.6232044100761414
10,0.01,2.3007960319519043,0.5038257837295532,0.1259564459323883,2.4267525672912598,0.6833333333333333,0.7428963070472504,0.7802579365079364,0.8327315318765791,0.679873407514917,0.3136155903339386,0.44000211358070374,0.5155504941940308,0.5876414775848389,0.15951713919639587,0.38724204897880554,0.6237080693244934,0.631269097328186,0.6551441550254822,0.6997644901275635,0.4238622188568115,0.6085922718048096
11,0.01,3.6981236934661865,0.48293566703796387,0.12073391675949097,3.8188576698303223,0.48333333333333334,0.5090517854602362,0.6770833333333334,0.8471609681810154,0.34144881917769243,0.2440124750137329,0.42796286940574646,0.5203127861022949,0.5615098476409912,0.15728475153446198,0.37738776206970215,0.6400208473205566,0.6422162055969238,0.6587905883789062,0.656086802482605,0.29128897190093994,0.618354082107544
12,0.01,2.8668456077575684,0.5119084119796753,0.12797710299491882,2.9948227405548096,0.4666666666666667,0.48611111111111116,0.6666666666666666,0.8524392547093019,0.30625,0.3615151643753052,0.46137285232543945,0.552208423614502,0.5920766592025757,0.16128884255886078,0.39327704906463623,0.6747629642486572,0.6721452474594116,0.7060486078262329,0.6167056560516357,0.3107995390892029,0.6406997442245483
13,0.01,2.335767984390259,0.5273817777633667,0.13184544444084167,2.467613458633423,0.45,0.4444444444444445,0.6190476190476191,0.8306442749249352,0.2916666666666667,0.39919859170913696,0.4602712392807007,0.580878734588623,0.6218404769897461,0.15443015098571777,0.41133981943130493,0.6483539342880249,0.6861627697944641,0.7484051585197449,0.5957761406898499,0.3713456392288208,0.6505782604217529
14,0.01,2.3193249702453613,0.48583778738975525,0.12145944684743881,2.440784454345703,0.4666666666666667,0.46960784313725495,0.6294642857142857,0.8292688487263961,0.3288725490196079,0.2411792129278183,0.39935433864593506,0.5491310954093933,0.5686947703361511,0.1560504138469696,0.3925269842147827,0.6018968820571899,0.6619836091995239,0.7044625282287598,0.6031086444854736,0.32930275797843933,0.6223618984222412
15,0.01,2.506279945373535,0.4845661520957947,0.12114153802394867,2.6274213790893555,0.6,0.5047619047619047,0.5982142857142857,0.8335932280507753,0.4742857142857143,0.30786019563674927,0.3905476927757263,0.5436960458755493,0.5995668172836304,0.1530279964208603,0.4025720953941345,0.6265594363212585,0.6002588868141174,0.6770141124725342,0.6111699938774109,0.269447922706604,0.6330724954605103
16,0.01,2.0551486015319824,0.5104122161865234,0.12760305404663086,2.1827516555786133,0.5833333333333334,0.48293172690763053,0.5877976190476191,0.8330445214289554,0.46019076305220885,0.42887336015701294,0.3550357222557068,0.5728023052215576,0.6413648128509521,0.15536397695541382,0.4076789319515228,0.6406577825546265,0.6140385270118713,0.7158734798431396,0.6078348159790039,0.32457295060157776,0.6608495712280273
17,0.01,2.279233455657959,0.46095308661460876,0.11523827165365219,2.3944716453552246,0.6,0.5102821616451458,0.6354166666666666,0.8590048960037168,0.4733142037302726,0.22146561741828918,0.345961332321167,0.527661144733429,0.5538914799690247,0.15793922543525696,0.3872509300708771,0.5735834836959839,0.6031829118728638,0.6947699189186096,0.5898507833480835,0.2617284655570984,0.6141518354415894
18,0.01,2.1088061332702637,0.47518062591552734,0.11879515647888184,2.2276012897491455,0.6,0.5102821616451458,0.6354166666666666,0.8761161914168989,0.4733142037302726,0.3394003212451935,0.3618932366371155,0.5228430032730103,0.6229041218757629,0.14730960130691528,0.4046839475631714,0.5793436765670776,0.5752580165863037,0.6605007648468018,0.5998508334159851,0.26430052518844604,0.6238791942596436
19,0.01,2.0333125591278076,0.4817396402359009,0.12043491005897522,2.15374755859375,0.6,0.5102821616451458,0.6354166666666666,0.8814499125525069,0.4733142037302726,0.386735737323761,0.33848777413368225,0.533187985420227,0.6198817491531372,0.14975863695144653,0.38484910130500793,0.5892722010612488,0.5795484781265259,0.6610095500946045,0.6054971814155579,0.2810313105583191,0.6516157984733582
20,0.01,1.8279774188995361,0.46852821111679077,0.11713205277919769,1.945109486579895,0.6,0.5102821616451458,0.6354166666666666,0.8737568609325684,0.4733142037302726,0.3296293020248413,0.3113621175289154,0.5325498580932617,0.564608633518219,0.15783295035362244,0.38021034002304077,0.5888431072235107,0.5721580982208252,0.6903306245803833,0.5969270467758179,0.26463255286216736,0.6332536339759827
21,0.009999830837037664,1.9807815551757812,0.44403839111328125,0.11100959777832031,2.0917911529541016,0.6166666666666667,0.5326305220883535,0.6458333333333334,0.8842298021248493,0.4876255020080321,0.24230003356933594,0.2825392484664917,0.5249513387680054,0.5550985932350159,0.14280854165554047,0.3806220293045044,0.5423123836517334,0.5596518516540527,0.6774170398712158,0.5865460634231567,0.2287742793560028,0.605439305305481
22,0.009999323359712722,1.7575364112854004,0.4547102451324463,0.11367756128311157,1.8712139129638672,0.6166666666666667,0.5326305220883535,0.6458333333333334,0.8821802815022154,0.4876255020080321,0.24046720564365387,0.2530827224254608,0.5285733938217163,0.6092184782028198,0.15894374251365662,0.3833852708339691,0.5675117373466492,0.5634945631027222,0.6574605703353882,0.5980170369148254,0.25521135330200195,0.641156792640686
23,0.009998477602710573,1.6404852867126465,0.4625060558319092,0.1156265139579773,1.7561118602752686,0.8,0.810515873015873,0.810515873015873,0.9040851705946046,0.8,0.3379778563976288,0.2607870101928711,0.5312025547027588,0.5977798104286194,0.14697253704071045,0.38295304775238037,0.577197790145874,0.5589825510978699,0.6625063419342041,0.6078441143035889,0.2405848652124405,0.6452838182449341
24,0.009997293623837585,1.4994728565216064,0.44870299100875854,0.11217574775218964,1.6116485595703125,0.7666666666666667,0.7700617283950617,0.8432539682539683,0.9103709991092067,0.7628858024691357,0.33448293805122375,0.2398107349872589,0.5224705338478088,0.5458465218544006,0.15493443608283997,0.3837161660194397,0.5517597198486328,0.5541081428527832,0.6673344373703003,0.5831032991409302,0.24152690172195435,0.6053420305252075
25,0.00999577150401714,1.6572215557098389,0.49952954053878784,0.12488238513469696,1.7821038961410522,0.8166666666666667,0.8095154673790859,0.8690476190476191,0.923038466817948,0.8176623016394401,0.35810986161231995,0.641527533531189,0.5267535448074341,0.6089140772819519,0.1437835544347763,0.3781128525733948,0.5908350348472595,0.5632217526435852,0.6546663045883179,0.6004371643066406,0.27830225229263306,0.6496904492378235
26,0.009993911347284109,1.4987692832946777,0.4802331328392029,0.12005828320980072,1.6188275814056396,0.8333333333333334,0.769047619047619,0.7251984126984127,0.9252834484261371,0.8246428571428571,0.32602399587631226,0.7022907733917236,0.5196201801300049,0.5662213563919067,0.13978677988052368,0.40108105540275574,0.4938213527202606,0.5666161775588989,0.6577179431915283,0.594894289970398,0.17562448978424072,0.6190989017486572
27,0.009991713280777732,1.3698618412017822,0.4909314513206482,0.12273286283016205,1.4925947189331055,0.5666666666666667,0.5741830065359478,0.6919642857142857,0.8936036502369049,0.5023529411764706,0.2798506021499634,0.7669212818145752,0.5280662178993225,0.5292564034461975,0.15367363393306732,0.3893009424209595,0.5227580070495605,0.5812933444976807,0.6667637825012207,0.5798583030700684,0.28915128111839294,0.6042830944061279
28,0.009989177454732934,2.2937755584716797,0.44530385732650757,0.11132596433162689,2.4051015377044678,0.5166666666666667,0.5253573402827134,0.6979166666666666,0.8733353419379363,0.401572297243939,0.22185853123664856,0.4044221043586731,0.5203189849853516,0.546699583530426,0.1338834911584854,0.4027719795703888,0.5044950842857361,0.5801501274108887,0.6500213146209717,0.5862410664558411,0.18058860301971436,0.6121950745582581
29,0.00998630404247006,3.066037893295288,0.4962633550167084,0.1240658387541771,3.190103769302368,0.5,0.5043572984749455,0.6875,0.8725691564724584,0.3696623093681917,0.2731825113296509,0.5654486417770386,0.5312797427177429,0.5834850072860718,0.13216082751750946,0.4521492123603821,0.600567102432251,0.5771050453186035,0.6630620956420898,0.6085680723190308,0.3427654802799225,0.625386655330658
30,0.009983093240383016,2.6761372089385986,0.5499414801597595,0.13748537003993988,2.81362247467041,0.5166666666666667,0.5253573402827134,0.6979166666666666,0.8624418416576436,0.401572297243939,0.36203327775001526,0.8715990781784058,0.5388733148574829,0.6007990837097168,0.16043691337108612,0.46145129203796387,0.5759790539741516,0.5924553275108337,0.6873675584793091,0.6218147873878479,0.4914093315601349,0.6350787878036499
31,0.009979545267925863,1.9271528720855713,0.5341709852218628,0.1335427463054657,2.0606956481933594,0.6166666666666667,0.6402867195141534,0.7549603174603176,0.8729769967977515,0.576090891837837,0.3548514246940613,0.7914485931396484,0.5286019444465637,0.5786598324775696,0.17972296476364136,0.4217967092990875,0.48793238401412964,0.5996600985527039,0.6937581300735474,0.6109560132026672,0.5276548862457275,0.6350088715553284
32,0.009975660367597807,1.8724839687347412,0.4636368453502655,0.11590921133756638,1.9883931875228882,0.7333333333333333,0.728365420242171,0.785218253968254,0.878942936431144,0.7290901545803508,0.22343935072422028,0.5393567681312561,0.5196868777275085,0.5181769132614136,0.13334940373897552,0.3810241222381592,0.48828983306884766,0.5585700273513794,0.6604360342025757,0.5790084600448608,0.34643664956092834,0.6158676147460938
33,0.009971438804926623,1.6800627708435059,0.45460397005081177,0.11365099251270294,1.7937138080596924,0.75,0.7765045412104236,0.7956349206349206,0.9236929431504904,0.7486631016042781,0.2632318139076233,0.48598426580429077,0.5392131805419922,0.5182564854621887,0.1321229189634323,0.4322510361671448,0.4901348352432251,0.5680676698684692,0.657305896282196,0.58561110496521,0.1786581128835678,0.6044100522994995
34,0.00996688086845051,1.334147334098816,0.46861574053764343,0.11715393513441086,1.4513012170791626,0.7333333333333333,0.7496005809731301,0.785218253968254,0.9371684722510194,0.7294262890341322,0.2705557346343994,0.5353850722312927,0.5238150358200073,0.5471115112304688,0.13255241513252258,0.4109807014465332,0.475369393825531,0.5603477954864502,0.6760770678520203,0.5964459776878357,0.2757367193698883,0.6190113425254822
35,0.009961986869698373,1.2564407587051392,0.45555418729782104,0.11388854682445526,1.3703292608261108,0.7166666666666667,0.7366715045960328,0.7748015873015873,0.9407420246158454,0.7113667150459603,0.22595597803592682,0.569279134273529,0.523169219493866,0.5276297926902771,0.1286250650882721,0.38559508323669434,0.441922128200531,0.5564037561416626,0.6631733179092407,0.5750359296798706,0.23688910901546478,0.6329714059829712
36,0.009956757143168527,1.249523639678955,0.4380926489830017,0.10952316224575043,1.3590468168258667,0.8166666666666667,0.8132154261852125,0.8373015873015873,0.919558925307746,0.8163620732006879,0.16253358125686646,0.5360815525054932,0.5191500186920166,0.5018577575683594,0.12309081852436066,0.3936426043510437,0.4660572409629822,0.5373624563217163,0.654021143913269,0.5747189521789551,0.18548855185508728,0.6031067371368408
37,0.009951192046305833,1.4319571256637573,0.4416947066783905,0.11042367666959763,1.5423808097839355,0.7833333333333333,0.7768134876197585,0.816468253968254,0.9324943269518741,0.7821746298370038,0.15263420343399048,0.486409068107605,0.5201166272163391,0.5331519246101379,0.12770473957061768,0.3826727271080017,0.4101737141609192,0.5442605018615723,0.67585289478302,0.5758782625198364,0.2641463875770569,0.6273351907730103
38,0.009945291959477269,1.3084282875061035,0.43555209040641785,0.10888802260160446,1.4173163175582886,0.8333333333333334,0.8156565656565657,0.847718253968254,0.9541893564594037,0.8342171717171717,0.17648528516292572,0.47040945291519165,0.5214027166366577,0.511932373046875,0.12838399410247803,0.3868212103843689,0.3942691385746002,0.5309406518936157,0.6647603511810303,0.5625491142272949,0.2326377034187317,0.6460332274436951
39,0.009939057285945933,1.0442066192626953,0.4142587184906006,0.10356467962265015,1.1477713584899902,0.85,0.8371794871794872,0.8472222222222222,0.9603021018115356,0.8503205128205129,0.12688161432743073,0.46511563658714294,0.5157707929611206,0.47980785369873047,0.11959946155548096,0.3850012421607971,0.3856217861175537,0.5191024541854858,0.6502634286880493,0.5574661493301392,0.14861446619033813,0.6178598403930664
40,0.009932488451843476,1.1549171209335327,0.4292077422142029,0.10730193555355072,1.2622190713882446,0.8,0.7897301349325337,0.8268849206349206,0.9526313080263552,0.7996189405297351,0.14397704601287842,0.4227306842803955,0.5179463624954224,0.4888332486152649,0.12001059949398041,0.38521748781204224,0.4992908239364624,0.5135293006896973,0.6625653505325317,0.5484683513641357,0.2362312376499176,0.6116926074028015
41,0.009925585906140986,1.1806294918060303,0.4218808114528656,0.1054702028632164,1.2860996723175049,0.75,0.7624242424242423,0.7956349206349206,0.9300028293247632,0.7472121212121212,0.11459087580442429,0.4007880687713623,0.5164139270782471,0.46291661262512207,0.12209813296794891,0.38701605796813965,0.5863171815872192,0.4970683753490448,0.6570961475372314,0.5426098704338074,0.1336522102355957,0.6420021057128906
42,0.009918350120618293,1.5344913005828857,0.400739848613739,0.10018496215343475,1.634676218032837,0.7666666666666667,0.775170068027211,0.8060515873015873,0.928781828103762,0.7647619047619048,0.1116158664226532,0.3728664219379425,0.5178272724151611,0.45938801765441895,0.11843987554311752,0.38191288709640503,0.42001625895500183,0.4724113345146179,0.6506706476211548,0.5346807241439819,0.15417121350765228,0.6148775219917297
43,0.009910781589831726,1.3713343143463135,0.39958763122558594,0.09989690780639648,1.47123122215271,0.75,0.7422126745435017,0.7584325396825397,0.940850344078528,0.7477443609022555,0.08938078582286835,0.33025628328323364,0.5136592388153076,0.45612260699272156,0.13536489009857178,0.3973885476589203,0.3888694643974304,0.4894234836101532,0.6596482396125793,0.5324914455413818,0.19901946187019348,0.6034272313117981
44,0.009902880831080306,1.3544268608093262,0.389927476644516,0.097481869161129,1.4519087076187134,0.8166666666666667,0.7928007632925667,0.8000992063492064,0.9390567885556093,0.8160473588342441,0.09376072883605957,0.30344557762145996,0.5180329084396362,0.43372267484664917,0.11212930083274841,0.38286906480789185,0.41213929653167725,0.4691981077194214,0.6558232307434082,0.5289831757545471,0.15652908384799957,0.6124966740608215
45,0.009894648384370404,1.1151679754257202,0.39317047595977783,0.09829261898994446,1.2134605646133423,0.8333333333333334,0.7886382623224728,0.7569444444444443,0.9370404447055392,0.8296574770258981,0.09226829558610916,0.3042583763599396,0.519512414932251,0.4763428568840027,0.13781100511550903,0.3806994557380676,0.41357430815696716,0.46725940704345703,0.6513290405273438,0.5313149094581604,0.12085103988647461,0.6228247284889221
46,0.009886084812378817,1.1497297286987305,0.3891909718513489,0.09729774296283722,1.2470275163650513,0.8,0.693939393939394,0.6780753968253969,0.942916093122461,0.7853030303030304,0.06870149821043015,0.2730645537376404,0.5124906897544861,0.4653855860233307,0.12861864268779755,0.3896544575691223,0.37286877632141113,0.524306058883667,0.6503839492797852,0.5250014066696167,0.13884815573692322,0.6209676265716553
47,0.009877190700414313,0.8349224328994751,0.4192945957183838,0.10482364892959595,0.939746081829071,0.8,0.755426890910762,0.7524801587301587,0.9210529599680543,0.7974579542321477,0.06350043416023254,0.33724215626716614,0.5199136734008789,0.4353058934211731,0.1366422176361084,0.38260868191719055,0.36502358317375183,0.8965914845466614,0.6511991620063782,0.5304287672042847,0.11012129485607147,0.6029582023620605
48,0.00986796665637763,1.1076446771621704,0.4230649471282959,0.10576623678207397,1.2134108543395996,0.75,0.7293131942042352,0.7212301587301587,0.87872647748827,0.7469464622006995,0.06175984442234039,0.36475056409835815,0.5700506567955017,0.40767574310302734,0.13964827358722687,0.3896039128303528,0.29806748032569885,0.7692751288414001,0.6508630514144897,0.6500029563903809,0.16407960653305054,0.6110026836395264
49,0.009858413310719925,1.063050389289856,0.41483891010284424,0.10370972752571106,1.1667600870132446,0.85,0.7938949938949939,0.7837301587301587,0.8655662177183404,0.847948717948718,0.06622592359781265,0.26785627007484436,0.5138493776321411,0.457332968711853,0.16929574310779572,0.39950618147850037,0.3106616139411926,0.8480699062347412,0.6540169715881348,0.505304217338562,0.16396787762641907,0.6219795942306519
50,0.009848531316399685,0.841134786605835,0.3733910024166107,0.09334775060415268,0.9344825148582458,0.85,0.7719626973358316,0.7465277777777777,0.887768797851345,0.8419945725915875,0.06015755981206894,0.2486550509929657,0.5629952549934387,0.40315014123916626,0.10450378060340881,0.3779876232147217,0.2690485417842865,0.539899468421936,0.6557712554931641,0.5430956482887268,0.10836155712604523,0.6070661544799805
51,0.009838321348838096,0.8518792390823364,0.3826485276222229,0.09566213190555573,0.947541356086731,0.7833333333333333,0.7674857898442463,0.779265873015873,0.8436877860521728,0.7821312657771368,0.06204502284526825,0.26415854692459106,0.5221365690231323,0.433803915977478,0.1622421145439148,0.3865460455417633,0.26336660981178284,0.610102117061615,0.6615571975708008,0.5056101083755493,0.11190351098775864,0.608310341835022
52,0.009827784105872876,0.9622930288314819,0.38367074728012085,0.09591768682003021,1.0582107305526733,0.75,0.7176046646385629,0.7212301587301587,0.8817591824667298,0.7466183181225554,0.16402237117290497,0.2554258704185486,0.5327644348144531,0.39241403341293335,0.10074552893638611,0.38111573457717896,0.26013457775115967,0.5955462455749512,0.6557677984237671,0.5087890625,0.1379649043083191,0.6193578839302063
53,0.009816920307710586,0.9258997440338135,0.36765575408935547,0.09191393852233887,1.0178136825561523,0.8166666666666667,0.7677655677655678,0.7574404761904762,0.9065367721028098,0.814871794871795,0.04742150008678436,0.28548622131347656,0.5080026388168335,0.4083968698978424,0.1316382735967636,0.3774314820766449,0.18781812489032745,0.5466246604919434,0.6518179178237915,0.4943738579750061,0.16670790314674377,0.6061492562294006
54,0.0098057306968774,0.8858770728111267,0.36490416526794434,0.09122604131698608,0.9771031141281128,0.85,0.8360951915530084,0.8898809523809524,0.924821853330108,0.8527026226546418,0.125981405377388,0.20635265111923218,0.5262894034385681,0.375578373670578,0.13658694922924042,0.3785279393196106,0.22390273213386536,0.5469353199005127,0.6612676978111267,0.48964816331863403,0.10317005217075348,0.6046091914176941
55,0.009794216038168352,1.16537344455719,0.42614269256591797,0.10653567314147949,1.2719091176986694,0.8166666666666667,0.8097465886939571,0.8745039682539683,0.9402010572411514,0.8167056530214424,0.17800381779670715,0.29655885696411133,0.5081820487976074,0.38062435388565063,0.1019362211227417,0.3760150074958801,0.7932965755462646,0.566126823425293,0.6508220434188843,0.4830407202243805,0.16824258863925934,0.6108632683753967
56,0.009782377118595071,1.0053870677947998,0.39254245162010193,0.09813561290502548,1.1035226583480835,0.6833333333333333,0.666899766899767,0.6795634920634921,0.9310053917954862,0.6766550116550116,0.27617353200912476,0.19584359228610992,0.5238075256347656,0.3773847222328186,0.16613619029521942,0.3758721351623535,0.39889636635780334,0.5462563037872314,0.6628614664077759,0.48394477367401123,0.09899735450744629,0.604335367679596
57,0.009770214747331984,1.0143723487854004,0.3662566542625427,0.09156416356563568,1.1059365272521973,0.7833333333333333,0.7674857898442463,0.779265873015873,0.9185392045061856,0.7821312657771368,0.18797075748443604,0.22986389696598053,0.5111908912658691,0.3552613854408264,0.09875282645225525,0.37536561489105225,0.230343759059906,0.536950945854187,0.653394341468811,0.47449755668640137,0.13826964795589447,0.6032181978225708
58,0.009757729755661011,0.8908325433731079,0.34998011589050293,0.08749502897262573,0.9783275723457336,0.8,0.7757629367536488,0.7678571428571429,0.9314968639850715,0.7988648090815272,0.0639832466840744,0.17328676581382751,0.5125066637992859,0.33705732226371765,0.11349239200353622,0.37478530406951904,0.23887398838996887,0.5330742597579956,0.6542677879333496,0.47045594453811646,0.12088554352521896,0.607092022895813
59,0.009744922996914747,0.9545655250549316,0.3529192805290222,0.08822982013225555,1.0427953004837036,0.8333333333333334,0.8042568542568542,0.7996031746031745,0.9385653163660238,0.8333585858585858,0.09985506534576416,0.19833169877529144,0.5164102911949158,0.34484297037124634,0.13099828362464905,0.37626218795776367,0.22728726267814636,0.5067070126533508,0.6581087708473206,0.46438372135162354,0.11174290627241135,0.600101113319397
60,0.00973179534641814,0.7898398041725159,0.3410343527793884,0.0852585881948471,0.8750984072685242,0.8,0.7807449928246083,0.7524801587301587,0.928100954339162,0.7979347351344604,0.09237261116504669,0.1814504712820053,0.5050730109214783,0.3171716630458832,0.10006075352430344,0.3738674521446228,0.2150615006685257,0.49190011620521545,0.6498922109603882,0.45667585730552673,0.1055661141872406,0.6033199429512024
61,0.009718347701428667,0.8835380673408508,0.3362170159816742,0.08405425399541855,0.9675922989845276,0.8,0.7461956521739129,0.7152777777777777,0.8975150897320708,0.792463768115942,0.049836497753858566,0.14930738508701324,0.5119112133979797,0.3168095350265503,0.10063035041093826,0.3788764774799347,0.23309198021888733,0.4677852392196655,0.6560970544815063,0.45156753063201904,0.11862236261367798,0.6000687479972839
62,0.009704580981074998,0.9427716732025146,0.34034156799316406,0.08508539199829102,1.0278570652008057,0.8166666666666667,0.8042698042698042,0.7946428571428571,0.9346592763455971,0.8163188663188663,0.1034037172794342,0.17280469834804535,0.5062295198440552,0.31169041991233826,0.1216820552945137,0.3734043836593628,0.21629837155342102,0.44781428575515747,0.6532015204429626,0.4511856436729431,0.12717458605766296,0.5992094278335571
63,0.009690496126294182,0.7064329385757446,0.3223479688167572,0.0805869922041893,0.7870199084281921,0.8166666666666667,0.7922972806693737,0.7946428571428571,0.9290693801307008,0.816568229358927,0.07247328758239746,0.13915318250656128,0.5030704140663147,0.2971334457397461,0.0944005697965622,0.3745264410972595,0.1635926514863968,0.44476816058158875,0.650301456451416,0.4436364769935608,0.08590392768383026,0.599215567111969
64,0.009676094099767331,0.7897968292236328,0.3242160677909851,0.08105401694774628,0.8708508610725403,0.8166666666666667,0.7928007632925667,0.8000992063492064,0.918966122975557,0.8160473588342441,0.041387271136045456,0.14305466413497925,0.5059780478477478,0.2912236750125885,0.09312338382005692,0.3726814389228821,0.19741642475128174,0.42314010858535767,0.6539356112480164,0.4378185272216797,0.13164258003234863,0.5991910696029663
65,0.009661375885853831,0.695614218711853,0.33035874366760254,0.08258968591690063,0.7782039046287537,0.7833333333333333,0.7674857898442463,0.779265873015873,0.9015886934519011,0.7821312657771368,0.057011522352695465,0.29430338740348816,0.499972403049469,0.29183754324913025,0.10337704420089722,0.37236639857292175,0.155034601688385,0.40891897678375244,0.6503402590751648,0.4353172183036804,0.09726651012897491,0.5985589027404785
66,0.00964634249052405,0.7044453620910645,0.33533602952957153,0.08383400738239288,0.7882793545722961,0.85,0.8293040293040294,0.8154761904761904,0.9272219798458007,0.8492307692307693,0.04564405232667923,0.38481876254081726,0.5028549432754517,0.28490257263183594,0.08623572438955307,0.3700658679008484,0.12638907134532928,0.41332146525382996,0.6524974703788757,0.4317076802253723,0.12612269818782806,0.5994718074798584
67,0.009630994941290591,0.6680669784545898,0.3305055499076843,0.08262638747692108,0.7506933808326721,0.8333333333333334,0.7898692810457516,0.7624007936507936,0.9281281916895124,0.8301797385620915,0.024158364161849022,0.33501869440078735,0.4967718720436096,0.2858143150806427,0.08647345751523972,0.36903393268585205,0.16366685926914215,0.4339245557785034,0.6509889364242554,0.4305110275745392,0.09064081311225891,0.5990637540817261
68,0.009615334287138054,0.6731263995170593,0.3082653284072876,0.0770663321018219,0.7501927614212036,0.8333333333333334,0.8167300238521169,0.8050595238095237,0.929075319552914,0.8327668455575432,0.021447844803333282,0.13886214792728424,0.49956464767456055,0.2946929335594177,0.09321015328168869,0.3669987916946411,0.07755621522665024,0.4049678444862366,0.6510539650917053,0.43084704875946045,0.12021947652101517,0.5997630953788757
69,0.00959936159845135,0.6264876127243042,0.334445059299469,0.08361126482486725,0.7100988626480103,0.75,0.7504316191885558,0.8010912698412698,0.892980850822832,0.7443997410284867,0.02894260734319687,0.271122008562088,0.4928891062736511,0.30842265486717224,0.07829879224300385,0.36604467034339905,0.14065320789813995,0.5627870559692383,0.6518195867538452,0.4323733448982239,0.08200058341026306,0.5979870557785034
70,0.009583077966942534,0.6829469203948975,0.3227905035018921,0.08069762587547302,0.7636445760726929,0.8166666666666667,0.8049966189666832,0.8000992063492064,0.9247749978882055,0.8160324944715537,0.024330317974090576,0.18821962177753448,0.49418747425079346,0.28278830647468567,0.08701340854167938,0.36491286754608154,0.14034363627433777,0.5135539770126343,0.6507527828216553,0.4268821179866791,0.10111401230096817,0.5993874073028564
71,0.009566484505576189,0.6109009981155396,0.30742838978767395,0.07685709744691849,0.6877580881118774,0.8166666666666667,0.7973596565145861,0.7728174603174603,0.9420902134640343,0.8126700373179246,0.013957076705992222,0.1642289161682129,0.4885520935058594,0.27946826815605164,0.08286888152360916,0.36392199993133545,0.07824628055095673,0.4607342779636383,0.652319073677063,0.4326367974281311,0.07597358524799347,0.5962333083152771
72,0.009549582348493355,0.6418262720108032,0.3126816153526306,0.07817040383815765,0.7199966907501221,0.7833333333333333,0.7801861509488628,0.779265873015873,0.911217636748297,0.7826461321164712,0.01487836241722107,0.2773522138595581,0.4879111051559448,0.2727947235107422,0.07481357455253601,0.3620191216468811,0.08958910405635834,0.39895400404930115,0.6509003639221191,0.4228011965751648,0.1027899757027626,0.5973753929138184
73,0.009532372650934018,0.6106230616569519,0.3026670813560486,0.07566677033901215,0.6862898468971252,0.7333333333333333,0.74287150757739,0.748015873015873,0.893845186740234,0.7314802844214608,0.02563111111521721,0.1599930077791214,0.4870578646659851,0.2629932165145874,0.0862966924905777,0.36111605167388916,0.06097925081849098,0.43407008051872253,0.6528328657150269,0.42611536383628845,0.07960164546966553,0.5953179001808167
74,0.009514856589158148,0.621175229549408,0.2981466054916382,0.07453665137290955,0.6957118511199951,0.7666666666666667,0.7672849609019822,0.7633928571428571,0.8998811995569072,0.7667175850154574,0.014854242093861103,0.17161624133586884,0.4810774624347687,0.2642585039138794,0.0724145919084549,0.3607035279273987,0.045692577958106995,0.4058769941329956,0.6513998508453369,0.4189421534538269,0.09556823968887329,0.5953547358512878
75,0.009497035360365296,0.5935866832733154,0.29564937949180603,0.07391234487295151,0.6674990057945251,0.7333333333333333,0.7389683959451402,0.7261904761904763,0.9167176617058693,0.7339296362552177,0.011306602507829666,0.17991280555725098,0.4771844148635864,0.2564377784729004,0.07877112925052643,0.3572780191898346,0.05322858691215515,0.39379143714904785,0.6527014970779419,0.4209621548652649,0.07212391495704651,0.5940939784049988
76,0.00947891018261278,0.5705041289329529,0.292023241519928,0.073005810379982,0.6435099244117737,0.7333333333333333,0.7159108617734145,0.6999007936507936,0.9159036608918685,0.7321723546828736,0.010028623975813389,0.14062437415122986,0.47776100039482117,0.25085246562957764,0.07706575840711594,0.35401391983032227,0.03420913219451904,0.4035901427268982,0.6516039371490479,0.4168206453323364,0.0939793810248375,0.5937293767929077
77,0.00946048229473242,0.5737847089767456,0.28593242168426514,0.07148310542106628,0.6452678442001343,0.75,0.7289074913769716,0.7157738095238094,0.9035587218075426,0.7480486765104832,0.0102340467274189,0.11530619114637375,0.4961852431297302,0.24714983999729156,0.06819085776805878,0.351362943649292,0.03285656496882439,0.3803562819957733,0.6521102786064148,0.41308462619781494,0.06905606389045715,0.5952962636947632
78,0.009441752956245879,0.5988032817840576,0.2953667640686035,0.07384169101715088,0.6726449728012085,0.7333333333333333,0.6836700336700336,0.6626984126984127,0.9066934768585712,0.7280808080808081,0.012110315263271332,0.13843601942062378,0.5850653648376465,0.2465287148952484,0.07651427388191223,0.3486948013305664,0.026313409209251404,0.36745673418045044,0.651087760925293,0.40979844331741333,0.08448852598667145,0.5979067087173462
79,0.009422723447278559,0.543907880783081,0.2828158140182495,0.07070395350456238,0.6146118640899658,0.6833333333333333,0.644988344988345,0.6205357142857143,0.8918570401471344,0.6797086247086246,0.010358261875808239,0.09851034730672836,0.49917465448379517,0.23837494850158691,0.06674455851316452,0.3487458825111389,0.015802690759301186,0.39132988452911377,0.6545777320861816,0.4091545343399048,0.061601266264915466,0.599415123462677
80,0.00940339506847212,0.5568722486495972,0.2804754674434662,0.07011886686086655,0.6269910931587219,0.7333333333333333,0.7481481481481481,0.7688492063492064,0.8883748588937269,0.7333333333333333,0.00818520225584507,0.07816830277442932,0.5009727478027344,0.23998814821243286,0.07061061263084412,0.3531079888343811,0.014057347550988197,0.3586273789405823,0.6504412293434143,0.40485215187072754,0.08099490404129028,0.6056996583938599
81,0.009383769140895582,0.5352305173873901,0.2818848788738251,0.07047121971845627,0.605701744556427,0.6666666666666666,0.6243571762505843,0.6155753968253969,0.8813986175424855,0.6631019167835438,0.007423898205161095,0.08278414607048035,0.4979247450828552,0.2632037401199341,0.06909924745559692,0.3798292875289917,0.010204224847257137,0.36116519570350647,0.6498591899871826,0.4029518961906433,0.0649901032447815,0.5931829214096069
82,0.009363847005955023,0.5736820697784424,0.2892775535583496,0.0723193883895874,0.6460014581680298,0.7166666666666667,0.6893772893772895,0.6785714285714285,0.8979049318082337,0.7156410256410256,0.008109698072075844,0.09357377886772156,0.5032340288162231,0.3043753504753113,0.0649210661649704,0.3974249064922333,0.008266299962997437,0.3330923616886139,0.6529878377914429,0.4198097586631775,0.07442357391119003,0.6111119985580444
83,0.009343630025301902,0.5482850670814514,0.2816178798675537,0.07040446996688843,0.6186895370483398,0.6833333333333333,0.6652051652051651,0.6577380952380952,0.8964663317552469,0.6829180079180079,0.005938689224421978,0.06699623912572861,0.48687130212783813,0.32150688767433167,0.06881342828273773,0.34540826082229614,0.005347758531570435,0.31904926896095276,0.6509585380554199,0.42887502908706665,0.055261533707380295,0.6243875026702881
84,0.00932311958073999,0.5306981801986694,0.27913448214530945,0.06978362053632736,0.6004818081855774,0.6666666666666666,0.6790476190476191,0.6954365079365079,0.8595187460163874,0.6641904761904762,0.004308935720473528,0.06265777349472046,0.5032105445861816,0.27244967222213745,0.06270076334476471,0.37886643409729004,0.005660359747707844,0.3164846897125244,0.6513625383377075,0.4163098633289337,0.07284114509820938,0.6027611494064331
85,0.009302317074130931,0.5755434036254883,0.27457258105278015,0.06864314526319504,0.6441865563392639,0.6833333333333333,0.6804040404040403,0.7113095238095237,0.8466714158046704,0.678868686868687,0.0033231256529688835,0.06243077293038368,0.4864646792411804,0.27140045166015625,0.0650654286146164,0.35079073905944824,0.005216185934841633,0.28772324323654175,0.6546393632888794,0.41781067848205566,0.07137054204940796,0.6186357736587524
86,0.009281223927298419,0.552848219871521,0.2724037170410156,0.0681009292602539,0.6209491491317749,0.6666666666666666,0.6678004535147393,0.6954365079365079,0.8665690801598821,0.6634920634920635,0.002521238289773464,0.06063086539506912,0.49364539980888367,0.26899370551109314,0.06038340926170349,0.36369144916534424,0.004152417182922363,0.29301244020462036,0.6503257751464844,0.41073301434516907,0.06243281066417694,0.5983220934867859
87,0.009259841581931017,0.5502297282218933,0.27928388118743896,0.06982097029685974,0.6200506687164307,0.7,0.6932420314665363,0.7162698412698413,0.8823321867248755,0.6987853590935029,0.0023977793753147125,0.04029309004545212,0.4891023635864258,0.2632066011428833,0.06035652011632919,0.3459452986717224,0.004423236474394798,0.3952382504940033,0.6578327417373657,0.41552528738975525,0.0695074200630188,0.607577919960022
88,0.00923817149948363,0.5588387846946716,0.28944844007492065,0.07236211001873016,0.631200909614563,0.7,0.7122222222222222,0.7589285714285715,0.8747654828138319,0.6950555555555555,0.00254532671533525,0.05406450107693672,0.4850310981273651,0.2603612542152405,0.05826670676469803,0.35489505529403687,0.0040180860087275505,0.5443466901779175,0.6499112844467163,0.4047703146934509,0.05702074617147446,0.5981500148773193
89,0.00921621516107761,0.550021767616272,0.2754674553871155,0.06886686384677887,0.6188886165618896,0.6833333333333333,0.6805555555555555,0.7058531746031745,0.876884956631419,0.68125,0.0018866911996155977,0.11960891634225845,0.4880349636077881,0.26260143518447876,0.057060711085796356,0.34670257568359375,0.002938929945230484,0.3039694130420685,0.6557754874229431,0.400736927986145,0.06424380093812943,0.6020494699478149
90,0.009193974067399517,0.5465649962425232,0.270224392414093,0.06755609810352325,0.6141210794448853,0.7333333333333333,0.7185185185185184,0.7371031746031745,0.8959185850400474,0.7333333333333333,0.0016295381356030703,0.04839075356721878,0.48408544063568115,0.24473989009857178,0.05738583207130432,0.3508828282356262,0.002863894449546933,0.3418898582458496,0.6536150574684143,0.4075647294521332,0.05182609707117081,0.5978187322616577
91,0.009171449738598562,0.5404820442199707,0.2820820212364197,0.07052050530910492,0.6110025644302368,0.75,0.7311641000165591,0.7475198412698413,0.8881215635342993,0.75041811558205,0.001497721765190363,0.23886969685554504,0.4812513291835785,0.24018679559230804,0.05465420335531235,0.3479633033275604,0.0029572322964668274,0.31779783964157104,0.650688648223877,0.391834020614624,0.06110450252890587,0.5961788296699524
92,0.009148643714182699,0.565193772315979,0.29379183053970337,0.07344795763492584,0.6386417150497437,0.7333333333333333,0.71892068150322,0.7425595238095237,0.8782613427365785,0.7320697807124806,0.0015242916997522116,0.3941493630409241,0.48264139890670776,0.24186226725578308,0.05602216720581055,0.3457988202571869,0.002698207041248679,0.29980796575546265,0.6556696891784668,0.39844512939453125,0.04644353315234184,0.6004391312599182
93,0.009125557552913402,0.5577423572540283,0.29719066619873047,0.07429766654968262,0.6320400238037109,0.75,0.7173638905641756,0.7157738095238094,0.8872861448038335,0.7478937076228594,0.0016274196095764637,0.3916360139846802,0.47977396845817566,0.23109272122383118,0.055009983479976654,0.3461950421333313,0.00216484977863729,0.3678562045097351,0.650802493095398,0.3973808288574219,0.05259251222014427,0.590156078338623
94,0.009102192832699127,0.5362016558647156,0.2689569592475891,0.06723923981189728,0.6034408807754517,0.7333333333333333,0.6836700336700336,0.6626984126984127,0.8935764128865543,0.7280808080808081,0.0015704561956226826,0.12770865857601166,0.47877225279808044,0.22757366299629211,0.05451614037156105,0.3422499895095825,0.001942186034284532,0.3028605580329895,0.6517162919044495,0.39498957991600037,0.045507851988077164,0.5980756878852844
95,0.009078551150487465,0.5309644937515259,0.28763294219970703,0.07190823554992676,0.6028727293014526,0.75,0.6970731909256499,0.6840277777777777,0.8731973553612704,0.7429054893194237,0.0014818873023614287,0.339352548122406,0.47943341732025146,0.22092865407466888,0.053537968546152115,0.34276580810546875,0.002149213571101427,0.33540987968444824,0.6528499722480774,0.3882674276828766,0.04634101688861847,0.5890774726867676
96,0.00905463412215599,0.558577299118042,0.2646405100822449,0.06616012752056122,0.6247374415397644,0.75,0.7289074913769716,0.7157738095238094,0.8879483603835019,0.7480486765104832,0.0013537295162677765,0.10563935339450836,0.47495365142822266,0.21958617866039276,0.04984545707702637,0.33989372849464417,0.0021202461794018745,0.3020668625831604,0.6504036784172058,0.39160817861557007,0.04712700843811035,0.591087818145752
97,0.009030443382401818,0.5487780570983887,0.2699797749519348,0.0674949437379837,0.6162729859352112,0.75,0.6958041958041958,0.6731150793650794,0.9062651785234332,0.7443473193473193,0.0012827495811507106,0.1653382033109665,0.4763566851615906,0.21051941812038422,0.052413344383239746,0.34060585498809814,0.0017886965069919825,0.3206821382045746,0.6526843905448914,0.3881511688232422,0.04108326882123947,0.5888510942459106
98,0.009005980584629878,0.5453717112541199,0.26830363273620605,0.06707590818405151,0.6124476194381714,0.75,0.6958041958041958,0.6731150793650794,0.8823938007310649,0.7443473193473193,0.0012915190309286118,0.17468783259391785,0.47258293628692627,0.21379172801971436,0.04728781804442406,0.33727070689201355,0.0015721856616437435,0.30890485644340515,0.6522457599639893,0.3816206157207489,0.043813206255435944,0.5845744013786316
99,0.008981247400839902,0.5579788684844971,0.26415932178497314,0.06603983044624329,0.624018669128418,0.8166666666666667,0.7772519516239939,0.751984126984127,0.9195291682025172,0.813792824495409,0.0013421463081613183,0.14244672656059265,0.4719197154045105,0.2079179584980011,0.05282679945230484,0.33715277910232544,0.0015071050729602575,0.2847995162010193,0.6508122682571411,0.3834894895553589,0.0485718809068203,0.5871257185935974
100,0.00895624552151215,0.5360254645347595,0.26120465993881226,0.06530116498470306,0.6013266444206238,0.7833333333333333,0.7524547803617571,0.7311507936507936,0.9048275383770666,0.781188630490956,0.0013814367121085525,0.10608465224504471,0.4702136218547821,0.20736590027809143,0.053062207996845245,0.33287596702575684,0.0013899868354201317,0.3045562505722046,0.6539968252182007,0.38122159242630005,0.0415322408080101,0.5807748436927795
101,0.008930976655491857,0.5245692133903503,0.2586514353752136,0.0646628588438034,0.5892320871353149,0.7666666666666667,0.7213940648723257,0.7316468253968255,0.9054026424309444,0.7646859903381643,0.0013763310853391886,0.13448314368724823,0.46883368492126465,0.20978952944278717,0.04700794070959091,0.33273327350616455,0.0012996660079807043,0.2585858702659607,0.6497658491134644,0.3798986077308655,0.035720691084861755,0.5843225717544556
102,0.008905442529872458,0.550116777420044,0.26497650146484375,0.06624412536621094,0.6163609027862549,0.8,0.7703703703703703,0.7896825396825397,0.9032087758502853,0.8,0.0013638045638799667,0.10103058815002441,0.46825674176216125,0.296760618686676,0.05719028040766716,0.32879483699798584,0.0012834144290536642,0.2791132926940918,0.6528723239898682,0.3759956955909729,0.03704792261123657,0.5800082683563232
103,0.008879644889877513,0.5452172756195068,0.27341386675834656,0.06835346668958664,0.6135707497596741,0.7833333333333333,0.742785605935998,0.7420634920634921,0.9052267995369411,0.7805974377250214,0.0013763856841251254,0.06930625438690186,0.4667358696460724,0.4027102291584015,0.0614749938249588,0.32574373483657837,0.0012896626722067595,0.3009028434753418,0.6485617160797119,0.37823086977005005,0.044022612273693085,0.580610990524292
104,0.008853585498741453,0.5399259328842163,0.2664251923561096,0.0666062980890274,0.6065322160720825,0.8166666666666667,0.7681392681392681,0.7628968253968255,0.9179564811935096,0.8142792392792393,0.0013738695997744799,0.059438206255435944,0.46582168340682983,0.360264390707016,0.047231730073690414,0.3228614926338196,0.0013047370593994856,0.23829339444637299,0.6513755321502686,0.39307674765586853,0.08023592084646225,0.575824499130249
105,0.008827266137589043,0.5530951619148254,0.25965529680252075,0.06491382420063019,0.6180089712142944,0.7833333333333333,0.742785605935998,0.7420634920634921,0.8993807282427566,0.7805974377250214,0.001329775433987379,0.05805262178182602,0.4655337929725647,0.2749198079109192,0.05078571289777756,0.320081889629364,0.0013271700590848923,0.2539392113685608,0.6474587321281433,0.3954351544380188,0.0702931210398674,0.5767062902450562
106,0.008800688605313658,0.5447618365287781,0.25903797149658203,0.06475949287414551,0.6095213294029236,0.8333333333333334,0.805623973727422,0.8214285714285715,0.8956181942620622,0.8309626436781609,0.001277572475373745,0.05424364656209946,0.4724484086036682,0.2737842798233032,0.056297000497579575,0.321475088596344,0.001376128988340497,0.26504749059677124,0.6500202417373657,0.3968273401260376,0.04292173311114311,0.572736382484436
107,0.008773854718454323,0.555855393409729,0.26708337664604187,0.06677084416151047,0.6226262450218201,0.8333333333333334,0.8178759774504455,0.8159722222222222,0.9087157601308545,0.8320603746135663,0.0012551096733659506,0.04863451421260834,0.5796080827713013,0.28130656480789185,0.05019763484597206,0.354870080947876,0.0013397132279351354,0.20517557859420776,0.6500396132469177,0.3998551368713379,0.058297570794820786,0.5744207501411438
108,0.008746766311071562,0.5587835907936096,0.27857643365859985,0.06964410841464996,0.6284276843070984,0.8166666666666667,0.7791342092004806,0.7683531746031745,0.903354801644896,0.8128085881486649,0.0012718162033706903,0.04277539253234863,0.6994081735610962,0.26725852489471436,0.051574092358350754,0.3600027561187744,0.0012772660702466965,0.21981999278068542,0.6568976640701294,0.396472305059433,0.053749553859233856,0.5924096703529358
109,0.008719425234622036,0.5286892652511597,0.2531655728816986,0.06329139322042465,0.5919806361198425,0.8,0.7925804691762138,0.7896825396825397,0.8921686498337443,0.7993889798145118,0.0013285615714266896,0.032793719321489334,0.4889017343521118,0.26456665992736816,0.04302632808685303,0.32671988010406494,0.0012305930722504854,0.2187398225069046,0.6491372585296631,0.38964271545410156,0.04215486720204353,0.579744815826416
110,0.008691833357832001,0.554146409034729,0.2620185613632202,0.06550464034080505,0.6196510791778564,0.8166666666666667,0.8049966189666832,0.8000992063492064,0.9087507367283311,0.8160324944715537,0.0013698874972760677,0.03910862281918526,0.5671178102493286,0.26512426137924194,0.04874332249164581,0.3338616192340851,0.0011976473033428192,0.20126575231552124,0.6568946838378906,0.3939843773841858,0.05192318186163902,0.5836313962936401
111,0.008663992566569587,0.5401201248168945,0.252133309841156,0.063033327460289,0.6031534671783447,0.8166666666666667,0.7928007632925667,0.8000992063492064,0.8892019384354289,0.8160473588342441,0.0013695763191208243,0.031045757234096527,0.4976375699043274,0.2615884244441986,0.04274163395166397,0.32490602135658264,0.0011811561416834593,0.20173969864845276,0.6546882390975952,0.3888668715953827,0.04193311929702759,0.5779016017913818
112,0.00863590476371589,0.5169556736946106,0.2508077025413513,0.06270192563533783,0.5796576142311096,0.8,0.7801242236024845,0.7896825396825397,0.8830269791354697,0.7991304347826087,0.0013441219925880432,0.029210997745394707,0.5288084745407104,0.2476632446050644,0.047901302576065063,0.32892662286758423,0.0012048238422721624,0.15997813642024994,0.6531044840812683,0.3835327625274658,0.047519195824861526,0.5804983377456665
113,0.008607571869034929,0.5485694408416748,0.24944500625133514,0.062361251562833786,0.6109306812286377,0.7833333333333333,0.7574715467125195,0.779265873015873,0.890776605251841,0.7827274215999346,0.0013348679058253765,0.02744445763528347,0.5333369374275208,0.24406103789806366,0.03907322883605957,0.32128655910491943,0.0012567420490086079,0.16625717282295227,0.6569055318832397,0.38775378465652466,0.03997499495744705,0.5746545195579529
114,0.008578995819042416,0.5334820747375488,0.24542424082756042,0.061356060206890106,0.5948381423950195,0.8333333333333334,0.8055439184471442,0.810515873015873,0.9121322477749364,0.8329178885630498,0.0013339656870812178,0.024527711793780327,0.5016928315162659,0.24255876243114471,0.04094851016998291,0.324079304933548,0.0012947882059961557,0.15163801610469818,0.6531467437744141,0.3797844648361206,0.045652955770492554,0.5784327387809753
115,0.00855017856687341,0.5180288553237915,0.24567079544067383,0.06141769886016846,0.57944655418396,0.8333333333333334,0.8055439184471442,0.810515873015873,0.9199796043840855,0.8329178885630498,0.0013183638220652938,0.033929795026779175,0.5227384567260742,0.23600080609321594,0.03837472200393677,0.3178226351737976,0.001304727979004383,0.14430968463420868,0.6562111973762512,0.38036394119262695,0.04523031786084175,0.5704450607299805
116,0.00852112208214882,0.5404973030090332,0.2464011162519455,0.061600279062986374,0.6020975708961487,0.8166666666666667,0.8026679221594476,0.8373015873015873,0.9070296841523257,0.8169538606403014,0.0013064718805253506,0.02265195921063423,0.525536835193634,0.22979316115379333,0.040705978870391846,0.3198794424533844,0.0013206179719418287,0.1660240739583969,0.6554034352302551,0.37819331884384155,0.03921482712030411,0.5767831206321716
117,0.008491828350840775,0.5289502739906311,0.248213529586792,0.062053382396698,0.5910036563873291,0.8333333333333334,0.8156565656565657,0.847718253968254,0.929434624599719,0.8342171717171717,0.0012944452464580536,0.020591849461197853,0.5057422518730164,0.2287745326757431,0.03732828050851822,0.31555575132369995,0.001357933972030878,0.23126335442066193,0.6543354988098145,0.37476950883865356,0.03901296108961105,0.5685359239578247
118,0.0084622993751369,0.5205823183059692,0.2613680958747864,0.0653420239686966,0.5859243273735046,0.8,0.7897301349325337,0.8268849206349206,0.9265224478962688,0.7996189405297351,0.0012818740215152502,0.04092070087790489,0.506572425365448,0.22629429399967194,0.0372856929898262,0.3149625062942505,0.0013901658821851015,0.3729637563228607,0.6552836298942566,0.3713313639163971,0.03519485890865326,0.572935938835144
119,0.008432537173303462,0.5520443320274353,0.27474161982536316,0.06868540495634079,0.6207297444343567,0.7666666666666667,0.7475845410628019,0.8060515873015873,0.9183307247870927,0.7669082125603864,0.0012619573390111327,0.078310526907444,0.5200413465499878,0.22327888011932373,0.036947980523109436,0.3123590350151062,0.0014350966084748507,0.49420711398124695,0.6537991762161255,0.37286850810050964,0.03534412756562233,0.5670454502105713
120,0.00840254377954742,0.5563573241233826,0.25000330805778503,0.06250082701444626,0.6188581585884094,0.8,0.7744688261929641,0.8268849206349206,0.9114845507828998,0.8030390107976315,0.0012372685596346855,0.045027174055576324,0.5164693593978882,0.22203195095062256,0.035594258457422256,0.3102042078971863,0.001488174544647336,0.24282869696617126,0.6534426212310791,0.36876076459884644,0.032672230154275894,0.5702826976776123
121,0.008372321243877393,0.5385664105415344,0.2548770606517792,0.0637192651629448,0.6022856831550598,0.8,0.7811434152204942,0.8268849206349206,0.9114495741854233,0.8008970024791525,0.001221710816025734,0.08962045609951019,0.5052637457847595,0.21835418045520782,0.037021100521087646,0.3116206228733063,0.0015037646517157555,0.27795273065567017,0.6532756090164185,0.36709561944007874,0.029603704810142517,0.5659915208816528
122,0.00834187163196355,0.5298606157302856,0.2414487898349762,0.06036219745874405,0.5902228355407715,0.7833333333333333,0.7610136452241715,0.816468253968254,0.9018896241773601,0.7850292397660819,0.0012336985673755407,0.03752150759100914,0.5063507556915283,0.2152588963508606,0.03635932505130768,0.30479300022125244,0.0014829928986728191,0.17738959193229675,0.6531420946121216,0.36751222610473633,0.029216021299362183,0.5671252012252808
123,0.008311197024996417,0.5393454432487488,0.24974846839904785,0.06243711709976196,0.6017825603485107,0.8,0.7811434152204942,0.8268849206349206,0.9087055011288502,0.8008970024791525,0.0012865192256867886,0.08023951202630997,0.5129799842834473,0.2129083275794983,0.03389015421271324,0.3110886812210083,0.0014223813777789474,0.2306930422782898,0.6531777381896973,0.36741018295288086,0.026614071801304817,0.5652710199356079
124,0.008280299519544634,0.518288254737854,0.239737868309021,0.05993446707725525,0.5782227516174316,0.8,0.7811434152204942,0.8268849206349206,0.909260147172883,0.8008970024791525,0.0013344649923965335,0.0223810113966465,0.5120584964752197,0.20950737595558167,0.03388039022684097,0.3050583600997925,0.00138633674941957,0.18160489201545715,0.6531467437744141,0.36692139506340027,0.025391623377799988,0.5641835331916809
125,0.008249181227411657,0.5241325497627258,0.2416955828666687,0.060423895716667175,0.5845564603805542,0.8,0.7811434152204942,0.8268849206349206,0.905141067876917,0.8008970024791525,0.0013408137019723654,0.06575838476419449,0.5053757429122925,0.20858332514762878,0.03306546062231064,0.30250731110572815,0.0013649107422679663,0.17180635035037994,0.6536562442779541,0.3661113381385803,0.02507336437702179,0.565703809261322
126,0.008217844275491416,0.5543049573898315,0.24093645811080933,0.06023411452770233,0.6145390868186951,0.8166666666666667,0.8026679221594476,0.8373015873015873,0.8912394602253092,0.8169538606403014,0.0013241905253380537,0.04715193435549736,0.502826452255249,0.20704609155654907,0.03114570677280426,0.3115735650062561,0.0013711538631469011,0.18405351042747498,0.6535731554031372,0.3642875552177429,0.024049680680036545,0.5628345012664795
127,0.008186290805622951,0.5432383418083191,0.23637628555297852,0.05909407138824463,0.6023324131965637,0.8333333333333334,0.8156565656565657,0.847718253968254,0.9078651028827917,0.8342171717171717,0.001343023730441928,0.034399792551994324,0.5062496662139893,0.2082304060459137,0.029423629865050316,0.3060445487499237,0.00130737095605582,0.1451677680015564,0.6531996726989746,0.3624175190925598,0.02653414011001587,0.5621978044509888
128,0.008154522974444009,0.51877760887146,0.2432509958744049,0.06081274896860123,0.579590380191803,0.7,0.7016088486676723,0.7643849206349206,0.857474324897674,0.6918552036199095,0.0013666044687852263,0.06274153292179108,0.5078810453414917,0.22718732059001923,0.029893238097429276,0.30239254236221313,0.0012732148170471191,0.16026683151721954,0.6535173654556274,0.3646557033061981,0.04552115499973297,0.5623153448104858
129,0.008122542953243656,0.6909946203231812,0.2546824514865875,0.06367061287164688,0.7546652555465698,0.7333333333333333,0.6559789603267864,0.646329365079365,0.9038411143363972,0.7322561692126911,0.001376505708321929,0.03403859585523605,0.5043606758117676,0.21022559702396393,0.036742668598890305,0.3118537664413452,0.0012512740213423967,0.1315038800239563,0.6532107591629028,0.370229035615921,0.2400883585214615,0.5613081455230713
130,0.008090352927813856,0.766616702079773,0.2859817445278168,0.0714954361319542,0.8381121158599854,0.7166666666666667,0.7162528829195495,0.7375992063492064,0.8638027492685513,0.7144112060778728,0.0013853972777724266,0.01787201687693596,0.5009610652923584,0.20399540662765503,0.13413551449775696,0.29897427558898926,0.0012441698927432299,0.16687709093093872,0.6525553464889526,0.3721015453338623,0.5218815207481384,0.5597974061965942
131,0.008057955098300092,0.5795490741729736,0.24536220729351044,0.06134055182337761,0.6408896446228027,0.7,0.7176261893243026,0.7271825396825397,0.8645844132282812,0.6962425415255604,0.0014351230347529054,0.018663300201296806,0.5013846158981323,0.20268243551254272,0.08760597556829453,0.3092498183250427,0.001215373631566763,0.14446109533309937,0.653001606464386,0.36808669567108154,0.09658844023942947,0.5599719285964966
132,0.008025351679050973,0.6244889497756958,0.26119011640548706,0.06529752910137177,0.6897864937782288,0.6166666666666667,0.6172919478182637,0.6215277777777778,0.8340599226507246,0.613923526765632,0.00142320292070508,0.022048475220799446,0.5029194951057434,0.2012428194284439,0.08851448446512222,0.2991355061531067,0.0012214691378176212,0.14367911219596863,0.6532108187675476,0.3832855224609375,0.27696356177330017,0.5606366991996765
133,0.0079925448984669,0.548046350479126,0.2546655237674713,0.06366638094186783,0.6117127537727356,0.65,0.6093619558735838,0.5942460317460317,0.8347749330945086,0.6472659511031604,0.0014558383263647556,0.020342379808425903,0.5019136071205139,0.20789605379104614,0.0912388414144516,0.29821592569351196,0.0011949610197916627,0.1510206162929535,0.6527996063232422,0.3694639801979065,0.20050832629203796,0.5599360466003418
134,0.007959536998847744,0.7095135450363159,0.24543163180351257,0.06135790795087814,0.7708714604377747,0.6666666666666666,0.6212121212121212,0.6046626984126984,0.8539920236559387,0.6633838383838384,0.0014383979141712189,0.0156853124499321,0.4993521273136139,0.1942940652370453,0.09784916043281555,0.3018556833267212,0.0012245243415236473,0.11550453305244446,0.6525638103485107,0.3660844564437866,0.13891515135765076,0.5604123473167419
135,0.007926330236239594,0.6467468738555908,0.25260454416275024,0.06315113604068756,0.7098979949951172,0.6666666666666666,0.6345749880410141,0.6155753968253969,0.8506651072983621,0.6632245585574343,0.001406010938808322,0.014913213439285755,0.49873173236846924,0.20304472744464874,0.0697966068983078,0.2962052524089813,0.0012613136786967516,0.12387856841087341,0.652417778968811,0.36745980381965637,0.2440539449453354,0.5580852031707764
136,0.00789292688028057,0.5430007576942444,0.24637214839458466,0.061593037098646164,0.604593813419342,0.6666666666666666,0.6234567901234568,0.6374007936507936,0.8525937996751676,0.6533950617283951,0.001417533727362752,0.01606890745460987,0.5000059008598328,0.2477150410413742,0.08242303878068924,0.30204084515571594,0.001240498386323452,0.09352384507656097,0.6523205041885376,0.36075466871261597,0.1395443230867386,0.559410572052002
137,0.00785932921404568,0.630639910697937,0.24388596415519714,0.060971491038799286,0.6916114091873169,0.6666666666666666,0.6234567901234568,0.6374007936507936,0.8333167149499697,0.6533950617283951,0.0014197672717273235,0.019933298230171204,0.4995141625404358,0.21705207228660583,0.058805759996175766,0.2914886474609375,0.0012168500106781721,0.09649024903774261,0.6523334383964539,0.37084710597991943,0.15947964787483215,0.558050274848938
138,0.007825539533890782,0.6556273698806763,0.24790656566619873,0.06197664141654968,0.7176040410995483,0.6666666666666666,0.6250574712643678,0.6264880952380952,0.8602291969037252,0.6597586206896551,0.0014064309652894735,0.018327048048377037,0.49718230962753296,0.253415584564209,0.07251417636871338,0.2954213619232178,0.0012215938186272979,0.07884304970502853,0.6523652672767639,0.3637593984603882,0.18237626552581787,0.5580461621284485
139,0.007791560149295626,0.5970320701599121,0.24593043327331543,0.06148260831832886,0.658514678478241,0.6666666666666666,0.6231060606060606,0.6101190476190476,0.868496392670921,0.6636363636363636,0.0014452969189733267,0.01902565360069275,0.4963631331920624,0.24716219305992126,0.07444274425506592,0.2922412157058716,0.0012113491538912058,0.0843065083026886,0.6523287296295166,0.3836899399757385,0.13655653595924377,0.562391996383667
140,0.007757393382706014,0.5600817799568176,0.24249133467674255,0.06062283366918564,0.6207045912742615,0.7166666666666667,0.657190635451505,0.6359126984126984,0.8631891889556984,0.7115477517651431,0.0013550743460655212,0.017539529129862785,0.4969003200531006,0.25525355339050293,0.06155630946159363,0.2869318723678589,0.0013055481249466538,0.06584735214710236,0.6523398160934448,0.37900617718696594,0.10715995728969574,0.5847004055976868
141,0.00772304156937506,0.603313148021698,0.24427878856658936,0.06106969714164734,0.664382815361023,0.7166666666666667,0.6544220276614642,0.6304563492063492,0.8679478060374287,0.7099130820961806,0.0014047144213691354,0.013784618116915226,0.496213436126709,0.2318030148744583,0.060983967036008835,0.2888225317001343,0.0012634987942874432,0.06690684705972672,0.6524546146392822,0.38069820404052734,0.1336330771446228,0.6033769845962524
142,0.00768850705720357,0.6258604526519775,0.23995965719223022,0.059989914298057556,0.6858503818511963,0.7166666666666667,0.657190635451505,0.6359126984126984,0.8701594908847268,0.7115477517651431,0.0014469730667769909,0.012951420620083809,0.49454009532928467,0.21233513951301575,0.054768651723861694,0.286054402589798,0.001218180637806654,0.05640166997909546,0.6522806882858276,0.396493136882782,0.11107407510280609,0.599951446056366
143,0.00765379220657958,0.5916421413421631,0.23626598715782166,0.059066496789455414,0.6507086157798767,0.7166666666666667,0.6893772893772895,0.6785714285714285,0.8702304039863001,0.7156410256410256,0.001368729630485177,0.01167743094265461,0.4941944479942322,0.2178993821144104,0.05999787896871567,0.2995055913925171,0.0012529458617791533,0.06046275049448013,0.6520121097564697,0.3845892548561096,0.08524791896343231,0.5669832825660706
144,0.007618899390217016,0.5612589120864868,0.2375001311302185,0.059375032782554626,0.6206339597702026,0.75,0.7155067155067155,0.704861111111111,0.8572986019919983,0.7487179487179486,0.001332877203822136,0.010513167828321457,0.4945116639137268,0.22030937671661377,0.06511398404836655,0.2941790819168091,0.001252210233360529,0.05112619698047638,0.6520529985427856,0.37575870752334595,0.09890329837799072,0.5849478244781494
145,0.007583830992993526,0.5397310256958008,0.23512563109397888,0.05878140777349472,0.5985124111175537,0.7833333333333333,0.7404515882127822,0.7256944444444443,0.8918980761551515,0.7816456180635285,0.00135462183970958,0.010006711818277836,0.4935095012187958,0.21777501702308655,0.05917526036500931,0.29738283157348633,0.0012451857328414917,0.051168039441108704,0.6518657207489014,0.3816753029823303,0.09193293750286102,0.5644164085388184
146,0.007548589411787477,0.5617343187332153,0.23204819858074188,0.05801204964518547,0.6197463870048523,0.7333333333333333,0.6742424242424242,0.6626984126984127,0.8660153940224696,0.7287878787878788,0.001410753233358264,0.00967409834265709,0.4921426773071289,0.21289131045341492,0.05210837349295616,0.2904699742794037,0.001861112890765071,0.05391436070203781,0.6517132520675659,0.37899500131607056,0.0658581480383873,0.5735392570495605
147,0.007513177055314133,0.6070554852485657,0.2697065472602844,0.0674266368150711,0.6744821071624756,0.8,0.7873303167420814,0.7678571428571429,0.907860843297164,0.7981900452488688,0.0815855860710144,0.010984255000948906,0.4920084476470947,0.20678766071796417,0.04920452833175659,0.2875670790672302,0.39297598600387573,0.04162747412919998,0.6518876552581787,0.3749963343143463,0.07616536319255829,0.5706881284713745
148,0.0074775963439610155,1.0151644945144653,0.581066906452179,0.14526672661304474,1.1604312658309937,0.8,0.8132505175983438,0.8214285714285715,0.9139590700616643,0.8005797101449275,1.2441353797912598,0.009100664407014847,0.4915439486503601,0.20429843664169312,0.047286391258239746,0.28642433881759644,2.982055187225342,0.04270591586828232,0.651760458946228,0.3741147220134735,0.07658366858959198,0.5627939701080322
149,0.007441849709622487,0.7566879987716675,0.46647852659225464,0.11661963164806366,0.8733076453208923,0.75,0.762070633768747,0.8010912698412698,0.924802235238556,0.7449540396710207,0.7438425421714783,0.00892626866698265,0.490457683801651,0.20426738262176514,0.04794786125421524,0.2854045629501343,2.107124090194702,0.04688706994056702,0.6515181660652161,0.37871527671813965,0.05765901878476143,0.5749920010566711
150,0.007405939595533515,0.7420653104782104,0.33326220512390137,0.08331555128097534,0.8253808617591858,0.7666666666666667,0.7547619047619047,0.7743055555555555,0.9325080056212132,0.7633333333333333,0.6551672220230103,0.00845184177160263,0.49016273021698,0.19718419015407562,0.04622287303209305,0.2876138985157013,0.6391063928604126,0.030990684404969215,0.651353120803833,0.3714255094528198,0.05959652364253998,0.5618714690208435
151,0.007369868456102699,0.6892328858375549,0.35487669706344604,0.08871917426586151,0.7779520750045776,0.85,0.8179576521039936,0.8154761904761904,0.9340660540542616,0.8501375859912446,0.5615791082382202,0.009010791778564453,0.48999083042144775,0.2028648406267166,0.04288749396800995,0.27839383482933044,0.9705855250358582,0.04039537161588669,0.6513271331787109,0.3710566759109497,0.06492303311824799,0.575505793094635
152,0.0073336387567445056,0.6399487257003784,0.3327769637107849,0.08319424092769623,0.7231429815292358,0.8166666666666667,0.8061191626409018,0.8100198412698413,0.950686717196151,0.8138647342995168,0.4996614456176758,0.007808109745383263,0.4885709285736084,0.19924169778823853,0.039462827146053314,0.27651721239089966,0.8136103749275208,0.035918161273002625,0.6512998342514038,0.36984843015670776,0.05061762034893036,0.5607668161392212
153,0.007297252973710758,0.7801452875137329,0.3272544741630554,0.08181361854076385,0.861958920955658,0.85,0.8371794871794872,0.8472222222222222,0.9483291865367337,0.8503205128205129,0.5944925546646118,0.007131499238312244,0.48816293478012085,0.19831590354442596,0.037969719618558884,0.278032124042511,0.6505792737007141,0.029628194868564606,0.6513580083847046,0.3653217554092407,0.05727800726890564,0.5687834620475769
154,0.007260713593921394,0.7650606632232666,0.3340303897857666,0.08350759744644165,0.8485682606697083,0.8333333333333334,0.8428910544727636,0.8849206349206349,0.9374578241028714,0.8325930784607697,0.6163635849952698,0.007243172265589237,0.48758819699287415,0.1915808618068695,0.04002221301198006,0.2733955681324005,0.7161637544631958,0.03536347672343254,0.6514405608177185,0.364750474691391,0.06017329543828964,0.5642790794372559
155,0.007224023114794484,0.6265397071838379,0.33461976051330566,0.08365494012832642,0.7101946473121643,0.8,0.8174603174603173,0.8640873015873015,0.9354228220678693,0.7982142857142857,0.5526614189147949,0.0072365980595350266,0.48644161224365234,0.19050166010856628,0.04019990190863609,0.26921772956848145,0.8127185106277466,0.03172750398516655,0.6511845588684082,0.3653329014778137,0.043982040137052536,0.564233124256134
156,0.00718718404407554,0.7158666849136353,0.3308166265487671,0.08270415663719177,0.7985708713531494,0.8,0.8174603174603173,0.8640873015873015,0.9287963466913939,0.7982142857142857,0.5024845600128174,0.006464994978159666,0.48617225885391235,0.1902107298374176,0.03903422877192497,0.27698516845703125,0.8050937056541443,0.03032383695244789,0.6513010859489441,0.3635615408420563,0.05212042108178139,0.5660470724105835
157,0.0071501988996661115,0.6902827024459839,0.3249022364616394,0.08122555911540985,0.7715082764625549,0.8166666666666667,0.8301760607191738,0.8745039682539683,0.9342640347946952,0.8154714134627348,0.5175663232803345,0.006204826757311821,0.4845380485057831,0.1884908527135849,0.0371098555624485,0.29197999835014343,0.7315725684165955,0.024459339678287506,0.6511919498443604,0.36362597346305847,0.043819673359394073,0.5582672357559204
158,0.007113070209451689,0.6890082359313965,0.31935185194015503,0.07983796298503876,0.7688462138175964,0.8666666666666667,0.8684343434343434,0.9057539682539683,0.9392752273058876,0.8665782828282829,0.5402318239212036,0.006085201166570187,0.48398858308792114,0.18454450368881226,0.036429304629564285,0.2672197222709656,0.6631050109863281,0.024085786193609238,0.6514684557914734,0.35983192920684814,0.04211685061454773,0.5731149911880493
159,0.007075800511128927,0.6334575414657593,0.31502604484558105,0.07875651121139526,0.7122140526771545,0.8666666666666667,0.8684343434343434,0.9057539682539683,0.9431703483885087,0.8665782828282829,0.5244453549385071,0.005836814641952515,0.4824296236038208,0.18270061910152435,0.035930898040533066,0.2635199725627899,0.643937349319458,0.022167440503835678,0.6512576937675476,0.3602498471736908,0.04757032170891762,0.5602666735649109
160,0.0070383923520322,0.5519031286239624,0.3151704668998718,0.07879261672496796,0.6306957602500916,0.8666666666666667,0.8684343434343434,0.9057539682539683,0.9428333011764615,0.8665782828282829,0.49656522274017334,0.005580615252256393,0.4815645217895508,0.18435019254684448,0.034175388514995575,0.27280908823013306,0.6697620153427124,0.021013692021369934,0.6512494087219238,0.35742971301078796,0.03616359084844589,0.5713820457458496
161,0.007000848288959491,0.5763529539108276,0.31511521339416504,0.07877880334854126,0.6551317572593689,0.8666666666666667,0.8684343434343434,0.9057539682539683,0.9495996829428434,0.8665782828282829,0.48552894592285156,0.005831938702613115,0.4805458188056946,0.18255047500133514,0.032983534038066864,0.26634347438812256,0.7016052007675171,0.01804990880191326,0.6515466570854187,0.3559843599796295,0.04107026383280754,0.5593419075012207
162,0.006963170887997639,0.6413922309875488,0.3143400549888611,0.07858501374721527,0.7199772596359253,0.85,0.8380952380952381,0.8526785714285715,0.946558878752275,0.8504761904761904,0.48515641689300537,0.00622531957924366,0.47883301973342896,0.18256235122680664,0.03260825201869011,0.2561582922935486,0.7085139155387878,0.01633298210799694,0.6512622833251953,0.3553466200828552,0.03779394179582596,0.5612874627113342
163,0.006925362724346952,0.6466657519340515,0.3111281394958496,0.0777820348739624,0.7244477868080139,0.8666666666666667,0.8515628907226808,0.8685515873015873,0.9585682104844842,0.8671517879469868,0.4806959629058838,0.006629902869462967,0.47707870602607727,0.18109551072120667,0.030986500903964043,0.257576584815979,0.6875795125961304,0.014492571353912354,0.6511426568031311,0.3529934585094452,0.035044245421886444,0.5582221150398254
164,0.006887426382145193,0.7245979905128479,0.30718666315078735,0.07679666578769684,0.8013946413993835,0.85,0.8386984600099354,0.8581349206349206,0.9383135808548544,0.85025086934923,0.46923571825027466,0.00685120839625597,0.47566860914230347,0.17826393246650696,0.03125995397567749,0.2585427165031433,0.6557934284210205,0.01311190240085125,0.6510886549949646,0.351121187210083,0.03679100424051285,0.5585116147994995
165,0.006849364454290958,0.6184576153755188,0.3043072819709778,0.07607682049274445,0.694534420967102,0.85,0.8386984600099354,0.8581349206349206,0.9307886328817933,0.85025086934923,0.45589691400527954,0.006619445979595184,0.4759698510169983,0.17792905867099762,0.029873892664909363,0.2640813887119293,0.6339420080184937,0.011649579741060734,0.6509393453598022,0.3511534333229065,0.03060273453593254,0.5630295276641846
166,0.006811179542266458,0.6113287806510925,0.3033660054206848,0.0758415013551712,0.6871702671051025,0.85,0.8386984600099354,0.8581349206349206,0.9387555578593313,0.85025086934923,0.4444437623023987,0.006378793157637119,0.4949553310871124,0.17780986428260803,0.02955225110054016,0.24937713146209717,0.632066547870636,0.011079367250204086,0.6543116569519043,0.349924772977829,0.03349728509783745,0.5569950342178345
167,0.006772874255959703,0.6193313002586365,0.321469783782959,0.08036744594573975,0.6996987462043762,0.8333333333333334,0.825925925925926,0.847718253968254,0.9343485065772802,0.8333333333333334,0.4331241846084595,0.006454614922404289,0.7039245963096619,0.17786480486392975,0.02919764816761017,0.25263336300849915,0.64451003074646,0.009654197841882706,0.659014105796814,0.34922415018081665,0.030667319893836975,0.5613682270050049
168,0.006734451213486133,0.6098927855491638,0.31409332156181335,0.07852333039045334,0.6884161233901978,0.85,0.8556340238543628,0.8953373015873015,0.9326360331666935,0.8496162900188324,0.4204334616661072,0.0065490929409861565,0.6198409199714661,0.17589619755744934,0.027995385229587555,0.26577630639076233,0.6574807167053223,0.00783768855035305,0.6515445113182068,0.347258985042572,0.02996644377708435,0.5585399866104126
169,0.006695913041009662,0.6036819219589233,0.30901283025741577,0.07725320756435394,0.6809351444244385,0.8333333333333334,0.8428910544727636,0.8849206349206349,0.9290779592961197,0.8325930784607697,0.4072616994380951,0.0062342314049601555,0.564429521560669,0.17652566730976105,0.0272042378783226,0.2494470477104187,0.6613234281539917,0.0072530279867351055,0.675417959690094,0.3468267321586609,0.02941509708762169,0.5568153858184814
170,0.006657262372563185,0.6197090148925781,0.3005898594856262,0.07514746487140656,0.6948564648628235,0.85,0.8556340238543628,0.8953373015873015,0.9373537342287341,0.8496162900188324,0.3943403363227844,0.005482410080730915,0.5157582759857178,0.17613409459590912,0.025738071650266647,0.24303209781646729,0.6542536020278931,0.005784858949482441,0.6590789556503296,0.3458123505115509,0.02736562117934227,0.5542975664138794
171,0.006618501849868548,0.6289478540420532,0.30374810099601746,0.07593702524900436,0.7048848867416382,0.85,0.8556340238543628,0.8953373015873015,0.9314995037282774,0.8496162900188324,0.38047629594802856,0.004740025848150253,0.5600231885910034,0.17637363076210022,0.02546684443950653,0.25875967741012573,0.6406183242797852,0.005878810305148363,0.6671279668807983,0.3439067006111145,0.02794213593006134,0.5536634922027588
172,0.006579634122155991,0.5615605115890503,0.30037572979927063,0.07509393244981766,0.6366544365882874,0.85,0.8386984600099354,0.8581349206349206,0.9383912732969337,0.85025086934923,0.36616235971450806,0.004254647996276617,0.5692214965820312,0.17870236933231354,0.024950794875621796,0.24039605259895325,0.6267233490943909,0.004452352877706289,0.667586088180542,0.34325331449508667,0.025486135855317116,0.5533195734024048
173,0.006540661845983073,0.5961280465126038,0.2975650429725647,0.07439126074314117,0.6705192923545837,0.85,0.8386984600099354,0.8581349206349206,0.9320464105251841,0.85025086934923,0.35461440682411194,0.0038222679868340492,0.544323205947876,0.1965722143650055,0.02405819296836853,0.23821425437927246,0.6166461706161499,0.004147899802774191,0.6596421003341675,0.3475269079208374,0.02593444660305977,0.555278480052948
174,0.0065015876850531016,0.5696675181388855,0.30343443155288696,0.07585860788822174,0.645526111125946,0.85,0.8386984600099354,0.8581349206349206,0.923265484733645,0.85025086934923,0.3458081781864166,0.0033350042067468166,0.5373287796974182,0.2584696114063263,0.023379594087600708,0.24097022414207458,0.6109735369682312,0.0039450544863939285,0.6652425527572632,0.3749831020832062,0.02406693994998932,0.5527102947235107
175,0.006462414310033072,0.5672610402107239,0.30037176609039307,0.07509294152259827,0.6423540115356445,0.85,0.8386984600099354,0.8581349206349206,0.9226341061541534,0.85025086934923,0.3327224850654602,0.003143648151308298,0.5524446964263916,0.2064482569694519,0.022505467757582664,0.24153131246566772,0.6082684993743896,0.00413913419470191,0.6606281995773315,0.3925711512565613,0.024363208562135696,0.5556949377059937
176,0.0064231443983711325,0.5734493732452393,0.2966035306453705,0.07415088266134262,0.6476002335548401,0.8333333333333334,0.8156565656565657,0.847718253968254,0.919944627786609,0.8342171717171717,0.3129383325576782,0.0030824621208012104,0.5515993237495422,0.21513639390468597,0.021345730870962143,0.2407054603099823,0.6062203049659729,0.003849550150334835,0.6551384925842285,0.3707685172557831,0.023272152990102768,0.5551856756210327
177,0.006383780634113578,0.5505439043045044,0.2935902178287506,0.07339755445718765,0.6239414811134338,0.85,0.8386984600099354,0.8581349206349206,0.9275113316976525,0.85025086934923,0.2958388328552246,0.0030433842912316322,0.5321134924888611,0.21207551658153534,0.020081669092178345,0.23600244522094727,0.6028923988342285,0.0033935848623514175,0.659449577331543,0.38344138860702515,0.023063678294420242,0.5516865253448486
178,0.006344325707721409,0.5562862753868103,0.2885143756866455,0.07212859392166138,0.6284148693084717,0.8166666666666667,0.8132154261852125,0.8373015873015873,0.9379620150551755,0.8163620732006879,0.28443464636802673,0.0029129409231245518,0.5218629837036133,0.20317763090133667,0.0194180216640234,0.23143187165260315,0.597328245639801,0.002995411865413189,0.6552374362945557,0.3689606785774231,0.02114349976181984,0.5532690286636353
179,0.006304782315886434,0.5769200325012207,0.2882879972457886,0.07207199931144714,0.6489920616149902,0.8166666666666667,0.8132154261852125,0.8373015873015873,0.9425739464064936,0.8163620732006879,0.27014920115470886,0.002678085118532181,0.5288439393043518,0.20507776737213135,0.018688784912228584,0.23237332701683044,0.5903928279876709,0.00273780501447618,0.6527023911476135,0.3813779354095459,0.02137904241681099,0.5530545711517334
180,0.0062651531613469565,0.6264210939407349,0.2851685583591461,0.07129213958978653,0.6977132558822632,0.8333333333333334,0.825925925925926,0.847718253968254,0.9430509000084472,0.8333333333333334,0.25029870867729187,0.002570551820099354,0.5348284840583801,0.20142462849617004,0.017550241202116013,0.24077576398849487,0.5845232009887695,0.0026023229584097862,0.6578633785247803,0.357832133769989,0.0201630350202322,0.551590085029602
181,0.00622544095270305,0.559998631477356,0.28482651710510254,0.07120662927627563,0.6312052607536316,0.8166666666666667,0.8132154261852125,0.8373015873015873,0.9371267163130371,0.8163620732006879,0.23285774886608124,0.0024765431880950928,0.5293970108032227,0.19881200790405273,0.017146464437246323,0.2575104832649231,0.5819306373596191,0.002287321723997593,0.6555890440940857,0.3699195981025696,0.019581224769353867,0.5504100918769836
182,0.006185648404231421,0.5849968194961548,0.27988705039024353,0.06997176259756088,0.6549685597419739,0.8333333333333334,0.825925925925926,0.847718253968254,0.9330344544082753,0.8333333333333334,0.22032588720321655,0.0024697387125343084,0.5206713676452637,0.19773970544338226,0.016687985509634018,0.23011663556098938,0.5821813344955444,0.0020733834244310856,0.6535084247589111,0.36249828338623047,0.018148940056562424,0.5522228479385376
183,0.0061457782356999025,0.5532270073890686,0.2781069874763489,0.06952674686908722,0.6227537393569946,0.8333333333333334,0.8055439184471442,0.810515873015873,0.9338279972124311,0.8329178885630498,0.2022564709186554,0.002425677375867963,0.5193967819213867,0.1917138397693634,0.016105007380247116,0.23675110936164856,0.5812736749649048,0.0019395863637328148,0.6560846567153931,0.35840243101119995,0.01790984347462654,0.5530245304107666
184,0.006105833172181549,0.5505388975143433,0.27795594930648804,0.06948898732662201,0.6200278997421265,0.8333333333333334,0.8055439184471442,0.810515873015873,0.9302126889096228,0.8329178885630498,0.1821451187133789,0.002322893124073744,0.5242066383361816,0.19364924728870392,0.01490914635360241,0.25926560163497925,0.5754381418228149,0.001814429648220539,0.6549410820007324,0.3563213348388672,0.017686348408460617,0.5527712106704712
185,0.006065815943868391,0.5620923042297363,0.2733783721923828,0.0683445930480957,0.630436897277832,0.8333333333333334,0.8055439184471442,0.810515873015873,0.9385516376966848,0.8329178885630498,0.16894447803497314,0.00216601206921041,0.5241985321044922,0.18875622749328613,0.015921570360660553,0.22838094830513,0.5654870271682739,0.001707266317680478,0.6526669859886169,0.3584423065185547,0.015993639826774597,0.557875394821167
186,0.006025729285884828,0.5454902052879333,0.2715756595134735,0.06789391487836838,0.6133841276168823,0.85,0.8386984600099354,0.8581349206349206,0.9348886340336812,0.85025086934923,0.15261028707027435,0.0020245423074811697,0.5165590643882751,0.1859441101551056,0.026805197820067406,0.2380666732788086,0.556073784828186,0.0016607798170298338,0.6522945165634155,0.3538345694541931,0.01598392054438591,0.5570505261421204
187,0.005985575938100685,0.5787684917449951,0.27946966886520386,0.06986741721630096,0.6486359238624573,0.8333333333333334,0.8156565656565657,0.847718253968254,0.9137330120525875,0.8342171717171717,0.13555574417114258,0.0019115640316158533,0.5117307901382446,0.183442160487175,0.13816174864768982,0.25261932611465454,0.550095796585083,0.0016366271302103996,0.6519633531570435,0.35119837522506714,0.021892331540584564,0.5534281134605408
188,0.005945358644943944,0.7130346298217773,0.29412218928337097,0.07353054732084274,0.7865651845932007,0.85,0.8448744675065711,0.8953373015873015,0.9159164996429148,0.8503285597752198,0.12537500262260437,0.0018236651085317135,0.5150393843650818,0.1846722811460495,0.32704001665115356,0.23030436038970947,0.5468147397041321,0.0016215587966144085,0.652015209197998,0.35033124685287476,0.03190582990646362,0.5625227689743042
189,0.005905080155213171,0.5969027280807495,0.2859392762184143,0.07148481905460358,0.6683875322341919,0.7833333333333333,0.734252753924885,0.7420634920634921,0.9233365178235461,0.7818943533697632,0.10790178179740906,0.0018263254314661026,0.5187546014785767,0.1834564507007599,0.23431676626205444,0.24790453910827637,0.5429635047912598,0.0015216245083138347,0.6524577140808105,0.34782102704048157,0.04155725985765457,0.5507893562316895
190,0.005864743221889634,0.6219252347946167,0.27206313610076904,0.06801578402519226,0.6899410486221313,0.8333333333333334,0.780951848539058,0.7733134920634921,0.9334988092358376,0.8310971973762672,0.09615521878004074,0.0018441746942698956,0.5144146680831909,0.1808636486530304,0.06430789828300476,0.23705102503299713,0.5349497199058533,0.0014749981928616762,0.6530532836914062,0.3449687659740448,0.07233733683824539,0.563336968421936
191,0.005824350601949144,0.6440726518630981,0.26860472559928894,0.06715118139982224,0.711223840713501,0.8666666666666667,0.8167388167388167,0.7941468253968255,0.948167142300397,0.8631313131313131,0.0829269289970398,0.0017850534059107304,0.5101653337478638,0.1811639368534088,0.08836949616670609,0.23207588493824005,0.5253933072090149,0.0014691264368593693,0.6535437703132629,0.34466731548309326,0.05264747887849808,0.549048900604248
192,0.0057839050561736185,0.7597224712371826,0.27495646476745605,0.06873911619186401,0.8284615874290466,0.85,0.8287266488753335,0.8581349206349206,0.945670545169366,0.8514471343245648,0.06893905252218246,0.0016934974119067192,0.5118790864944458,0.18039552867412567,0.14493116736412048,0.2419978678226471,0.5194735527038574,0.0014502776321023703,0.6529819965362549,0.34199848771095276,0.07290885597467422,0.5608282685279846
193,0.005743409348962387,0.5748915076255798,0.26256927847862244,0.06564231961965561,0.6405338048934937,0.8,0.7897301349325337,0.8268849206349206,0.9295192163706315,0.7996189405297351,0.05886606499552727,0.0016421293839812279,0.5126144886016846,0.17699691653251648,0.07435406744480133,0.22911539673805237,0.5134377479553223,0.0014685806818306446,0.6534944772720337,0.34171128273010254,0.03527964651584625,0.5518504977226257
194,0.005702866248143243,0.609839141368866,0.2622769773006439,0.06556924432516098,0.6754083633422852,0.8,0.7897301349325337,0.8268849206349206,0.9184787903832715,0.7996189405297351,0.0491948127746582,0.0016093698795884848,0.509367823600769,0.17725980281829834,0.06606914103031158,0.23426464200019836,0.5025805830955505,0.0014553493820130825,0.6546658277511597,0.3408828377723694,0.05442932993173599,0.5555439591407776
195,0.005662278524783272,0.6337155103683472,0.26271429657936096,0.06567857414484024,0.6993941068649292,0.8333333333333334,0.8156565656565657,0.847718253968254,0.9160018113437923,0.8342171717171717,0.04260603338479996,0.0015743195544928312,0.5066242218017578,0.1758885681629181,0.09625697135925293,0.22890734672546387,0.4904314875602722,0.0014679365558549762,0.6529031991958618,0.34062591195106506,0.06211598962545395,0.5531693696975708
196,0.005621648952999453,0.5638745427131653,0.2606123089790344,0.0651530772447586,0.6290276050567627,0.8333333333333334,0.8156565656565657,0.847718253968254,0.9092004529799341,0.8342171717171717,0.03249736875295639,0.00144829077180475,0.5067052245140076,0.17688259482383728,0.10639873147010803,0.22666162252426147,0.48032253980636597,0.0015370531473308802,0.6521021127700806,0.34008896350860596,0.052558306604623795,0.5501447916030884
197,0.005580980309769044,0.6369830369949341,0.25745609402656555,0.06436402350664139,0.7013470530509949,0.8,0.7893939393939394,0.8214285714285715,0.9093199013599956,0.800530303030303,0.027844395488500595,0.0013958427589386702,0.5077332258224487,0.17283940315246582,0.08226224780082703,0.22890979051589966,0.4728264808654785,0.0015485341427847743,0.6530301570892334,0.33913201093673706,0.04684410244226456,0.5551069378852844
198,0.005540275374739791,0.6017273664474487,0.2525959610939026,0.06314899027347565,0.6648763418197632,0.8166666666666667,0.8026679221594476,0.8373015873015873,0.9048156595326406,0.8169538606403014,0.021894529461860657,0.0013876445591449738,0.5075680017471313,0.17380280792713165,0.060683026909828186,0.2242891490459442,0.45918193459510803,0.001503682928159833,0.6521419286727905,0.3383830785751343,0.03960510715842247,0.5507107377052307
199,0.0054995369300399315,0.6023494601249695,0.2517547309398651,0.06293868273496628,0.6652881503105164,0.8166666666666667,0.8026679221594476,0.8373015873015873,0.9074965587347662,0.8169538606403014,0.020942334085702896,0.0013894280418753624,0.5061652064323425,0.171451136469841,0.0701596587896347,0.22786852717399597,0.4434022307395935,0.0014818807831034064,0.6514720916748047,0.3372001051902771,0.03757302835583687,0.5519508719444275
200,0.005458767760088046,0.6358523368835449,0.25168734788894653,0.06292183697223663,0.6987741589546204,0.8333333333333334,0.825925925925926,0.847718253968254,0.9189021092028167,0.8333333333333334,0.01484847255051136,0.0013292880030348897,0.5057923793792725,0.17146393656730652,0.09067369252443314,0.22498920559883118,0.43381065130233765,0.001489743241108954,0.6521322727203369,0.33716845512390137,0.039798833429813385,0.546751081943512
201,0.0054179706514027445,0.6059475541114807,0.24966244399547577,0.06241561099886894,0.6683631539344788,0.8166666666666667,0.8022938111577075,0.8318452380952381,0.9308450273957348,0.8176817257593086,0.012580763548612595,0.0012881460133939981,0.507236659526825,0.16978605091571808,0.08227929472923279,0.22331272065639496,0.41897326707839966,0.0015105889178812504,0.6521859169006348,0.33630532026290894,0.04011738300323486,0.5503730773925781
202,0.005377148392412213,0.6230435967445374,0.24651174247264862,0.061627935618162155,0.6846715211868286,0.8333333333333334,0.8156565656565657,0.847718253968254,0.9316095330246273,0.8342171717171717,0.009458932094275951,0.0012905647745355964,0.5073729157447815,0.1690642088651657,0.06152427941560745,0.227081760764122,0.4048498868942261,0.001464935950934887,0.6517900228500366,0.33615633845329285,0.040752559900283813,0.5473344326019287
203,0.005336303773263628,0.5859800577163696,0.2440607249736786,0.06101518124341965,0.6469952464103699,0.8333333333333334,0.825925925925926,0.847718253968254,0.9309286592600272,0.8333333333333334,0.007464790716767311,0.0013205577852204442,0.5057305097579956,0.168443500995636,0.05709189176559448,0.22151923179626465,0.3929920792579651,0.0014245996717363596,0.6515496969223022,0.33458149433135986,0.038592640310525894,0.5480175018310547
204,0.005295439585632452,0.5764111280441284,0.24259351193904877,0.06064837798476219,0.6370595097541809,0.8166666666666667,0.7928007632925667,0.8000992063492064,0.9190956503751315,0.8160473588342441,0.006920255720615387,0.0013361137825995684,0.5054892897605896,0.1679484248161316,0.06402560323476791,0.22183194756507874,0.37517791986465454,0.001379252877086401,0.6514126658439636,0.3341318368911743,0.034317564219236374,0.5471512079238892
205,0.005254558622531626,0.5643852949142456,0.24192170798778534,0.060480426996946335,0.624865710735321,0.8166666666666667,0.7681392681392681,0.7628968253968255,0.9336761219868531,0.8142792392792393,0.0059007517993450165,0.001323258737102151,0.5058793425559998,0.16718631982803345,0.06843491643667221,0.22552256286144257,0.3627133369445801,0.001375588239170611,0.6515085101127625,0.3333870768547058,0.03345199674367905,0.5463769435882568
206,0.005213663678120677,0.5814082622528076,0.2392960786819458,0.05982401967048645,0.6412322521209717,0.8166666666666667,0.7681392681392681,0.7628968253968255,0.940515846618441,0.8142792392792393,0.004642645362764597,0.0013191965408623219,0.5046314001083374,0.16751331090927124,0.06451524049043655,0.22106963396072388,0.3462457060813904,0.0013503441587090492,0.6519421339035034,0.3326057195663452,0.031019696965813637,0.5446979999542236
207,0.005172757547514729,0.5592390298843384,0.23701536655426025,0.059253841638565063,0.618492841720581,0.8166666666666667,0.7681392681392681,0.7628968253968255,0.9425935644980457,0.8142792392792393,0.004223366733640432,0.001337349647656083,0.5029290914535522,0.16644367575645447,0.0553426593542099,0.22093668580055237,0.33289670944213867,0.0013141846284270287,0.6520125865936279,0.33184921741485596,0.03039533644914627,0.5445036292076111
208,0.0051318430265934745,0.5523192286491394,0.2351750135421753,0.05879375338554382,0.6111129522323608,0.8166666666666667,0.7681392681392681,0.7628968253968255,0.9403836794756607,0.8142792392792393,0.004082396160811186,0.0013657384552061558,0.5019751191139221,0.16732335090637207,0.048391107469797134,0.22322580218315125,0.3166104853153229,0.0012658113846555352,0.6519842147827148,0.33106690645217896,0.030632486566901207,0.5441766977310181
209,0.005090922911810069,0.6116853952407837,0.23363584280014038,0.058408960700035095,0.67009437084198,0.8333333333333334,0.8055439184471442,0.810515873015873,0.9471560006642553,0.8329178885630498,0.004206788260489702,0.001335977460257709,0.5012876987457275,0.16725927591323853,0.04968676343560219,0.21957170963287354,0.3039259910583496,0.0012863980373367667,0.6527431011199951,0.3303303122520447,0.029346182942390442,0.5426499843597412
210,0.005050000000000001,0.5402942895889282,0.23387585580348969,0.05846896395087242,0.5987632274627686,0.8166666666666667,0.7681392681392681,0.7628968253968255,0.9441380542500825,0.8142792392792393,0.005016785580664873,0.0013157263165339828,0.5004251003265381,0.172850102186203,0.055573638528585434,0.21862353384494781,0.2964983582496643,0.0012852714862674475,0.6528363227844238,0.3298725187778473,0.028594426810741425,0.5436184406280518
211,0.005009077088189933,0.5526416301727295,0.2386322021484375,0.059658050537109375,0.6122996807098389,0.8333333333333334,0.8055439184471442,0.810515873015873,0.9450365268466684,0.8329178885630498,0.004205976612865925,0.0013221465051174164,0.49938198924064636,0.16943231225013733,0.0550876222550869,0.21994855999946594,0.3598697781562805,0.001257103867828846,0.6524218916893005,0.33078816533088684,0.02681778371334076,0.5430532693862915
212,0.004968156973406526,0.5745890140533447,0.25474977493286133,0.06368744373321533,0.6382764577865601,0.8333333333333334,0.79135101010101,0.7733134920634921,0.9372598433624377,0.830050505050505,0.009675309993326664,0.001369826844893396,0.4985676109790802,0.1811230480670929,0.04803401976823807,0.21886737644672394,0.5447986125946045,0.0011848991271108389,0.652658998966217,0.3322902321815491,0.026937421411275864,0.5414900183677673
213,0.0049272424524852716,0.5694758892059326,0.24431321024894714,0.061078302562236786,0.63055419921875,0.8,0.7801242236024845,0.7896825396825397,0.9280315410916825,0.7991304347826087,0.09741425514221191,0.0013308865018188953,0.4982967972755432,0.19001132249832153,0.04315842688083649,0.2179916650056839,0.3271275460720062,0.001191572635434568,0.6527466773986816,0.3350308835506439,0.02603035420179367,0.54142826795578
214,0.004886336321879326,0.5801479816436768,0.2747915983200073,0.06869789958000183,0.648845911026001,0.8,0.7801242236024845,0.7896825396825397,0.9350695764316047,0.7991304347826087,0.3195542097091675,0.001327891368418932,0.4975084066390991,0.20084987580776215,0.04320484399795532,0.21833229064941406,0.43713483214378357,0.0011708777165040374,0.6526773571968079,0.3574564456939697,0.026213621720671654,0.5420682430267334
215,0.004845441377468376,0.6160767674446106,0.23689797520637512,0.05922449380159378,0.6753012537956238,0.7833333333333333,0.7878654970760234,0.816468253968254,0.9375406160488708,0.7821125730994152,0.02904679626226425,0.0013598070945590734,0.49622881412506104,0.20114773511886597,0.04508961737155914,0.21774497628211975,0.28271687030792236,0.0011267280206084251,0.6527891159057617,0.3482222557067871,0.026317307725548744,0.540985643863678
216,0.004804560414367551,0.5819463729858398,0.25291892886161804,0.06322973221540451,0.645176112651825,0.7833333333333333,0.7878654970760234,0.816468253968254,0.9410841713318128,0.7821125730994152,0.13870927691459656,0.001310350839048624,0.4957736134529114,0.21950587630271912,0.045317456126213074,0.21730878949165344,0.34817981719970703,0.001165959401987493,0.6529630422592163,0.34831249713897705,0.025805450975894928,0.5406746864318848
217,0.004763696226736375,0.5681577920913696,0.2462947815656662,0.06157369539141655,0.6297314763069153,0.7666666666666667,0.7548576902025177,0.7688492063492064,0.952152674587816,0.7650143678160919,0.03503027930855751,0.0012787830783054233,0.4950222969055176,0.24847418069839478,0.04272439703345299,0.21652153134346008,0.34302082657814026,0.0011868325527757406,0.6532029509544373,0.3536683917045593,0.025392483919858932,0.5400145053863525
218,0.0047228516075877875,0.5763918161392212,0.23871800303459167,0.05967950075864792,0.6360713243484497,0.7833333333333333,0.7878654970760234,0.816468253968254,0.95320557216194,0.7821125730994152,0.038229309022426605,0.0013053426519036293,0.4941997826099396,0.24213457107543945,0.039058759808540344,0.21714670956134796,0.2623484432697296,0.0011435516644269228,0.6529834270477295,0.3518063426017761,0.024211958050727844,0.5400475263595581
219,0.004682029348597257,0.5755764245986938,0.24340561032295227,0.06085140258073807,0.6364278197288513,0.8166666666666667,0.8132154261852125,0.8373015873015873,0.9508403022553966,0.8163620732006879,0.07471632957458496,0.0013234361540526152,0.49374914169311523,0.2231372743844986,0.03718455880880356,0.2164640873670578,0.3018425703048706,0.0011061804834753275,0.652647852897644,0.3556850552558899,0.023337818682193756,0.5396729707717896
220,0.004641232239911956,0.5209412574768066,0.23859167098999023,0.05964791774749756,0.5805891752243042,0.8333333333333334,0.8428910544727636,0.8849206349206349,0.951331774444982,0.8325930784607697,0.024645010009407997,0.0013420574832707644,0.4932813048362732,0.20679816603660583,0.03784700483083725,0.21655449271202087,0.30952560901641846,0.0010914121521636844,0.6527421474456787,0.35672831535339355,0.02239133045077324,0.5401532649993896
221,0.00460046306996007,0.5417355298995972,0.23669986426830292,0.05917496606707573,0.600910484790802,0.8,0.7801242236024845,0.7896825396825397,0.9486363566552245,0.7991304347826087,0.03665240481495857,0.0013634257484227419,0.49254417419433594,0.19678714871406555,0.03856324404478073,0.21587638556957245,0.2846938371658325,0.0010641696862876415,0.6524646282196045,0.35303112864494324,0.02181202545762062,0.5455456376075745
222,0.00455972462526021,0.5412291288375854,0.23519407212734222,0.058798518031835556,0.6000276207923889,0.7833333333333333,0.7674857898442463,0.779265873015873,0.9489418169400481,0.7821312657771368,0.05313538759946823,0.0013166139833629131,0.4915052056312561,0.20217663049697876,0.03699328377842903,0.21838349103927612,0.2347497045993805,0.001147483242675662,0.6525499820709229,0.35207682847976685,0.021554823964834213,0.5567393898963928
223,0.0045190196902309574,0.5755867958068848,0.23853741586208344,0.05963435396552086,0.6352211236953735,0.85,0.8556340238543628,0.8953373015873015,0.9484537344207156,0.8496162900188324,0.02793576382100582,0.0014788492117077112,0.49080830812454224,0.2060621976852417,0.034205228090286255,0.218461275100708,0.2656930088996887,0.0011629356304183602,0.652719259262085,0.3547195494174957,0.021252162754535675,0.5879504084587097
224,0.00447835104700055,0.5421292781829834,0.23456203937530518,0.058640509843826294,0.6007697582244873,0.85,0.8556340238543628,0.8953373015873015,0.9456251895815574,0.8496162900188324,0.023276448249816895,0.0015763319097459316,0.48986271023750305,0.19995714724063873,0.03258190304040909,0.22148483991622925,0.2709806263446808,0.0019032118143513799,0.6526483297348022,0.35391777753829956,0.02116420492529869,0.5453909635543823
225,0.004437721475216731,0.578066349029541,0.2334485501050949,0.05836213752627373,0.6364284753799438,0.8,0.755426890910762,0.7524801587301587,0.9499273110711789,0.7974579542321477,0.02110307663679123,0.004962234757840633,0.4890309274196625,0.19566985964775085,0.03228389844298363,0.22066569328308105,0.24240756034851074,0.0012385528534650803,0.6524731516838074,0.35128718614578247,0.020548377186059952,0.5697119832038879
226,0.00439713375185676,0.5996043086051941,0.4659782648086548,0.1164945662021637,0.7160989046096802,0.85,0.8556340238543628,0.8953373015873015,0.948812919479193,0.8496162900188324,0.017269717529416084,2.6476454734802246,0.4882522225379944,0.19002750515937805,0.03209253028035164,0.2212415635585785,0.22203698754310608,0.20289823412895203,0.6525077819824219,0.351650595664978,0.020032331347465515,0.5460841655731201
227,0.004356590651037616,0.5922411680221558,0.40690016746520996,0.10172504186630249,0.6939662098884583,0.8166666666666667,0.8301760607191738,0.8745039682539683,0.945029627517835,0.8154714134627348,0.015035197138786316,1.088982343673706,0.4872521758079529,0.18819133937358856,0.031242363154888153,0.22185394167900085,0.22839802503585815,1.0377625226974487,0.6523846387863159,0.35100966691970825,0.019339559599757195,0.5613506436347961
228,0.004316094943826382,0.6133279800415039,0.38785433769226074,0.09696358442306519,0.7102915644645691,0.8,0.8005380288579115,0.8268849206349206,0.9352043833175908,0.7993005624847151,0.014584372751414776,0.5679940581321716,0.48620152473449707,0.18513736128807068,0.02998172491788864,0.2180202752351761,0.23906618356704712,1.3444141149520874,0.6523129940032959,0.34629708528518677,0.01844695769250393,0.5517957210540771
229,0.0042756493980508565,0.5363782644271851,0.32175856828689575,0.08043964207172394,0.6168178915977478,0.8,0.7925804691762138,0.7896825396825397,0.9228958006965083,0.7993889798145118,0.015718424692749977,0.38054078817367554,0.48544543981552124,0.18223100900650024,0.02943766862154007,0.21901440620422363,0.22519372403621674,0.7583315372467041,0.6520335674285889,0.3464367389678955,0.017705842852592468,0.549013614654541
230,0.0042352567781103675,0.5449922680854797,0.3241412937641144,0.0810353234410286,0.6260275840759277,0.8333333333333334,0.8174616303648562,0.810515873015873,0.9265874215756291,0.8326109732561346,0.016184698790311813,0.4645543098449707,0.4845924377441406,0.1802801489830017,0.029718253761529922,0.21805566549301147,0.20372679829597473,0.7233901619911194,0.6515535712242126,0.34637266397476196,0.017021793872117996,0.5542448163032532
231,0.004194919844786831,0.5779891014099121,0.3014143705368042,0.07535359263420105,0.6533427238464355,0.8333333333333334,0.8174616303648562,0.810515873015873,0.9237034421291498,0.8326109732561346,0.013774354010820389,0.37121570110321045,0.4839312434196472,0.1788477748632431,0.029504049569368362,0.2163609117269516,0.19344502687454224,0.5747032165527344,0.6511155366897583,0.3427917957305908,0.016602136194705963,0.5446804761886597
232,0.004154641355056057,0.5653997659683228,0.3001346290111542,0.07503365725278854,0.6404334306716919,0.8,0.7801242236024845,0.7896825396825397,0.9256539723815668,0.7991304347826087,0.010907096788287163,0.3950277268886566,0.482884019613266,0.1785202920436859,0.0283097792416811,0.2154841125011444,0.20010381937026978,0.5296421647071838,0.6508864164352417,0.3399956226348877,0.016032259911298752,0.5538220405578613
233,0.004114424061899316,0.548061728477478,0.3040304183959961,0.07600760459899902,0.624069333076477,0.8166666666666667,0.8132154261852125,0.8373015873015873,0.930061023663618,0.8163620732006879,0.009097653441131115,0.433768630027771,0.48152369260787964,0.1757250726222992,0.02718794159591198,0.21464142203330994,0.19501978158950806,0.5619833469390869,0.6509934663772583,0.3389686942100525,0.0154619961977005,0.543993353843689
234,0.004074270714115174,0.582743763923645,0.3041134774684906,0.07602836936712265,0.6587721109390259,0.8166666666666667,0.8132154261852125,0.8373015873015873,0.9295763308145384,0.8163620732006879,0.007959609851241112,0.43313708901405334,0.48032689094543457,0.1741338074207306,0.02676844410598278,0.21546898782253265,0.17613530158996582,0.58116614818573,0.6509429216384888,0.3389713764190674,0.01507133711129427,0.5492796301841736
235,0.004034184056131611,0.5453473925590515,0.2996658682823181,0.07491646707057953,0.6202638745307922,0.8333333333333334,0.825925925925926,0.847718253968254,0.9176157143433086,0.8333333333333334,0.007064046338200569,0.41554170846939087,0.4793667793273926,0.17294779419898987,0.026635244488716125,0.21491733193397522,0.16456571221351624,0.5687686800956726,0.6507474184036255,0.33810216188430786,0.014607451856136322,0.5427258014678955
236,0.003994166827818454,0.55809086561203,0.29692360758781433,0.07423090189695358,0.6323217749595642,0.8666666666666667,0.8684343434343434,0.9057539682539683,0.9095084630167177,0.8665782828282829,0.006312289275228977,0.40688395500183105,0.4787784218788147,0.17232365906238556,0.026101883500814438,0.2147587686777115,0.16350890696048737,0.545712411403656,0.6507476568222046,0.3363168239593506,0.014237631112337112,0.5474005341529846
237,0.003954221764300101,0.5594102144241333,0.29520174860954285,0.07380043715238571,0.6332106590270996,0.85,0.8386984600099354,0.8581349206349206,0.9108284546079357,0.85025086934923,0.006075233221054077,0.4114248752593994,0.47956204414367676,0.17117129266262054,0.025601133704185486,0.21403856575489044,0.15606099367141724,0.5332783460617065,0.6529666781425476,0.3361925482749939,0.013593328185379505,0.5424559116363525
238,0.003914351595768582,0.5754666328430176,0.2961708903312683,0.07404272258281708,0.6495093703269958,0.85,0.8386984600099354,0.8581349206349206,0.9109701608227553,0.85025086934923,0.006651671137660742,0.41786301136016846,0.48801854252815247,0.17009712755680084,0.025567838922142982,0.21385572850704193,0.139914870262146,0.5366865396499634,0.6628137826919556,0.3349796235561371,0.012761170975863934,0.5448408126831055
239,0.0038745590472969507,0.5251193046569824,0.2976604998111725,0.07441512495279312,0.5995344519615173,0.85,0.8386984600099354,0.8581349206349206,0.9118823120886801,0.85025086934923,0.008697012439370155,0.4148244559764862,0.510077714920044,0.16959421336650848,0.025563910603523254,0.21339082717895508,0.1297866702079773,0.5467137098312378,0.6652290225028992,0.33399108052253723,0.012233862653374672,0.5418232679367065
240,0.0038348468386530444,0.5230075120925903,0.2955099642276764,0.0738774910569191,0.5968850255012512,0.85,0.8386984600099354,0.8581349206349206,0.9148303053078997,0.85025086934923,0.009837780147790909,0.4032614231109619,0.5021817684173584,0.1683453917503357,0.02504448965191841,0.21300989389419556,0.12610960006713867,0.5519700050354004,0.6580737829208374,0.3328055143356323,0.011982548981904984,0.5434973239898682
241,0.0037952176841135675,0.5409248471260071,0.2917134165763855,0.07292835414409637,0.6138532161712646,0.8166666666666667,0.8026679221594476,0.8373015873015873,0.9223611927031738,0.8169538606403014,0.007535573095083237,0.39173710346221924,0.4878581762313843,0.16699858009815216,0.024229533970355988,0.21259260177612305,0.12250228226184845,0.5483222007751465,0.6539433598518372,0.3325381278991699,0.011739558540284634,0.5405634641647339
242,0.0037556742922785925,0.5365176796913147,0.29041096568107605,0.07260274142026901,0.6091204285621643,0.8166666666666667,0.8026679221594476,0.8373015873015873,0.9311898138549082,0.8169538606403014,0.005898113362491131,0.38524290919303894,0.5015981197357178,0.1665584146976471,0.023573797196149826,0.21306467056274414,0.1110859215259552,0.538741946220398,0.6534497737884521,0.33218318223953247,0.0115633150562644,0.5419712066650391
243,0.003716219365886423,0.5380332469940186,0.287383109331131,0.07184577733278275,0.6098790168762207,0.85,0.8386984600099354,0.8581349206349206,0.9289431524101336,0.85025086934923,0.004893509671092033,0.38164713978767395,0.49271905422210693,0.16646024584770203,0.023126421496272087,0.21118061244487762,0.10408122092485428,0.5282221436500549,0.652808427810669,0.33120495080947876,0.011407415382564068,0.5408459901809692
244,0.0036768556016288706,0.5162695646286011,0.2856783866882324,0.0714195966720581,0.5876891613006592,0.8666666666666667,0.8639156542382348,0.8685515873015873,0.935294794522389,0.8667888563049854,0.004226568154990673,0.3763563334941864,0.49127197265625,0.1655358374118805,0.022606603801250458,0.21052761375904083,0.10238011926412582,0.5193434953689575,0.6523642539978027,0.33008190989494324,0.011209901422262192,0.5422357320785522
245,0.00363758568996693,0.5380925536155701,0.28330332040786743,0.07082583010196686,0.6089183688163757,0.8333333333333334,0.79135101010101,0.7733134920634921,0.9342273783606331,0.830050505050505,0.003909511491656303,0.3670351505279541,0.48957568407058716,0.1653037667274475,0.021928763017058372,0.21006058156490326,0.09521599113941193,0.5114278793334961,0.6535526514053345,0.3294757604598999,0.010892908088862896,0.5412609577178955
246,0.0035984123149469,0.5555834770202637,0.28011655807495117,0.07002913951873779,0.6256126165390015,0.8333333333333334,0.79135101010101,0.7733134920634921,0.9349569073920488,0.830050505050505,0.004273505415767431,0.35487690567970276,0.4874339699745178,0.16440220177173615,0.02133190631866455,0.2105172723531723,0.08513012528419495,0.5029610395431519,0.6504253149032593,0.32883548736572266,0.010513009503483772,0.5406979322433472
247,0.003559338154016929,0.5499447584152222,0.27816784381866455,0.06954196095466614,0.6194866895675659,0.8166666666666667,0.7681392681392681,0.7628968253968255,0.9395960760937175,0.8142792392792393,0.0057633863762021065,0.34302467107772827,0.4873567223548889,0.16469770669937134,0.02094527706503868,0.21102076768875122,0.08027522265911102,0.49428749084472656,0.6522665619850159,0.3279592990875244,0.010333345271646976,0.5400833487510681
248,0.003520365877844012,0.5482396483421326,0.2762164771556854,0.06905411928892136,0.6172937750816345,0.8333333333333334,0.8055439184471442,0.810515873015873,0.9358694786171201,0.8329178885630498,0.005545163527131081,0.33354198932647705,0.48655784130096436,0.1649303138256073,0.020548880100250244,0.21216338872909546,0.07659909129142761,0.48760414123535156,0.6502735614776611,0.3270930051803589,0.010068707168102264,0.5396714210510254
249,0.0034814981501314545,0.5310821533203125,0.27480262517929077,0.06870065629482269,0.5997828245162964,0.8166666666666667,0.7681392681392681,0.7628968253968255,0.9320089141728293,0.8142792392792393,0.00452031334862113,0.32559144496917725,0.48550161719322205,0.16423161327838898,0.01989293470978737,0.2139788269996643,0.06994052976369858,0.4842727482318878,0.6527338027954102,0.32699325680732727,0.009915788657963276,0.5400585532188416
250,0.0034427376274368173,0.5479136109352112,0.27281537652015686,0.06820384413003922,0.6161174774169922,0.8166666666666667,0.7681392681392681,0.7628968253968255,0.931671866960782,0.8142792392792393,0.0042491392232477665,0.3166484832763672,0.48564302921295166,0.16357088088989258,0.01912439800798893,0.21416570246219635,0.06331136077642441,0.48204073309898376,0.6485788822174072,0.32641756534576416,0.009836938232183456,0.5401972532272339
251,0.003404086958990339,0.5335336923599243,0.27099722623825073,0.06774930655956268,0.6012830138206482,0.8166666666666667,0.7681392681392681,0.7628968253968255,0.9283663685196704,0.8142792392792393,0.004346782807260752,0.30564671754837036,0.48469942808151245,0.1629258692264557,0.018549060449004173,0.21287447214126587,0.06097631901502609,0.4762641489505768,0.6511824131011963,0.3257422149181366,0.009674238972365856,0.5390845537185669
252,0.003365548786513867,0.5504778623580933,0.26809653639793396,0.06702413409948349,0.617501974105835,0.8166666666666667,0.7681392681392681,0.7628968253968255,0.9293493128988413,0.8142792392792393,0.004728994332253933,0.2941485643386841,0.48382848501205444,0.16240443289279938,0.01806730031967163,0.21062856912612915,0.054700665175914764,0.46479320526123047,0.6493164300918579,0.32598382234573364,0.009534765034914017,0.5390229225158691
253,0.003327125744040297,0.5124929547309875,0.26515185832977295,0.06628796458244324,0.5787808895111084,0.8333333333333334,0.8055439184471442,0.810515873015873,0.9266402164397447,0.8329178885630498,0.005424252711236477,0.2841009795665741,0.48058342933654785,0.1616688072681427,0.017469186335802078,0.20889456570148468,0.04820738732814789,0.4508322477340698,0.6518936157226562,0.3251492977142334,0.009346233680844307,0.5382524728775024
254,0.0032888204577335442,0.5220146179199219,0.2630341947078705,0.06575854867696762,0.5877731442451477,0.8333333333333334,0.8055439184471442,0.810515873015873,0.9284371616329162,0.8329178885630498,0.006158278789371252,0.27533942461013794,0.48324060440063477,0.16108009219169617,0.016849391162395477,0.20924052596092224,0.04366418719291687,0.43954378366470337,0.648428201675415,0.32524725794792175,0.009117093868553638,0.5385012626647949
255,0.0032506355457090426,0.5164746046066284,0.2610846757888794,0.06527116894721985,0.5817457437515259,0.8166666666666667,0.7833250538168571,0.8000992063492064,0.9281350910183458,0.8172089749958603,0.006648852955549955,0.26604610681533813,0.4780813157558441,0.16075946390628815,0.016384704038500786,0.20936697721481323,0.040359631180763245,0.43217504024505615,0.6514464616775513,0.3249105215072632,0.008905934169888496,0.5379309058189392
256,0.0032125736178548075,0.5141522288322449,0.2591029405593872,0.0647757351398468,0.5789279937744141,0.8333333333333334,0.8156565656565657,0.847718253968254,0.9294055874244553,0.8342171717171717,0.0066098179668188095,0.2548874318599701,0.4802189767360687,0.16040654480457306,0.015917982906103134,0.20988821983337402,0.035302408039569855,0.42484912276268005,0.6499378681182861,0.32393360137939453,0.008724631741642952,0.538558840751648
257,0.0031746372756530482,0.5323235392570496,0.2567141056060791,0.06417852640151978,0.5965020656585693,0.8333333333333334,0.8156565656565657,0.847718253968254,0.9324167544981224,0.8342171717171717,0.006102548912167549,0.24260854721069336,0.47795891761779785,0.16021114587783813,0.015257144346833229,0.21078276634216309,0.03267428278923035,0.41415536403656006,0.6512138843536377,0.3234732151031494,0.008599797263741493,0.5375314950942993
258,0.0031368291120023616,0.5566890239715576,0.2543433904647827,0.06358584761619568,0.6202749013900757,0.8333333333333334,0.8156565656565657,0.847718253968254,0.9294055874244553,0.8342171717171717,0.005491293966770172,0.23127679526805878,0.47889387607574463,0.15989458560943604,0.014592776075005531,0.21107472479343414,0.03116391971707344,0.4017084240913391,0.6491645574569702,0.32309961318969727,0.008549703285098076,0.5372102856636047
259,0.0030991517110405113,0.5226905941963196,0.2523922920227051,0.06309807300567627,0.5857886672019958,0.8333333333333334,0.8156565656565657,0.847718253968254,0.9310335890524569,0.8342171717171717,0.005167047493159771,0.22188270092010498,0.479373574256897,0.15987396240234375,0.014036403968930244,0.2094632089138031,0.02826879173517227,0.3912357687950134,0.6514551639556885,0.3223787844181061,0.008500523865222931,0.5370712280273438
260,0.0030616076479678023,0.5139579772949219,0.2499554604291916,0.0624888651072979,0.5764468312263489,0.8333333333333334,0.8156565656565657,0.847718253968254,0.9326897879374295,0.8342171717171717,0.005180491134524345,0.21261930465698242,0.4768127202987671,0.1595515012741089,0.013469530269503593,0.2082594782114029,0.025539780035614967,0.3815639913082123,0.6495500802993774,0.322020947933197,0.008405746892094612,0.536491870880127
261,0.0030241994888710747,0.514622688293457,0.2481786459684372,0.0620446614921093,0.5766673684120178,0.8333333333333334,0.8156565656565657,0.847718253968254,0.9310472677217959,0.8342171717171717,0.005279907491058111,0.20129196345806122,0.47965553402900696,0.15947166085243225,0.012890513986349106,0.20978954434394836,0.02386026456952095,0.36933016777038574,0.6497817635536194,0.32189929485321045,0.00829489715397358,0.5365982055664062
262,0.0029869297905483136,0.5363987684249878,0.24594633281230927,0.061486583203077316,0.5978853702545166,0.8333333333333334,0.8156565656565657,0.847718253968254,0.9349991432833414,0.8342171717171717,0.005282220430672169,0.1901637762784958,0.47587382793426514,0.158781960606575,0.012412278912961483,0.21120382845401764,0.02219204232096672,0.3599581718444824,0.6497911214828491,0.3214326500892639,0.008138277567923069,0.5361257791519165
263,0.00294980110033389,0.5263262391090393,0.2452104091644287,0.06130260229110718,0.5876288414001465,0.85,0.8386984600099354,0.8581349206349206,0.9357709082060497,0.85025086934923,0.0051506282761693,0.1826677769422531,0.47687530517578125,0.15859580039978027,0.011989586055278778,0.21398989856243134,0.020194966346025467,0.3560822308063507,0.6507054567337036,0.3211570978164673,0.00796886533498764,0.5371473431587219
264,0.0029128159559244607,0.5146499872207642,0.2433309406042099,0.060832735151052475,0.5754827260971069,0.85,0.8386984600099354,0.8581349206349206,0.9397155244737792,0.85025086934923,0.005010083317756653,0.17562338709831238,0.47728461027145386,0.15833880007266998,0.01148610096424818,0.21071617305278778,0.01930144801735878,0.34746360778808594,0.6492147445678711,0.321144700050354,0.007842889986932278,0.5365445613861084
265,0.0028759768852055175,0.5306934118270874,0.24130746722221375,0.060326866805553436,0.5910202860832214,0.8333333333333334,0.8156565656565657,0.847718253968254,0.9404945486903035,0.8342171717171717,0.005139199551194906,0.16529223322868347,0.4763105511665344,0.15910938382148743,0.010968323796987534,0.2082577347755432,0.017766203731298447,0.33896034955978394,0.6497931480407715,0.3207789659500122,0.007742666639387608,0.5355706810951233
266,0.002839286406078608,0.516330361366272,0.24014633893966675,0.06003658473491669,0.5763669610023499,0.8333333333333334,0.8055439184471442,0.810515873015873,0.9392099536557085,0.8329178885630498,0.005315158050507307,0.15485703945159912,0.47683048248291016,0.16221670806407928,0.010530462488532066,0.21058489382266998,0.016285490244627,0.3311212658882141,0.649370551109314,0.320571631193161,0.007612139917910099,0.5364601612091064
267,0.0028027470262892437,0.5127984285354614,0.23971442878246307,0.05992860719561577,0.5727270245552063,0.8333333333333334,0.8055439184471442,0.810515873015873,0.942916093122461,0.8329178885630498,0.0053067258559167385,0.1459404081106186,0.47624486684799194,0.17816397547721863,0.010120002552866936,0.21209076046943665,0.015144648030400276,0.3198620080947876,0.6495465040206909,0.320776104927063,0.007468129508197308,0.5359087586402893
268,0.002766361243255496,0.524838924407959,0.23766884207725525,0.05941721051931381,0.584256112575531,0.8166666666666667,0.7928007632925667,0.8000992063492064,0.9461516383686194,0.8160473588342441,0.005320513620972633,0.13710464537143707,0.47577425837516785,0.17028404772281647,0.009716625325381756,0.20989692211151123,0.014646828174591064,0.31565049290657043,0.6487645506858826,0.3221164345741272,0.007315530441701412,0.5354352593421936
269,0.002730131543897301,0.5123071074485779,0.2367182970046997,0.05917957425117493,0.5714867115020752,0.8333333333333334,0.8055439184471442,0.810515873015873,0.9485236876156687,0.8329178885630498,0.005305413156747818,0.13051939010620117,0.47558367252349854,0.16565391421318054,0.009356766007840633,0.20822373032569885,0.013801740482449532,0.3089134097099304,0.6497271060943604,0.3311736583709717,0.007160100154578686,0.5352005958557129
270,0.0026940604044664858,0.5236294269561768,0.2353178709745407,0.05882946774363518,0.5824589133262634,0.8333333333333334,0.8055439184471442,0.810515873015873,0.9461866149660961,0.8329178885630498,0.0051313601434230804,0.12308648228645325,0.4749746322631836,0.16288164258003235,0.009014209732413292,0.2097596526145935,0.013264544308185577,0.3001086711883545,0.6487348079681396,0.3353370428085327,0.007025327533483505,0.5344961881637573
271,0.002658150290377515,0.5114322900772095,0.23443827033042908,0.05860956758260727,0.570041835308075,0.8333333333333334,0.8055439184471442,0.810515873015873,0.9432881169319849,0.8329178885630498,0.004841234534978867,0.11359714716672897,0.4745922088623047,0.16755473613739014,0.008632699958980083,0.2123013287782669,0.012805016711354256,0.292167067527771,0.6495105028152466,0.3352850079536438,0.006920382846146822,0.5350518226623535
272,0.0026224036560389846,0.5172158479690552,0.23318135738372803,0.05829533934593201,0.5755112171173096,0.8333333333333334,0.8156565656565657,0.847718253968254,0.9438495423165234,0.8342171717171717,0.0046333740465343,0.10733258724212646,0.47453609108924866,0.16516321897506714,0.008235911838710308,0.2089596837759018,0.01268414594233036,0.28265148401260376,0.6488457918167114,0.3434472978115082,0.006838032975792885,0.5348489284515381
273,0.0025868229446858685,0.5109331011772156,0.23089353740215302,0.057723384350538254,0.5686565041542053,0.8333333333333334,0.8156565656565657,0.847718253968254,0.9418000216938895,0.8342171717171717,0.004649465903639793,0.10031086951494217,0.47462743520736694,0.16509169340133667,0.00787615031003952,0.206884503364563,0.012018522247672081,0.27709412574768066,0.6488752365112305,0.3324713706970215,0.006759447976946831,0.5340633392333984
274,0.0025514105882125234,0.5097668170928955,0.23003053665161133,0.05750763416290283,0.5672744512557983,0.85,0.8386984600099354,0.8581349206349206,0.9420671157109837,0.85025086934923,0.004721790086477995,0.09352987259626389,0.47437071800231934,0.16577672958374023,0.007552159018814564,0.20922476053237915,0.011641766875982285,0.2684708833694458,0.6484529972076416,0.3359072208404541,0.006660942453891039,0.5340564250946045
275,0.002516169007006475,0.5128852128982544,0.22843091189861298,0.057107727974653244,0.5699929594993591,0.8333333333333334,0.8055439184471442,0.810515873015873,0.9429655883075695,0.8329178885630498,0.004595013335347176,0.087612584233284,0.4743860960006714,0.1645866483449936,0.007269547786563635,0.20802313089370728,0.011383778415620327,0.26030099391937256,0.6488063335418701,0.33381274342536926,0.006529657170176506,0.533864438533783
276,0.0024811006097829845,0.5120700001716614,0.22666245698928833,0.05666561424732208,0.5687355995178223,0.8333333333333334,0.8055439184471442,0.810515873015873,0.9393580192518871,0.8329178885630498,0.004398483783006668,0.0825490653514862,0.47429144382476807,0.16321052610874176,0.007030803710222244,0.2063961923122406,0.01136383693665266,0.2513108551502228,0.6483280062675476,0.33116334676742554,0.006390768103301525,0.5335162878036499
277,0.002446207793420422,0.5133587121963501,0.22593176364898682,0.056482940912246704,0.5698416233062744,0.8333333333333334,0.8055439184471442,0.810515873015873,0.9390209720398399,0.8329178885630498,0.004269596189260483,0.07822027802467346,0.47371706366539,0.16488534212112427,0.006803963333368301,0.20752552151679993,0.01116425171494484,0.2439788579940796,0.6485300064086914,0.3320643901824951,0.0062613943591713905,0.5337605476379395
278,0.002411492942796432,0.5087348222732544,0.22416448593139648,0.05604112148284912,0.5647759437561035,0.8333333333333334,0.8055439184471442,0.810515873015873,0.9386139716328395,0.8329178885630498,0.004192439839243889,0.073921337723732,0.47426265478134155,0.16188447177410126,0.006568378768861294,0.20718607306480408,0.010928181000053883,0.2337031066417694,0.6482887268066406,0.32982566952705383,0.006138904020190239,0.5330739617347717
279,0.0023769584306249435,0.5095366835594177,0.2231336086988449,0.05578340217471123,0.5653200745582581,0.8333333333333334,0.8055439184471442,0.810515873015873,0.9377154990362538,0.8329178885630498,0.004126560874283314,0.07026248425245285,0.47451263666152954,0.16151630878448486,0.0063408492133021355,0.2067033350467682,0.010790513828396797,0.22663754224777222,0.6479332447052002,0.3304111957550049,0.006017990875989199,0.5323506593704224
280,0.0023426066172939877,0.5115522146224976,0.22205249965190887,0.05551312491297722,0.5670653581619263,0.8333333333333334,0.8055439184471442,0.810515873015873,0.9373084986292534,0.8329178885630498,0.0040583182126283646,0.06685049086809158,0.4735187590122223,0.1602334976196289,0.006145312450826168,0.20678973197937012,0.010643666610121727,0.21980994939804077,0.6484919190406799,0.32982826232910156,0.005892959423363209,0.5323668718338013
281,0.002308439850704377,0.5097166895866394,0.22082611918449402,0.055206529796123505,0.5649232268333435,0.8333333333333334,0.8055439184471442,0.810515873015873,0.9357854267936815,0.8329178885630498,0.004032236058264971,0.06270264089107513,0.47314631938934326,0.16132748126983643,0.005971717648208141,0.2062891721725464,0.010469503700733185,0.21195974946022034,0.6482844352722168,0.3276522159576416,0.005764431320130825,0.5323135256767273
282,0.002274460466109219,0.5121779441833496,0.2196638584136963,0.05491596460342407,0.5670939087867737,0.8333333333333334,0.8055439184471442,0.810515873015873,0.9347888037451716,0.8329178885630498,0.004093780182301998,0.058297403156757355,0.47362497448921204,0.15949685871601105,0.005810278933495283,0.20651398599147797,0.010197300463914871,0.20537762343883514,0.6481263041496277,0.32677161693573,0.005634031258523464,0.5320220589637756
283,0.0022406707859543205,0.5205357074737549,0.2188737392425537,0.05471843481063843,0.5752541422843933,0.8166666666666667,0.7928007632925667,0.8000992063492064,0.9372103481773294,0.8160473588342441,0.004193248692899942,0.05564982444047928,0.47358259558677673,0.15913893282413483,0.00567418709397316,0.20594246685504913,0.009947797283530235,0.19813823699951172,0.6482657194137573,0.3275226354598999,0.0054944418370723724,0.5329349040985107
284,0.002207073119719429,0.5092523694038391,0.21783006191253662,0.054457515478134155,0.5637098550796509,0.8166666666666667,0.7928007632925667,0.8000992063492064,0.9360942767487579,0.8160473588342441,0.004214097745716572,0.05290811508893967,0.4733082056045532,0.15891149640083313,0.00554279237985611,0.20614418387413025,0.00979219377040863,0.1911051869392395,0.6481045484542847,0.32613158226013184,0.00537022715434432,0.5324280261993408
285,0.0021736697637604056,0.5104663372039795,0.21704432368278503,0.05426108092069626,0.5647274255752563,0.8166666666666667,0.7928007632925667,0.8000992063492064,0.9347888037451716,0.8160473588342441,0.004137328825891018,0.05028865486383438,0.47302937507629395,0.159001424908638,0.005402314476668835,0.20568570494651794,0.009747717529535294,0.18488937616348267,0.6479302644729614,0.3244973421096802,0.005266164429485798,0.5346562266349792
286,0.0021404630011522584,0.5108482241630554,0.21619682013988495,0.05404920503497124,0.5648974180221558,0.8333333333333334,0.8055439184471442,0.810515873015873,0.9357222529392342,0.8329178885630498,0.00402854522690177,0.0479278564453125,0.47345513105392456,0.15859048068523407,0.005249835550785065,0.20679737627506256,0.009707583114504814,0.1779572069644928,0.6477609872817993,0.3241398334503174,0.005184238776564598,0.5335626602172852
287,0.0021074551015331003,0.509095311164856,0.21521598100662231,0.05380399525165558,0.5628992915153503,0.8333333333333334,0.8055439184471442,0.810515873015873,0.9337077089140768,0.8329178885630498,0.003941964358091354,0.04465394467115402,0.4738195538520813,0.15776830911636353,0.005115884356200695,0.20571666955947876,0.009709050878882408,0.17212370038032532,0.6477860808372498,0.3242170214653015,0.005100814625620842,0.5326387286186218
288,0.0020746483209490257,0.525038480758667,0.21415118873119354,0.053537797182798386,0.5785762667655945,0.8333333333333334,0.8055439184471442,0.810515873015873,0.9340797327236006,0.8329178885630498,0.0039008664898574352,0.04225118085741997,0.47335439920425415,0.15783008933067322,0.004998503252863884,0.20538684725761414,0.00967695564031601,0.1662483811378479,0.6476520895957947,0.32294559478759766,0.005018305964767933,0.5305510759353638
289,0.002042044901699908,0.5099266171455383,0.21339786052703857,0.053349465131759644,0.5632760524749756,0.8333333333333334,0.8055439184471442,0.810515873015873,0.9314056128619809,0.8329178885630498,0.0038950187154114246,0.04083367809653282,0.47302377223968506,0.15697455406188965,0.00489500816911459,0.20517706871032715,0.009614024311304092,0.15975064039230347,0.647490918636322,0.3224845230579376,0.004932626616209745,0.5317026376724243
290,0.0020096470721861445,0.5178945064544678,0.2127949446439743,0.053198736160993576,0.5710932612419128,0.8333333333333334,0.8055439184471442,0.810515873015873,0.9318475898664578,0.8329178885630498,0.003905025776475668,0.03885957598686218,0.47298192977905273,0.15662232041358948,0.004805297125130892,0.20459045469760895,0.009555242955684662,0.15336763858795166,0.6475462913513184,0.3223211169242859,0.004839825443923473,0.5341446399688721
291,0.0019774570467563477,0.5090711712837219,0.21192586421966553,0.05298146605491638,0.5620526075363159,0.8333333333333334,0.8055439184471442,0.810515873015873,0.933335685104553,0.8329178885630498,0.003918273374438286,0.03768553212285042,0.47300052642822266,0.15643310546875,0.004723859950900078,0.20545119047164917,0.009464411064982414,0.14620688557624817,0.64761883020401,0.32156747579574585,0.004750546999275684,0.5322896242141724
292,0.001945477025555992,0.5098813772201538,0.21113154292106628,0.05278288573026657,0.562664270401001,0.8333333333333334,0.8055439184471442,0.810515873015873,0.9318126132689811,0.8329178885630498,0.003912047483026981,0.03555060550570488,0.4731309413909912,0.1565207690000534,0.004655597731471062,0.20448249578475952,0.00943995825946331,0.1405162513256073,0.64756178855896,0.3211178183555603,0.00465782918035984,0.5320323705673218
293,0.0019137091943770502,0.5093165636062622,0.2102125585079193,0.05255313962697983,0.5618696808815002,0.8333333333333334,0.8055439184471442,0.810515873015873,0.9321496604810284,0.8329178885630498,0.003880502423271537,0.03388257324695587,0.47259268164634705,0.15585705637931824,0.004588204901665449,0.20456349849700928,0.00941164419054985,0.1345657855272293,0.6475125551223755,0.32133153080940247,0.004572486039251089,0.529792070388794
294,0.0018821557245085828,0.5203320980072021,0.20949703454971313,0.052374258637428284,0.5727063417434692,0.8333333333333334,0.8055439184471442,0.810515873015873,0.9337077089140768,0.8329178885630498,0.0038443435914814472,0.03232743218541145,0.47256290912628174,0.15535114705562592,0.004522188100963831,0.20449356734752655,0.009395581670105457,0.12895268201828003,0.6474728584289551,0.3208230137825012,0.00449324119836092,0.5297253727912903
295,0.0018508187725883422,0.5156845450401306,0.20892548561096191,0.05223137140274048,0.5679159164428711,0.8333333333333334,0.8055439184471442,0.810515873015873,0.9340797327236006,0.8329178885630498,0.0038106469437479973,0.031183741986751556,0.4727822542190552,0.15529274940490723,0.0044616032391786575,0.20391178131103516,0.009382292628288269,0.12290502339601517,0.6472936868667603,0.3204205632209778,0.004418052267283201,0.5312434434890747
296,0.0018197004804553652,0.5197674632072449,0.208216592669487,0.05205414816737175,0.5718216300010681,0.8333333333333334,0.8055439184471442,0.810515873015873,0.9341991811036623,0.8329178885630498,0.003774814773350954,0.029753901064395905,0.47280076146125793,0.15506160259246826,0.004403331317007542,0.20402993261814117,0.009364809840917587,0.11783082783222198,0.6473712921142578,0.3200952410697937,0.004348962567746639,0.5297636985778809
297,0.0017888029750035847,0.5233423113822937,0.20765650272369385,0.05191412568092346,0.5752564668655396,0.8333333333333334,0.8055439184471442,0.810515873015873,0.9309286592600272,0.8329178885630498,0.0037494334392249584,0.029516391456127167,0.47268590331077576,0.1549317091703415,0.0043553197756409645,0.2036541998386383,0.00934647023677826,0.11343902349472046,0.6474295854568481,0.3197551667690277,0.004275835119187832,0.5287389755249023
298,0.0017581283680364525,0.5102969408035278,0.2075309157371521,0.051882728934288025,0.562179684638977,0.8333333333333334,0.8055439184471442,0.810515873015873,0.9310685656499335,0.8329178885630498,0.003753730095922947,0.026676423847675323,0.47257333993911743,0.15470187366008759,0.004309496842324734,0.2037612795829773,0.009297026321291924,0.11606207489967346,0.6472433805465698,0.31921809911727905,0.004207211546599865,0.5285669565200806
299,0.0017276787561226095,0.5168242454528809,0.20893651247024536,0.05223412811756134,0.569058358669281,0.8333333333333334,0.8055439184471442,0.810515873015873,0.9267169489752036,0.8329178885630498,0.0037858306895941496,0.025667618960142136,0.472357839345932,0.15461692214012146,0.004267605021595955,0.20379307866096497,0.009221717715263367,0.13478922843933105,0.6472713351249695,0.31884604692459106,0.004141116049140692,0.5284799337387085
300,0.0016974562204525828,0.5087986588478088,0.2137564867734909,0.053439121693372726,0.5622377991676331,0.8166666666666667,0.7928007632925667,0.8000992063492064,0.9251938771396319,0.8160473588342441,0.0038118530064821243,0.024997439235448837,0.472221314907074,0.15429961681365967,0.00422392413020134,0.20319795608520508,0.009163353592157364,0.1943344622850418,0.6472454071044922,0.3187211751937866,0.004083301872014999,0.5287777781486511
301,0.0016674628266965387,0.5247868299484253,0.22052346169948578,0.055130865424871445,0.5799176692962646,0.8333333333333334,0.8055439184471442,0.810515873015873,0.9294755406194085,0.8329178885630498,0.003801400540396571,0.025134531781077385,0.47248196601867676,0.15439081192016602,0.004184534307569265,0.20340009033679962,0.009133785031735897,0.27630606293678284,0.6470655202865601,0.31837454438209534,0.004025103524327278,0.5279831886291504
302,0.0016377006248631,0.5144982933998108,0.20623627305030823,0.05155906826257706,0.5660573840141296,0.8333333333333334,0.8055439184471442,0.810515873015873,0.9314056128619806,0.8329178885630498,0.0037552290596067905,0.02796589955687523,0.4724809527397156,0.15426617860794067,0.004140783101320267,0.2029501348733902,0.009141810238361359,0.10324597358703613,0.6470507383346558,0.31787237524986267,0.003975978121161461,0.5279892683029175
303,0.001608171649159226,0.5320698022842407,0.21624784171581268,0.05406196042895317,0.586131751537323,0.8333333333333334,0.8055439184471442,0.810515873015873,0.9286965164028843,0.8329178885630498,0.0037146005779504776,0.03546964377164841,0.47254687547683716,0.1542249470949173,0.004098114091902971,0.2030516415834427,0.009148960001766682,0.21733936667442322,0.6470616459846497,0.31730908155441284,0.003931138664484024,0.5270780324935913
304,0.0015788779178511816,0.5126314163208008,0.20628152787685394,0.051570381969213486,0.5642017722129822,0.8333333333333334,0.8055439184471442,0.810515873015873,0.9259029481612028,0.8329178885630498,0.003698140848428011,0.021620038896799088,0.47243595123291016,0.15393953025341034,0.004065391141921282,0.20288197696208954,0.0091297822073102,0.11292639374732971,0.646980881690979,0.31717073917388916,0.0038763219490647316,0.5266532301902771
305,0.0015498214331265902,0.5141985416412354,0.21358314156532288,0.05339578539133072,0.5675943493843079,0.8333333333333334,0.8055439184471442,0.810515873015873,0.9293211156418705,0.8329178885630498,0.0036924330051988363,0.03234081715345383,0.4722791016101837,0.15383610129356384,0.004035440273582935,0.2027207463979721,0.00910753570497036,0.19055065512657166,0.6469293832778931,0.31709980964660645,0.0038223161827772856,0.526583194732666
306,0.001521004180957585,0.537751317024231,0.20601889491081238,0.051504723727703094,0.5892560482025146,0.8333333333333334,0.8055439184471442,0.810515873015873,0.9293910688368235,0.8329178885630498,0.0036842587869614363,0.025001171976327896,0.47204676270484924,0.15383608639240265,0.004003807436674833,0.20282229781150818,0.009080648422241211,0.10778096318244934,0.6470906734466553,0.31678712368011475,0.0037749181501567364,0.5263181328773499
307,0.001492428130965072,0.5093779563903809,0.210271954536438,0.0525679886341095,0.561945915222168,0.8333333333333334,0.8055439184471442,0.810515873015873,0.9278330204037752,0.8329178885630498,0.0036743427626788616,0.030197203159332275,0.4719736576080322,0.15381020307540894,0.00397858303040266,0.20208312571048737,0.009058164432644844,0.15429501235485077,0.6469695568084717,0.31651824712753296,0.0037253047339618206,0.5269801616668701
308,0.0014640952362841098,0.5269278287887573,0.20670823752880096,0.05167705938220024,0.5786048769950867,0.8333333333333334,0.8055439184471442,0.810515873015873,0.9274260199967747,0.8329178885630498,0.0036754810716956854,0.02010842226445675,0.4722102880477905,0.15359321236610413,0.003955356776714325,0.20233088731765747,0.009027108550071716,0.12205225229263306,0.6468713283538818,0.31623995304107666,0.003676030319184065,0.5267584323883057
309,0.0014360074334304135,0.5111112594604492,0.20539818704128265,0.05134954676032066,0.5624607801437378,0.8166666666666667,0.7928007632925667,0.8000992063492064,0.9247868767326315,0.8160473588342441,0.003686858806759119,0.018571965396404266,0.4720532298088074,0.1535845696926117,0.003933982457965612,0.20178312063217163,0.008982900530099869,0.10708396136760712,0.6469775438308716,0.31598401069641113,0.003625874873250723,0.5285101532936096
310,0.0014081666421679989,0.5163388848304749,0.20822349190711975,0.05205587297677994,0.5683947801589966,0.8166666666666667,0.7928007632925667,0.8000992063492064,0.9266819723777272,0.8160473588342441,0.0036945114843547344,0.02667306736111641,0.47219347953796387,0.15344999730587006,0.0039047314785420895,0.2026098370552063,0.008944946341216564,0.1339123249053955,0.6468671560287476,0.3158329725265503,0.0035885456018149853,0.5270102620124817
311,0.0013805747653779662,0.5235051512718201,0.20388606190681458,0.050971515476703644,0.5744766592979431,0.8333333333333334,0.8055439184471442,0.810515873015873,0.9265275474001889,0.8329178885630498,0.0036835530772805214,0.01525825448334217,0.4721302390098572,0.15324407815933228,0.0038739012088626623,0.2019256353378296,0.008927280083298683,0.09586910903453827,0.6467284560203552,0.3157202899456024,0.003555145813152194,0.5257166624069214
312,0.00135323368892844,0.5125284194946289,0.20569071173667908,0.05142267793416977,0.5639510750770569,0.8333333333333334,0.8055439184471442,0.810515873015873,0.9264853115088965,0.8329178885630498,0.0036591868847608566,0.026135586202144623,0.4720335006713867,0.15306207537651062,0.0038411617279052734,0.20169034600257874,0.008919783867895603,0.10799521207809448,0.6466859579086304,0.31559211015701294,0.0035273213870823383,0.5251462459564209
313,0.001326145281545679,0.5080591440200806,0.20457184314727783,0.05114296078681946,0.5592020750045776,0.8166666666666667,0.7928007632925667,0.8000992063492064,0.9250394521620936,0.8160473588342441,0.0036380465608090162,0.018009131774306297,0.4718586206436157,0.15299761295318604,0.003810548922047019,0.2018490433692932,0.008910216391086578,0.10214259475469589,0.6467870473861694,0.3154383897781372,0.003499966347590089,0.5259209871292114
314,0.0012993113946863431,0.5208281874656677,0.20259569585323334,0.050648923963308334,0.5714771151542664,0.8166666666666667,0.7928007632925667,0.8000992063492064,0.9227300968161818,0.8160473588342441,0.0036287279799580574,0.016580425202846527,0.4718548655509949,0.15287184715270996,0.003784996224567294,0.20122674107551575,0.008890168741345406,0.08013318479061127,0.6467007994651794,0.3152502775192261,0.0034684441052377224,0.5267577767372131
315,0.0012727338624109576,0.5112028121948242,0.20445387065410614,0.051113467663526535,0.5623162984848022,0.8166666666666667,0.7928007632925667,0.8000992063492064,0.9250394521620936,0.8160473588342441,0.003627452999353409,0.027387795969843864,0.4719688296318054,0.15283937752246857,0.0037557517644017935,0.2017122209072113,0.008862722665071487,0.09384460747241974,0.6466113328933716,0.3150557279586792,0.0034434208646416664,0.5243373513221741
316,0.0012464145012585474,0.5093100070953369,0.20254403352737427,0.05063600838184357,0.5599460005760193,0.8166666666666667,0.7928007632925667,0.8000992063492064,0.9261905001881418,0.8160473588342441,0.0036219630856066942,0.020081788301467896,0.4717883765697479,0.1527901291847229,0.0037270900793373585,0.2014421820640564,0.008844350464642048,0.0794406533241272,0.6467029452323914,0.31486791372299194,0.0034193345345556736,0.5238016843795776
317,0.0012203551101224882,0.5096212029457092,0.20166628062725067,0.05041657015681267,0.5600377917289734,0.8166666666666667,0.7928007632925667,0.8000992063492064,0.9242604279455695,0.8160473588342441,0.003608684055507183,0.014681605622172356,0.4718487858772278,0.15271040797233582,0.0036973850801587105,0.20103296637535095,0.008829222060739994,0.07475847750902176,0.6466289162635803,0.31465160846710205,0.0033984165638685226,0.5241488218307495
318,0.001194557470127544,0.51153165102005,0.20245544612407684,0.05061386153101921,0.5621455311775208,0.8166666666666667,0.7928007632925667,0.8000992063492064,0.9244498295205843,0.8160473588342441,0.003593198489397764,0.016514088958501816,0.47178924083709717,0.15261119604110718,0.003666960634291172,0.20136785507202148,0.008814491331577301,0.08304332196712494,0.6465582847595215,0.31452634930610657,0.0033799228258430958,0.5236003398895264
319,0.001169023344508143,0.5222201347351074,0.20129436254501343,0.05032359063625336,0.572543740272522,0.8166666666666667,0.7928007632925667,0.8000992063492064,0.9252288537371084,0.8160473588342441,0.003581884317100048,0.017892228439450264,0.47180241346359253,0.1525527685880661,0.0036398684605956078,0.20094239711761475,0.008797603659331799,0.0686948150396347,0.6465029120445251,0.314439982175827,0.0033587957732379436,0.5233267545700073
320,0.0011437544784878525,0.5137670040130615,0.2008906900882721,0.050222672522068024,0.5639896988868713,0.8166666666666667,0.7928007632925667,0.8000992063492064,0.9256358541441089,0.8160473588342441,0.0035780067555606365,0.014448316767811775,0.4716973900794983,0.152480348944664,0.003614271990954876,0.20083966851234436,0.008772396482527256,0.06808356940746307,0.6465175747871399,0.3143140971660614,0.003338784212246537,0.5230039358139038
321,0.0011187525991600985,0.5139120221138,0.20111148059368134,0.050277870148420334,0.5641899108886719,0.8166666666666667,0.7928007632925667,0.8000992063492064,0.9248568299275846,0.8160473588342441,0.0035778917372226715,0.014748342335224152,0.4716765582561493,0.1523975133895874,0.0035898652859032154,0.20102697610855103,0.008744996041059494,0.07093963027000427,0.646515965461731,0.31416410207748413,0.0033197200391441584,0.5226361751556396
322,0.001094019415370123,0.5095369815826416,0.20017604529857635,0.05004401132464409,0.5595809817314148,0.8166666666666667,0.7928007632925667,0.8000992063492064,0.9256008775466323,0.8160473588342441,0.0035759934689849615,0.015554051846265793,0.47169673442840576,0.15231439471244812,0.0035672320518642664,0.2007371187210083,0.00871771015226841,0.059249356389045715,0.6464431285858154,0.314003050327301,0.0033003552816808224,0.5229533314704895
323,0.0010695566175981828,0.5092822313308716,0.20008747279644012,0.05002186819911003,0.5593041181564331,0.8166666666666667,0.7928007632925667,0.8000992063492064,0.9256008775466323,0.8160473588342441,0.0035709342919290066,0.014621630311012268,0.4716523289680481,0.152227520942688,0.0035437187179923058,0.20092734694480896,0.008690734393894672,0.06000955030322075,0.6464525461196899,0.3138826787471771,0.0032837616745382547,0.5221866965293884
324,0.0010453658778440107,0.5236001014709473,0.20013746619224548,0.05003436654806137,0.5736344456672668,0.8166666666666667,0.7928007632925667,0.8000992063492064,0.9267169489752037,0.8160473588342441,0.0035643314477056265,0.013329566456377506,0.4716472923755646,0.15215659141540527,0.0035223751328885555,0.20063862204551697,0.008667191490530968,0.06280408799648285,0.6464005708694458,0.313784122467041,0.003265863750129938,0.5218689441680908
325,0.0010214488495125353,0.5281374454498291,0.19931861758232117,0.04982965439558029,0.57796710729599,0.8166666666666667,0.7928007632925667,0.8000992063492064,0.9267169489752037,0.8160473588342441,0.0035607474856078625,0.013402732089161873,0.47159358859062195,0.15210895240306854,0.003502353560179472,0.20045587420463562,0.008641960099339485,0.05333878472447395,0.6464037895202637,0.3136937618255615,0.0032477055210620165,0.5218731760978699
326,0.0009978071673008729,0.5236374139785767,0.1992683857679367,0.04981709644198418,0.5734544992446899,0.8166666666666667,0.7928007632925667,0.8000992063492064,0.9278330204037751,0.8160473588342441,0.0035609332844614983,0.014191773720085621,0.47159186005592346,0.15201541781425476,0.003482441185042262,0.20039887726306915,0.008612573146820068,0.052383847534656525,0.6463620066642761,0.3135853409767151,0.003231239505112171,0.5218043923377991
327,0.0009744424470865977,0.5134329795837402,0.19934561848640442,0.049836404621601105,0.5632693767547607,0.8166666666666667,0.7928007632925667,0.8000992063492064,0.9285770680228227,0.8160473588342441,0.003560566809028387,0.01353690680116415,0.4716179370880127,0.15192142128944397,0.0034640501253306866,0.20001673698425293,0.008584021590650082,0.0539063960313797,0.6463072299957275,0.31348422169685364,0.003214688040316105,0.5225330591201782
328,0.0009513562858173009,0.5088574290275574,0.19873058795928955,0.04968264698982239,0.5585401058197021,0.8166666666666667,0.7928007632925667,0.8000992063492064,0.9276295202002749,0.8160473588342441,0.003555902047082782,0.012290313839912415,0.4715479016304016,0.1518668532371521,0.0034439866431057453,0.20046114921569824,0.008559133857488632,0.04879847168922424,0.6463459134101868,0.31336158514022827,0.0032017845660448074,0.5213339924812317
329,0.0009285502614014378,0.5153701901435852,0.1985478699207306,0.04963696748018265,0.5650071501731873,0.8166666666666667,0.7928007632925667,0.8000992063492064,0.9270539961872509,0.8160473588342441,0.0035461243242025375,0.011840686202049255,0.4715428352355957,0.15181422233581543,0.003425545757636428,0.2003738284111023,0.008539794012904167,0.04805861413478851,0.6463107466697693,0.3132482171058655,0.0031883367337286472,0.5206854343414307
330,0.0009060259326004838,0.5610300302505493,0.19862781465053558,0.049656953662633896,0.6106869578361511,0.8166666666666667,0.7928007632925667,0.8000992063492064,0.9270539961872509,0.8160473588342441,0.003535968717187643,0.011845600791275501,0.4715084731578827,0.15176695585250854,0.003408157965168357,0.2001817226409912,0.008522538468241692,0.04914083704352379,0.6462945342063904,0.31314483284950256,0.0031748064793646336,0.5210092663764954
331,0.000883784838922391,0.5085692405700684,0.19824621081352234,0.049561552703380585,0.5581308007240295,0.8166666666666667,0.7928007632925667,0.8000992063492064,0.9276295202002749,0.8160473588342441,0.0035303605254739523,0.011823944747447968,0.4715093970298767,0.15170827507972717,0.003390820696949959,0.20022833347320557,0.00850166566669941,0.04522291570901871,0.6462689638137817,0.3130458891391754,0.0031619372311979532,0.5205620527267456
332,0.0008618285005163704,0.5153282284736633,0.1979435533285141,0.049485888332128525,0.5648140907287598,0.8166666666666667,0.7928007632925667,0.8000992063492064,0.928205044213299,0.8160473588342441,0.0035299863666296005,0.01180838979780674,0.47149431705474854,0.15164536237716675,0.0033753844909369946,0.19977599382400513,0.00847574882209301,0.04227109253406525,0.6462491750717163,0.312938392162323,0.0031477143056690693,0.5206111073493958
333,0.0008401584180689843,0.5093103647232056,0.19791412353515625,0.04947853088378906,0.5587888956069946,0.8166666666666667,0.7928007632925667,0.8000992063492064,0.9289490918323465,0.8160473588342441,0.00353185273706913,0.012052563950419426,0.4714301824569702,0.1515967845916748,0.0033594858832657337,0.19984345138072968,0.008447927422821522,0.04235060140490532,0.6462864279747009,0.3128310441970825,0.00313502736389637,0.5201040506362915
334,0.000818776072701583,0.511841356754303,0.19773390889167786,0.049433477222919464,0.5612748265266418,0.8166666666666667,0.7928007632925667,0.8000992063492064,0.9281700676158223,0.8160473588342441,0.003530900925397873,0.012307997792959213,0.47144365310668945,0.15155982971191406,0.003343850141391158,0.19999262690544128,0.008423542603850365,0.04034668207168579,0.6462216973304749,0.312732994556427,0.0031230603344738483,0.5197800397872925
335,0.0007976829258690679,0.5126407146453857,0.19747571647167206,0.049368929117918015,0.5620096325874329,0.8166666666666667,0.7928007632925667,0.8000992063492064,0.9277980438062986,0.8160473588342441,0.003525004955008626,0.012081317603588104,0.4714682400226593,0.15150287747383118,0.003329575527459383,0.19978463649749756,0.008404308930039406,0.037701550871133804,0.6461822390556335,0.3126448392868042,0.0031105601228773594,0.5199733972549438
336,0.0007768804192600093,0.5151199102401733,0.19737690687179565,0.049344226717948914,0.5644641518592834,0.8166666666666667,0.7928007632925667,0.8000992063492064,0.9281700676158223,0.8160473588342441,0.003516540862619877,0.011652850545942783,0.47140347957611084,0.15144124627113342,0.0033152250107377768,0.19988921284675598,0.008388043381273746,0.0377681627869606,0.6462154984474182,0.3125663995742798,0.0030993358232080936,0.5192669630050659
337,0.0007563699746980984,0.5102003812789917,0.19729724526405334,0.049324311316013336,0.5595247149467468,0.8166666666666667,0.7928007632925667,0.8000992063492064,0.9281700676158223,0.8160473588342441,0.0035087319556623697,0.011386859230697155,0.47140127420425415,0.1513826698064804,0.003302229568362236,0.19978925585746765,0.008371829986572266,0.03757401928305626,0.6461870670318604,0.3124843239784241,0.0030874470248818398,0.5190911293029785
338,0.0007361529940449782,0.515277624130249,0.19707326591014862,0.049268316477537155,0.5645459294319153,0.8166666666666667,0.7928007632925667,0.8000992063492064,0.9277980438062986,0.8160473588342441,0.0035036099143326283,0.011300832033157349,0.47138527035713196,0.15133404731750488,0.0032903235405683517,0.1994996964931488,0.00835326686501503,0.03522554412484169,0.6461663842201233,0.3124060034751892,0.0030751116573810577,0.5193390846252441
339,0.0007162308591044182,0.509856641292572,0.1968889683485031,0.04922224208712578,0.5590788722038269,0.8166666666666667,0.7928007632925667,0.8000992063492064,0.9281700676158223,0.8160473588342441,0.0035006259568035603,0.011290978640317917,0.4713720679283142,0.1512831151485443,0.0032784396316856146,0.1996336281299591,0.00833306834101677,0.03363499417901039,0.646165668964386,0.31232911348342896,0.003063739975914359,0.5187820792198181
340,0.0006966049315278798,0.5294206142425537,0.19683638215065002,0.049209095537662506,0.578629732131958,0.8166666666666667,0.7928007632925667,0.8000992063492064,0.9281700676158223,0.8160473588342441,0.0034976480528712273,0.011193940415978432,0.47136956453323364,0.15123237669467926,0.003267201129347086,0.19958500564098358,0.00831383466720581,0.03359168767929077,0.6461340188980103,0.31225574016571045,0.003052337793633342,0.5185430645942688
341,0.0006772765527214417,0.5174344778060913,0.19674240052700043,0.04918560013175011,0.5666200518608093,0.8333333333333334,0.8055439184471442,0.810515873015873,0.9285770680228227,0.8329178885630498,0.003493471071124077,0.010904469527304173,0.4713333249092102,0.15118299424648285,0.0032564406283199787,0.1993972659111023,0.008296309038996696,0.03305646777153015,0.646142303943634,0.3121783137321472,0.003041080664843321,0.5186262130737305
342,0.0006582470437541217,0.509217381477356,0.1965603232383728,0.0491400808095932,0.5583574771881104,0.8333333333333334,0.8055439184471442,0.810515873015873,0.9289490918323465,0.8329178885630498,0.00348848570138216,0.010553298518061638,0.4713134765625,0.15114513039588928,0.0032454689498990774,0.19950389862060547,0.008279930800199509,0.03170603886246681,0.6461436152458191,0.3121021091938019,0.0030308447312563658,0.5182114839553833
343,0.0006395177052675795,0.5217504501342773,0.1964351236820221,0.049108780920505524,0.5708592534065247,0.8333333333333334,0.8055439184471442,0.810515873015873,0.9293211156418705,0.8329178885630498,0.003483813488855958,0.010278373025357723,0.47134286165237427,0.15110720694065094,0.0032353238202631474,0.19939497113227844,0.008263804018497467,0.030950795859098434,0.6460860967636108,0.31202423572540283,0.0030203901696950197,0.5180333852767944
344,0.0006210898173872209,0.5091416239738464,0.19637231528759003,0.04909307882189751,0.558234691619873,0.8333333333333334,0.8055439184471442,0.810515873015873,0.9304371870704418,0.8329178885630498,0.0034805964678525925,0.010091660544276237,0.47132426500320435,0.1510680466890335,0.0032257395796477795,0.19926971197128296,0.008246980607509613,0.03070959262549877,0.6460795998573303,0.3119489550590515,0.0030100885778665543,0.5180124640464783
345,0.0006029646396347048,0.5076493620872498,0.19626717269420624,0.04906679317355156,0.5567161440849304,0.8333333333333334,0.8055439184471442,0.810515873015873,0.9308092108799656,0.8329178885630498,0.003478808794170618,0.010003926232457161,0.4712808132171631,0.1510351300239563,0.0032162792049348354,0.19936156272888184,0.008229251950979233,0.02995685674250126,0.6461054086685181,0.311875581741333,0.003000334370881319,0.5176619291305542
346,0.000585143410841854,0.5092747807502747,0.1961335986852646,0.04903339967131615,0.5583081841468811,0.8333333333333334,0.8055439184471442,0.810515873015873,0.9311812346894893,0.8329178885630498,0.003477248130366206,0.01006726548075676,0.4712831974029541,0.15100157260894775,0.0032074949704110622,0.19926965236663818,0.008212102577090263,0.02871190756559372,0.6460757255554199,0.31180649995803833,0.0029904386028647423,0.5174999237060547
347,0.0005676273490659822,0.5096772909164429,0.19604504108428955,0.04901126027107239,0.5586885213851929,0.8333333333333334,0.8055439184471442,0.810515873015873,0.9323322827155375,0.8329178885630498,0.0034747901372611523,0.010278459638357162,0.4712871015071869,0.15096503496170044,0.0031989652197808027,0.1991674154996872,0.00819656066596508,0.027756020426750183,0.6460534930229187,0.3117387890815735,0.0029809116385877132,0.5174428820610046
348,0.0005504176515066467,0.5262182950973511,0.19598260521888733,0.04899565130472183,0.5752139687538147,0.8333333333333334,0.8055439184471442,0.810515873015873,0.9327043065250612,0.8329178885630498,0.003470947965979576,0.010444296523928642,0.47125881910324097,0.15093007683753967,0.003190285060554743,0.19923505187034607,0.008182805962860584,0.02721385844051838,0.6460621953010559,0.3116753399372101,0.0029722084291279316,0.5171551704406738
349,0.0005335154944238117,0.5174243450164795,0.19589458405971527,0.04897364601492882,0.5663979649543762,0.8333333333333334,0.8055439184471442,0.810515873015873,0.9336027791216471,0.8329178885630498,0.003465893678367138,0.010323611088097095,0.471244752407074,0.15089638531208038,0.0031818575225770473,0.19916459918022156,0.008170582354068756,0.026659462600946426,0.6460531949996948,0.31161195039749146,0.0029637690167874098,0.5169990658760071
350,0.0005169220330574664,0.5183242559432983,0.1957918107509613,0.048947952687740326,0.5672721862792969,0.8333333333333334,0.8055439184471442,0.810515873015873,0.9336027791216471,0.8329178885630498,0.0034604116808623075,0.010007034987211227,0.471243292093277,0.15086203813552856,0.0031736267264932394,0.19910261034965515,0.008159631863236427,0.026048976927995682,0.646040141582489,0.3115505576133728,0.0029557417146861553,0.5168975591659546
351,0.0005006384015486492,0.5240285396575928,0.1957048773765564,0.0489262193441391,0.5729547739028931,0.8333333333333334,0.8055439184471442,0.810515873015873,0.9328587315025993,0.8329178885630498,0.0034554218873381615,0.009715748950839043,0.4712165892124176,0.15082871913909912,0.0031653298065066338,0.1991487443447113,0.008148619905114174,0.02565419301390648,0.6460447311401367,0.3114939033985138,0.0029483772814273834,0.5166381597518921
352,0.00048466571286194553,0.5508961081504822,0.19564321637153625,0.048910804092884064,0.5998069047927856,0.8333333333333334,0.8055439184471442,0.810515873015873,0.9317426600740281,0.8329178885630498,0.0034513426944613457,0.009519637562334538,0.47120916843414307,0.15079408884048462,0.003157404251396656,0.19909365475177765,0.008137257769703865,0.02543814852833748,0.6460368037223816,0.31144165992736816,0.0029411171562969685,0.516498327255249
353,0.00046900505870941026,0.5184789896011353,0.19558100402355194,0.048895251005887985,0.5673742294311523,0.8333333333333334,0.8055439184471442,0.810515873015873,0.9313706362645041,0.8329178885630498,0.003448273753747344,0.009399614296853542,0.4712151288986206,0.1507575511932373,0.0031497799791395664,0.19898216426372528,0.008125727996230125,0.025107331573963165,0.6460133790969849,0.3113919496536255,0.0029339618049561977,0.5164470672607422
354,0.00045365750947594944,0.5382081270217896,0.1955021470785141,0.048875536769628525,0.587083637714386,0.8333333333333334,0.8055439184471442,0.810515873015873,0.9292861390443937,0.8329178885630498,0.0034458977170288563,0.009333116933703423,0.471202552318573,0.15072360634803772,0.0031422916799783707,0.1989692598581314,0.008113862946629524,0.024557091295719147,0.6460085511207581,0.31134232878685,0.002927175723016262,0.5162599682807922
355,0.00043862411414616955,0.5158559083938599,0.19542670249938965,0.04885667562484741,0.5647125840187073,0.8333333333333334,0.8055439184471442,0.810515873015873,0.9276086422312838,0.8329178885630498,0.003443746827542782,0.00931253656744957,0.47118014097213745,0.15069323778152466,0.0031351412180811167,0.1989416629076004,0.008102323859930038,0.023962877690792084,0.6460161209106445,0.3112919330596924,0.002920504193753004,0.5161200761795044
356,0.0004239059002326682,0.518855094909668,0.19536519050598145,0.04884129762649536,0.5676963925361633,0.8333333333333334,0.8055439184471442,0.810515873015873,0.9272366184217599,0.8329178885630498,0.0034414618276059628,0.009329773485660553,0.47117531299591064,0.15066586434841156,0.0031282808631658554,0.1988936960697174,0.008091244846582413,0.023484164848923683,0.6460044384002686,0.31124046444892883,0.0029140301048755646,0.516013503074646
357,0.00040950387370581904,0.5219428539276123,0.19530969858169556,0.04882742464542389,0.570770263671875,0.8333333333333334,0.8055439184471442,0.810515873015873,0.9268645946122361,0.8329178885630498,0.003438916988670826,0.009357945993542671,0.4711802899837494,0.15064162015914917,0.0031215392518788576,0.1989239901304245,0.008080637082457542,0.023091629147529602,0.6459851264953613,0.3111891448497772,0.002907942049205303,0.5157975554466248
358,0.00039541901892500223,0.5095585584640503,0.19525453448295593,0.04881363362073898,0.5583721995353699,0.8333333333333334,0.8055439184471442,0.810515873015873,0.9268645946122361,0.8329178885630498,0.0034361453726887703,0.009355033747851849,0.47117096185684204,0.15061895549297333,0.003115021623671055,0.19893285632133484,0.008070550858974457,0.02269534021615982,0.6459802389144897,0.3111388683319092,0.0029020921792834997,0.5156381130218506
359,0.00038165229857133195,0.5096939206123352,0.1951942890882492,0.0487985722720623,0.5584924817085266,0.8333333333333334,0.8055439184471442,0.810515873015873,0.9264925708027123,0.8329178885630498,0.0034332871437072754,0.009294955059885979,0.4711541533470154,0.1505962610244751,0.003108816687017679,0.19887131452560425,0.008060932159423828,0.02229692041873932,0.6459832191467285,0.31109046936035156,0.002896360121667385,0.5155447721481323
360,0.00036820465358185857,0.5139378309249878,0.195136159658432,0.048784039914608,0.562721848487854,0.8333333333333334,0.8055439184471442,0.810515873015873,0.9261205469931886,0.8329178885630498,0.0034305143635720015,0.009190786629915237,0.47114765644073486,0.1505729854106903,0.0031027854420244694,0.19884543120861053,0.008051605895161629,0.021968767046928406,0.645976185798645,0.3110446631908417,0.0028909097891300917,0.515411376953125
361,0.00035507700308525403,0.5114589333534241,0.19508688151836395,0.04877172037959099,0.5602306723594666,0.8333333333333334,0.8055439184471442,0.810515873015873,0.9261205469931886,0.8329178885630498,0.003427953692153096,0.009077371098101139,0.4711490273475647,0.15054947137832642,0.003096955129876733,0.19884264469146729,0.00804247334599495,0.021733656525611877,0.6459627747535706,0.3110012710094452,0.0028856948483735323,0.5152733325958252
362,0.00034227024433899005,0.5199024081230164,0.19504158198833466,0.048760395497083664,0.5686628222465515,0.8333333333333334,0.8055439184471442,0.810515873015873,0.9257485231836647,0.8329178885630498,0.003425617702305317,0.008982053957879543,0.47114303708076477,0.1505260467529297,0.003091434482485056,0.19878998398780823,0.008033542893826962,0.021531343460083008,0.6459561586380005,0.3109602928161621,0.0028805555775761604,0.5151787996292114
363,0.00032978525266801593,0.5288169384002686,0.1949968934059143,0.04874922335147858,0.5775661468505859,0.8333333333333334,0.8055439184471442,0.810515873015873,0.9257485231836647,0.8329178885630498,0.003423452377319336,0.00891508162021637,0.4711315631866455,0.15050293505191803,0.0030861347913742065,0.19875961542129517,0.008024876937270164,0.02128945291042328,0.6459559202194214,0.31092095375061035,0.0028755879029631615,0.5150772333145142
364,0.0003176228814049297,0.526846706867218,0.19495010375976562,0.048737525939941406,0.5755842328071594,0.8333333333333334,0.8055439184471442,0.810515873015873,0.9257485231836647,0.8329178885630498,0.003421333385631442,0.00887427106499672,0.4711238741874695,0.15048111975193024,0.003080983180552721,0.19877567887306213,0.008016460575163364,0.020997336134314537,0.6459527015686035,0.3108825981616974,0.0028708740137517452,0.5149237513542175
365,0.0003057839618316491,0.5222172737121582,0.1949048936367035,0.04872622340917587,0.5709434747695923,0.8333333333333334,0.8055439184471442,0.810515873015873,0.9249694989671404,0.8329178885630498,0.0034191615413874388,0.00885121151804924,0.4711199998855591,0.15046046674251556,0.0030760900117456913,0.19876423478126526,0.008008426055312157,0.020696865394711494,0.645945131778717,0.310845285654068,0.0028662558179348707,0.5148055553436279
366,0.00029426930312260227,0.5078709125518799,0.1948641985654831,0.04871604964137077,0.5565869808197021,0.8333333333333334,0.8055439184471442,0.810515873015873,0.9249694989671404,0.8329178885630498,0.003416889812797308,0.00883519183844328,0.471113920211792,0.15044060349464417,0.0030714264139533043,0.19872558116912842,0.008000797592103481,0.020430153235793114,0.6459410190582275,0.3108091950416565,0.0028617545031011105,0.5147237777709961
367,0.00028307969228941415,0.5124772787094116,0.1948266327381134,0.04870665818452835,0.5611839294433594,0.8333333333333334,0.8055439184471442,0.810515873015873,0.9249694989671404,0.8329178885630498,0.003414544742554426,0.008816162124276161,0.4711035490036011,0.1504211127758026,0.003066913690418005,0.19871191680431366,0.007993565872311592,0.020205385982990265,0.6459412574768066,0.31077447533607483,0.002857450395822525,0.514613151550293
368,0.00027221589412712463,0.5118547677993774,0.19479160010814667,0.04869790002703667,0.5605526566505432,0.8333333333333334,0.8055439184471442,0.810515873015873,0.9249694989671404,0.8329178885630498,0.0034121940843760967,0.008787589147686958,0.4710958003997803,0.1504020243883133,0.003062570234760642,0.19869570434093475,0.007986698299646378,0.02000507339835167,0.6459394693374634,0.3107414245605469,0.0028532948344945908,0.5145174860954285
369,0.0002616786511619041,0.5148250460624695,0.1947563886642456,0.0486890971660614,0.5635141134262085,0.8166666666666667,0.7928007632925667,0.8000992063492064,0.9245974751576167,0.8160473588342441,0.0034099258482456207,0.008748386055231094,0.47109320759773254,0.15038353204727173,0.003058423288166523,0.19865348935127258,0.007980108261108398,0.019811950623989105,0.6459325551986694,0.31070953607559204,0.002849279437214136,0.5144463777542114
370,0.00025146868360031467,0.5176877975463867,0.19472217559814453,0.04868054389953613,0.5663683414459229,0.8166666666666667,0.7928007632925667,0.8000992063492064,0.9245974751576167,0.8160473588342441,0.003407806623727083,0.008702296763658524,0.4710918962955475,0.15036572515964508,0.003054404631257057,0.19862733781337738,0.007973723113536835,0.019623011350631714,0.6459250450134277,0.3106789290904999,0.0028454498387873173,0.514370322227478
371,0.00024158668928007498,0.5135146975517273,0.19468891620635986,0.048672229051589966,0.5621869564056396,0.8166666666666667,0.7928007632925667,0.8000992063492064,0.9229549549419832,0.8160473588342441,0.003405879018828273,0.008655373007059097,0.47108638286590576,0.15034860372543335,0.0030505238100886345,0.19862717390060425,0.007967479526996613,0.019445493817329407,0.6459218859672546,0.3106493651866913,0.0028418079018592834,0.5142671465873718
372,0.00023203334362237158,0.509077250957489,0.1946580410003662,0.04866451025009155,0.5577417612075806,0.8166666666666667,0.7928007632925667,0.8000992063492064,0.9222109073229356,0.8160473588342441,0.003404118586331606,0.008613037876784801,0.47107788920402527,0.1503322422504425,0.0030468092299997807,0.19861358404159546,0.007961487397551537,0.019283920526504517,0.6459219455718994,0.31062081456184387,0.0028382879681885242,0.514182448387146
373,0.00022280929958568842,0.523388683795929,0.1946294605731964,0.0486573651432991,0.5720460414886475,0.8166666666666667,0.7928007632925667,0.8000992063492064,0.9222109073229356,0.8160473588342441,0.00340248947031796,0.008578673005104065,0.4710712432861328,0.15031659603118896,0.0030432657804340124,0.19858258962631226,0.007955648936331272,0.01913444697856903,0.6459207534790039,0.3105933964252472,0.002834869781509042,0.5141193866729736
374,0.00021391518762118363,0.5280706882476807,0.19460241496562958,0.048650603741407394,0.5767213106155396,0.8166666666666667,0.7928007632925667,0.8000992063492064,0.9222109073229356,0.8160473588342441,0.003400940913707018,0.008553540334105492,0.4710685908794403,0.1503014713525772,0.0030398480594158173,0.19856387376785278,0.007950007915496826,0.018988093361258507,0.645915687084198,0.31056708097457886,0.002831606660038233,0.5140482187271118
375,0.00020535161562959536,0.5098827481269836,0.1945761889219284,0.0486440472304821,0.5585268139839172,0.8166666666666667,0.7928007632925667,0.8000992063492064,0.9227864313359596,0.8160473588342441,0.00339942192658782,0.008537251502275467,0.471067875623703,0.15028683841228485,0.003036570269614458,0.1985538899898529,0.007944567129015923,0.01883767545223236,0.6459091305732727,0.31054168939590454,0.002828479278832674,0.5139708518981934
376,0.0001971191689196937,0.5161107778549194,0.19455061852931976,0.04863765463232994,0.5647484064102173,0.8166666666666667,0.7928007632925667,0.8000992063492064,0.9233969319464602,0.8160473588342441,0.003397898282855749,0.008528276346623898,0.4710659384727478,0.1502726972103119,0.0030334494076669216,0.1985304206609726,0.007939394563436508,0.018682289868593216,0.6459041833877563,0.3105173110961914,0.0028254471253603697,0.5139101147651672
377,0.0001892184101682762,0.5222488641738892,0.19452595710754395,0.048631489276885986,0.5708803534507751,0.8166666666666667,0.7928007632925667,0.8000992063492064,0.9233969319464602,0.8160473588342441,0.003396366024389863,0.008524229750037193,0.4710612893104553,0.15025915205478668,0.003030476626008749,0.19849875569343567,0.007934480905532837,0.018526731058955193,0.6459019184112549,0.3104938268661499,0.0028225169517099857,0.5138618350028992
378,0.0001816498793817073,0.5099255442619324,0.19450251758098602,0.048625629395246506,0.5585511922836304,0.8166666666666667,0.7928007632925667,0.8000992063492064,0.9233969319464602,0.8160473588342441,0.0033948388881981373,0.008522169664502144,0.4710557460784912,0.15024618804454803,0.003027601633220911,0.19847823679447174,0.007929793559014797,0.018378250300884247,0.6459009647369385,0.31047123670578003,0.0028197281062602997,0.5138053894042969
379,0.00017441409385901422,0.5226311683654785,0.19448038935661316,0.04862009733915329,0.5712512731552124,0.8166666666666667,0.7928007632925667,0.8000992063492064,0.9230249081369365,0.8160473588342441,0.0033933157101273537,0.008519007824361324,0.4710512161254883,0.15023382008075714,0.0030248183757066727,0.19846686720848083,0.00792534276843071,0.018241308629512787,0.6458992958068848,0.31044942140579224,0.0028170638252049685,0.5137429237365723
380,0.00016751154815652453,0.5120018720626831,0.194459468126297,0.04861486703157425,0.5606167316436768,0.8166666666666667,0.7928007632925667,0.8000992063492064,0.9230249081369365,0.8160473588342441,0.0033918386325240135,0.008512084372341633,0.4710484743118286,0.15022192895412445,0.003022165037691593,0.19844955205917358,0.007921100594103336,0.018117882311344147,0.6458960175514221,0.3104284405708313,0.002814505947753787,0.513689398765564
381,0.0001609427140540686,0.5163499116897583,0.19443950057029724,0.04860987514257431,0.5649597644805908,0.8333333333333334,0.805728088336784,0.8159722222222222,0.9230249081369365,0.8321256038647343,0.0033904218580573797,0.008499741554260254,0.47104647755622864,0.15021049976348877,0.0030196206644177437,0.1984260380268097,0.007917018607258797,0.018007401376962662,0.645892322063446,0.3104082942008972,0.0028120402712374926,0.5136440396308899
382,0.00015470804052273096,0.5114192962646484,0.1944204419851303,0.04860511049628258,0.5600243806838989,0.8333333333333334,0.805728088336784,0.8159722222222222,0.9233969319464602,0.8321256038647343,0.0033890861086547375,0.008481599390506744,0.47104382514953613,0.1501995325088501,0.0030171708203852177,0.19840779900550842,0.007913082838058472,0.0179080069065094,0.645889401435852,0.31038886308670044,0.0028096712194383144,0.5135971903800964
383,0.00014880795369416665,0.5154807567596436,0.1944020390510559,0.04860050976276398,0.5640812516212463,0.8333333333333334,0.805728088336784,0.8159722222222222,0.9233969319464602,0.8321256038647343,0.003387853968888521,0.008458448573946953,0.4710402488708496,0.15018893778324127,0.003014818299561739,0.19839641451835632,0.007909255102276802,0.017817791551351547,0.6458877325057983,0.31037023663520813,0.002807410666719079,0.5135452151298523
384,0.0001432428568314728,0.5071913003921509,0.1943843811750412,0.0485960952937603,0.5557873845100403,0.8333333333333334,0.805728088336784,0.8159722222222222,0.9233969319464602,0.8321256038647343,0.0033867014572024345,0.008431864902377129,0.47103631496429443,0.15017864108085632,0.003012540750205517,0.1983823925256729,0.007905527018010616,0.01773522049188614,0.6458865404129028,0.3103523552417755,0.002805244643241167,0.5134991407394409
385,0.00013801313030162716,0.5094534754753113,0.19436737895011902,0.048591844737529755,0.5580453276634216,0.8333333333333334,0.805728088336784,0.8159722222222222,0.9233969319464602,0.8321256038647343,0.003385618096217513,0.008403705433011055,0.471032977104187,0.1501687467098236,0.003010355867445469,0.198360413312912,0.007901903241872787,0.01765899360179901,0.6458851099014282,0.3103350102901459,0.0028031496331095695,0.5134623050689697
386,0.0001331191315494912,0.5088762044906616,0.1943511664867401,0.04858779162168503,0.5574640035629272,0.8333333333333334,0.805728088336784,0.8159722222222222,0.9233969319464602,0.8321256038647343,0.003384603653103113,0.008375727571547031,0.4710303843021393,0.15015920996665955,0.0030082492157816887,0.19833683967590332,0.00789838470518589,0.01758788526058197,0.6458830237388611,0.31031835079193115,0.0028011398389935493,0.5134299397468567
387,0.00012856119507337867,0.5223171710968018,0.1943356692790985,0.04858391731977463,0.570901095867157,0.8333333333333334,0.805728088336784,0.8159722222222222,0.9233969319464602,0.8321256038647343,0.0033836266957223415,0.008349297568202019,0.471028208732605,0.1501500904560089,0.0030061728321015835,0.198318749666214,0.007894964888691902,0.017520541325211525,0.6458808183670044,0.31030216813087463,0.002799232956022024,0.5133939981460571
388,0.0001243396324021935,0.5121658444404602,0.19432078301906586,0.048580195754766464,0.5607460141181946,0.8333333333333334,0.805728088336784,0.8159722222222222,0.9233969319464602,0.8321256038647343,0.0033826823346316814,0.008325327187776566,0.47102588415145874,0.1501413881778717,0.0030041676945984364,0.19830536842346191,0.007891654968261719,0.017455488443374634,0.6458786725997925,0.31028634309768677,0.0027974010445177555,0.5133550763130188
389,0.00012045473207413647,0.5166729688644409,0.19430655241012573,0.04857663810253143,0.5652496218681335,0.8333333333333334,0.805728088336784,0.8159722222222222,0.9233969319464602,0.8321256038647343,0.0033817612566053867,0.008304329589009285,0.47102323174476624,0.15013307332992554,0.003002242650836706,0.19829139113426208,0.00788848102092743,0.017391417175531387,0.6458772420883179,0.31027111411094666,0.0027956287376582623,0.5133188366889954
390,0.00011690675961698426,0.509627103805542,0.19429276883602142,0.048573192209005356,0.5582002997398376,0.8333333333333334,0.805728088336784,0.8159722222222222,0.9233969319464602,0.8321256038647343,0.00338084832765162,0.008286460302770138,0.4710201025009155,0.15012507140636444,0.0030003872234374285,0.19827458262443542,0.007885427214205265,0.0173274427652359,0.6458761692047119,0.3102561831474304,0.0027938862331211567,0.5132865905761719
391,0.00011369595752994128,0.5421512126922607,0.19427943229675293,0.04856985807418823,0.590721070766449,0.8333333333333334,0.805728088336784,0.8159722222222222,0.9233969319464602,0.8321256038647343,0.0033799344673752785,0.008271615952253342,0.4710172414779663,0.15011730790138245,0.0029985872097313404,0.1982579231262207,0.007882495410740376,0.017263080924749374,0.645875096321106,0.3102417588233948,0.002792206360027194,0.5132559537887573
392,0.00011082254526706605,0.5212995409965515,0.19426648318767548,0.04856662079691887,0.5698661804199219,0.8333333333333334,0.805728088336784,0.8159722222222222,0.9230249081369365,0.8321256038647343,0.0033790268935263157,0.008259497582912445,0.4710148274898529,0.1501096934080124,0.0029968388844281435,0.19824442267417908,0.007879672572016716,0.017198294401168823,0.6458736658096313,0.3102276921272278,0.0027905728202313185,0.51322340965271
393,0.00010828671922226878,0.5300565958023071,0.1942538619041443,0.04856346547603607,0.5786200761795044,0.8333333333333334,0.805728088336784,0.8159722222222222,0.9233969319464602,0.8321256038647343,0.0033781228121370077,0.008249693550169468,0.4710129499435425,0.15010221302509308,0.002995140617713332,0.1982334405183792,0.007876993156969547,0.017133373767137527,0.6458716988563538,0.31021419167518616,0.0027889846824109554,0.513189435005188
394,0.00010608865271589101,0.5083706378936768,0.19424161314964294,0.048560403287410736,0.5569310188293457,0.8333333333333334,0.805728088336784,0.8159722222222222,0.9233969319464602,0.8321256038647343,0.003377226646989584,0.008241694420576096,0.47101151943206787,0.15009480714797974,0.0029934842605143785,0.19822150468826294,0.007874391041696072,0.017068766057491302,0.6458695530891418,0.3102010488510132,0.0027874265797436237,0.5131577253341675
395,0.00010422849598285996,0.5075671672821045,0.1942296326160431,0.04855740815401077,0.5561245679855347,0.8333333333333334,0.805728088336784,0.8159722222222222,0.9233969319464602,0.8321256038647343,0.003376335371285677,0.008234965614974499,0.4710099697113037,0.15008750557899475,0.002991871442645788,0.19820691645145416,0.007871853187680244,0.017004981637001038,0.6458674669265747,0.3101881742477417,0.002785892691463232,0.5131295323371887
396,0.00010270637616241606,0.5139838457107544,0.19421795010566711,0.04855448752641678,0.5625383257865906,0.8333333333333334,0.805728088336784,0.8159722222222222,0.9233969319464602,0.8321256038647343,0.003375465050339699,0.008228983730077744,0.4710083603858948,0.15008020401000977,0.0029902951791882515,0.19819112122058868,0.007869351655244827,0.016942428424954414,0.6458656191825867,0.3101757764816284,0.0027843909338116646,0.5131033658981323
397,0.00010152239728942829,0.5162278413772583,0.19420652091503143,0.04855163022875786,0.5647794604301453,0.8333333333333334,0.805728088336784,0.8159722222222222,0.9233969319464602,0.8321256038647343,0.0033746100962162018,0.008223223499953747,0.4710061848163605,0.15007300674915314,0.0029887459240853786,0.19817692041397095,0.007866891101002693,0.016881383955478668,0.6458644866943359,0.3101634979248047,0.0027829031459987164,0.5130763053894043
398,0.00010067664028727843,0.5088616609573364,0.19419525563716888,0.04854881390929222,0.557410478591919,0.8333333333333334,0.805728088336784,0.8159722222222222,0.9233969319464602,0.8321256038647343,0.003373747691512108,0.00821729563176632,0.4710038900375366,0.15006589889526367,0.002987382235005498,0.19816476106643677,0.007864288985729218,0.016821978613734245,0.6458634734153748,0.31015145778656006,0.0027812987100332975,0.5130475759506226
399,0.00010016916296233584,0.5076490640640259,0.19418416917324066,0.048546042293310165,0.556195080280304,0.8333333333333334,0.805728088336784,0.8159722222222222,0.9233969319464602,0.8321256038647343,0.0033729078713804483,0.008210797794163227,0.47100144624710083,0.15005885064601898,0.0029860069043934345,0.19815349578857422,0.007861742749810219,0.016764242202043533,0.6458625197410583,0.3101395070552826,0.0027797333896160126,0.5130186676979065
400,0.0001,0.510310709476471,0.1941731870174408,0.0485432967543602,0.5588539838790894,0.8333333333333334,0.805728088336784,0.8159722222222222,0.9229899315394597,0.8321256038647343,0.003372077364474535,0.008203503675758839,0.47099918127059937,0.15005187690258026,0.002984611550346017,0.1981409192085266,0.007859213277697563,0.01670807972550392,0.6458613872528076,0.3101276159286499,0.0027782090473920107,0.512991189956665
