epoch,lr_used,lr_next,train_loss_total,train_loss_original,train_loss_ordinal,train_loss_ordinal_1,train_loss_ordinal_2,test_loss_original,tau1,tau2,selection_macro_auc_adjusted_score,acc,macro_f1,bacc,macro_auc,weighted_f1
1,0.01,0.01,3.468606948852539,3.2923636436462402,0.8812167048454285,0.49688291549682617,1.2655504941940308,3.140610456466675,-0.5099999904632568,0.48379042744636536,0.7814661757785696,0.3559322033898305,0.17500000000000002,0.3333333333333333,0.8637422754570462,0.186864406779661
2,0.01,0.01,3.199103832244873,2.9324705600738525,1.3331661224365234,0.8532909154891968,1.8130412101745605,6.806972026824951,-0.5184029936790466,0.46958044171333313,0.7045063029782893,0.3559322033898305,0.17500000000000002,0.3333333333333333,0.6134458354322532,0.186864406779661
3,0.01,0.01,6.284451961517334,6.1844587326049805,0.49996644258499146,0.3378485143184662,0.6620843410491943,4.498256683349609,-0.524478554725647,0.45918336510658264,0.6915344606346304,0.2711864406779661,0.1568627450980392,0.17204301075268816,0.45903167762250946,0.2472582253240279
4,0.01,0.01,5.034264087677002,4.840725421905518,0.9676933884620667,0.48124346137046814,1.4541432857513428,4.364984512329102,-0.5278517007827759,0.45308443903923035,0.684954735888522,0.4406779661016949,0.21940928270042193,0.2795698924731183,0.4734199021126016,0.34584853035829216
5,0.01,0.01,5.011175155639648,4.850695610046387,0.8023988008499146,0.4731205105781555,1.1316770315170288,5.5380730628967285,-0.5302807688713074,0.4487808048725128,0.7180010613796691,0.5254237288135594,0.22962962962962963,0.3333333333333333,0.5633127483721712,0.36195856873822974
6,0.01,0.01,6.169717788696289,6.0282697677612305,0.7072412967681885,0.683598518371582,0.7308841347694397,3.944056272506714,-0.5322707891464233,0.4453601539134979,0.7168002719785402,0.5254237288135594,0.22962962962962963,0.3333333333333333,0.6407364565259303,0.36195856873822974
7,0.01,0.01,3.887359142303467,3.7823846340179443,0.5248721837997437,0.5799555778503418,0.4697887599468231,3.627903461456299,-0.5342003107070923,0.4422936737537384,0.6714516854584766,0.5423728813559322,0.4416315049226441,0.565284178187404,0.7837490749205519,0.4249445755560323
8,0.01,0.01,3.8279216289520264,3.7130444049835205,0.5743862986564636,0.41866207122802734,0.7301105260848999,3.199408531188965,-0.5356794595718384,0.43979087471961975,0.6743492312252922,0.5254237288135594,0.22962962962962963,0.3333333333333333,0.7773688771142081,0.36195856873822974
9,0.01,0.01,3.0930862426757812,2.990365982055664,0.5136016607284546,0.39198583364486694,0.635217547416687,2.4594216346740723,-0.5369215607643127,0.43756869435310364,0.6846303102669826,0.5423728813559322,0.4416315049226441,0.565284178187404,0.7772336133966015,0.4249445755560323
10,0.01,0.01,2.611359119415283,2.5087943077087402,0.5128240585327148,0.6757416129112244,0.34990644454956055,5.8895978927612305,-0.5388821959495544,0.4349094331264496,0.7149998652545341,0.576271186440678,0.48045267489711935,0.58678955453149,0.7787826680016833,0.45223896212596776
11,0.01,0.01,4.2927985191345215,4.213095188140869,0.39851653575897217,0.4121786653995514,0.38485437631607056,3.2439961433410645,-0.5405430793762207,0.43267324566841125,0.7066741502225372,0.559322033898305,0.4352869352869353,0.5023041474654377,0.7807354407524186,0.4358043086856646
12,0.01,0.01,3.175450563430786,3.0652565956115723,0.5509693026542664,0.43866869807243347,0.6632698774337769,2.66426420211792,-0.5411796569824219,0.43191203474998474,0.7109834138696618,0.423728813559322,0.39957264957264965,0.5238095238095238,0.7561423202340011,0.28063885267275096
13,0.01,0.01,2.674384117126465,2.5900325775146484,0.42175787687301636,0.39832863211631775,0.4451870918273926,3.2036139965057373,-0.5412431955337524,0.43218955397605896,0.6942329977134731,0.4915254237288136,0.4933025911286781,0.6405529953917051,0.766970673167617,0.36932516022420225
14,0.01,0.01,2.9916775226593018,2.886885166168213,0.5239619016647339,0.5850093960762024,0.4629144072532654,3.263310194015503,-0.5414479374885559,0.4323519766330719,0.7078448810197537,0.4576271186440678,0.42512077294685985,0.6190476190476191,0.7739494517932548,0.2957504298698109
15,0.01,0.01,3.0551860332489014,2.927741527557373,0.6372228860855103,0.6650872826576233,0.6093584895133972,2.6874008178710938,-0.5417253971099854,0.43250009417533875,0.714964105880914,0.5423728813559322,0.5345345345345346,0.6728110599078341,0.8366454805334262,0.45839059398381427
16,0.01,0.01,2.5751583576202393,2.4559054374694824,0.5962642431259155,0.5864937901496887,0.6060346961021423,2.5690276622772217,-0.5421741604804993,0.4331870377063751,0.7229534755001646,0.5254237288135594,0.4242015294646874,0.554531490015361,0.8300626462765681,0.4117431780232851
17,0.01,0.01,2.5830132961273193,2.4967174530029297,0.4314793646335602,0.38403692841529846,0.4789218008518219,2.5244545936584473,-0.5424926280975342,0.43401429057121277,0.7180736166304927,0.559322033898305,0.4602941176470588,0.576036866359447,0.8197763847169618,0.4384097706879362
18,0.01,0.01,2.7456817626953125,2.6072468757629395,0.6921746730804443,0.43544819951057434,0.9489011168479919,2.3562474250793457,-0.5430415272712708,0.4340806305408478,0.7207674894432109,0.5254237288135594,0.3013468013468013,0.37019969278033793,0.7522943006813975,0.38460879986303714
19,0.01,0.01,2.533792018890381,2.439635753631592,0.47078168392181396,0.3940573036670685,0.5475060939788818,2.5063624382019043,-0.5424531102180481,0.4357892572879791,0.7422143033348467,0.4745762711864407,0.3782673931927663,0.445468509984639,0.7113213140377826,0.399608093511458
20,0.01,0.01,2.4785428047180176,2.3998308181762695,0.3935595750808716,0.4047572910785675,0.38236185908317566,2.564012050628662,-0.5416433811187744,0.437903493642807,0.7911336446990097,0.4745762711864407,0.4708333333333334,0.6298003072196621,0.8054223648451152,0.3353813559322034
21,0.01,0.009999830837037664,2.457871437072754,2.375645875930786,0.4111277759075165,0.48166969418525696,0.340585857629776,2.7060623168945312,-0.5410997867584229,0.4403561055660248,0.8088127680657392,0.4576271186440678,0.43529411764705883,0.6190476190476191,0.8256082721277967,0.2973080757726819
22,0.009999830837037664,0.009999323359712722,2.437150001525879,2.362027406692505,0.37561339139938354,0.4584417939186096,0.29278501868247986,2.527165651321411,-0.540674090385437,0.4427856504917145,0.8318459506914516,0.559322033898305,0.4602941176470588,0.576036866359447,0.828127494086747,0.4384097706879362
23,0.009999323359712722,0.009998477602710573,2.3459620475769043,2.273529052734375,0.3621644675731659,0.43430742621421814,0.29002150893211365,2.3423304557800293,-0.5402405261993408,0.44542476534843445,0.8193213596439403,0.559322033898305,0.4602941176470588,0.576036866359447,0.8138859348536768,0.4384097706879362
24,0.009998477602710573,0.009997293623837585,2.359550952911377,2.2886409759521484,0.35454946756362915,0.41618862748146057,0.29291030764579773,2.394862174987793,-0.5395351052284241,0.4484998285770416,0.8083074725689327,0.559322033898305,0.4602941176470588,0.576036866359447,0.8090755217240786,0.4384097706879362
25,0.009997293623837585,0.00999577150401714,2.4380075931549072,2.368490695953369,0.34758466482162476,0.4421539604663849,0.25301533937454224,2.3817708492279053,-0.5390076637268066,0.45133861899375916,0.8072020414974576,0.5423728813559322,0.4305555555555555,0.5284178187403994,0.796605347114685,0.42443502824858753
26,0.00999577150401714,0.009993911347284109,2.296109437942505,2.219874858856201,0.38117295503616333,0.48549684882164,0.27684903144836426,2.630274772644043,-0.5402403473854065,0.4519055187702179,0.8182579069675843,0.5423728813559322,0.4305555555555555,0.5284178187403994,0.8012214158224346,0.42443502824858753
27,0.009993911347284109,0.009991713280777732,2.306854248046875,2.2374074459075928,0.34723448753356934,0.40052077174186707,0.2939481735229492,2.630063056945801,-0.5405433177947998,0.4538380801677704,0.8329850681293806,0.576271186440678,0.4710269650028686,0.5499231950844854,0.8326347299182614,0.45190933224423113
28,0.009991713280777732,0.009989177454732934,2.350475788116455,2.284482479095459,0.32996684312820435,0.42848485708236694,0.23144882917404175,2.4175143241882324,-0.5408306121826172,0.45586976408958435,0.8317184607507189,0.576271186440678,0.48045267489711935,0.58678955453149,0.8414667769506479,0.45223896212596776
29,0.009989177454732934,0.00998630404247006,2.3285930156707764,2.2541561126708984,0.37218451499938965,0.4523618519306183,0.2920072078704834,2.3992550373077393,-0.5411856174468994,0.4587770402431488,0.8454837465873118,0.559322033898305,0.44986449864498645,0.5391705069124424,0.8343470338376959,0.4379220063387074
30,0.00998630404247006,0.009983093240383016,2.2756361961364746,2.2046632766723633,0.3548641800880432,0.3766110837459564,0.3331172466278076,2.3019299507141113,-0.5402558445930481,0.4634409248828888,0.8562820409170154,0.576271186440678,0.4710269650028686,0.5499231950844854,0.8559317027058962,0.45190933224423113
31,0.009983093240383016,0.009979545267925863,2.239473819732666,2.173408269882202,0.33032798767089844,0.4214170575141907,0.239238902926445,2.299995183944702,-0.5398727655410767,0.46752771735191345,0.866016882570363,0.6779661016949152,0.6749622926093514,0.7117255504352279,0.8606405384843415,0.6688779814402945
32,0.009979545267925863,0.009975660367597807,2.1950881481170654,2.1318421363830566,0.3162301778793335,0.4547998607158661,0.17766046524047852,2.242238759994507,-0.5402151346206665,0.47118470072746277,0.845287329158297,0.711864406779661,0.7205882352941176,0.7700972862263185,0.8702152403340859,0.7044699235626454
33,0.009975660367597807,0.009971438804926623,2.181056499481201,2.117302894592285,0.31876832246780396,0.34363222122192383,0.2939043939113617,2.1847586631774902,-0.5390365719795227,0.47722819447517395,0.8792027629039514,0.711864406779661,0.7007546187874056,0.7127496159754224,0.8849294452010921,0.7123274983791793
34,0.009971438804926623,0.00996688086845051,2.120319366455078,2.061711311340332,0.29304012656211853,0.3536221385002136,0.23245809972286224,2.257343292236328,-0.5366884469985962,0.48527786135673523,0.898086303434351,0.7457627118644068,0.7390228818800247,0.7547363031233999,0.8953307586584326,0.7429011666299802
35,0.00996688086845051,0.009961986869698373,2.1401541233062744,2.075115442276001,0.32519301772117615,0.5069325566291809,0.1434534788131714,2.4352846145629883,-0.5365734696388245,0.4906729757785797,0.8728163460761085,0.576271186440678,0.4710269650028686,0.5499231950844854,0.9039223368595186,0.45190933224423113
36,0.009961986869698373,0.009956757143168527,2.309465169906616,2.2489168643951416,0.30274203419685364,0.4149273931980133,0.19055669009685516,2.359100818634033,-0.5359687805175781,0.49676713347435,0.8556847557272005,0.6101694915254238,0.610594315245478,0.6789554531490016,0.8969005433351783,0.5726317172513467
37,0.009956757143168527,0.009951192046305833,2.2315526008605957,2.157252550125122,0.3715006709098816,0.6143929958343506,0.1286083608865738,2.466696262359619,-0.5372827053070068,0.5008941888809204,0.8449950351478366,0.6271186440677966,0.638095238095238,0.6897081413210446,0.8977613595610201,0.5966101694915255
38,0.009951192046305833,0.009945291959477269,2.169088125228882,2.1088428497314453,0.30122658610343933,0.46576622128486633,0.13668695092201233,2.3050782680511475,-0.5397350788116455,0.5041425228118896,0.8897704351863945,0.711864406779661,0.7132962275819419,0.7281105990783411,0.9100159414251096,0.7092670041822585
39,0.009945291959477269,0.009939057285945933,2.0968127250671387,2.0189502239227295,0.3893130421638489,0.29704204201698303,0.4815840423107147,2.1710638999938965,-0.5382228493690491,0.5122089982032776,0.9092478922699637,0.8135593220338984,0.7903890492529456,0.7926267281105991,0.9087498522982393,0.8134107019391691
40,0.009939057285945933,0.009932488451843476,2.1084771156311035,2.0237128734588623,0.42382070422172546,0.2948303818702698,0.5528110265731812,2.345207691192627,-0.5336215496063232,0.5240614414215088,0.8951270857043353,0.7796610169491526,0.7102866986587917,0.6973886328725039,0.8940423847045239,0.7743147449493528
41,0.009932488451843476,0.009925585906140986,2.1254265308380127,2.060656785964966,0.32384878396987915,0.39340880513191223,0.2542887330055237,2.218905448913574,-0.5308212637901306,0.533437192440033,0.9161935027809393,0.8135593220338984,0.8002562081198267,0.8294930875576036,0.9119692324276366,0.8144361751167467
42,0.009925585906140986,0.009918350120618293,2.119490623474121,2.0525412559509277,0.33474722504615784,0.49174633622169495,0.17774812877178192,2.1501049995422363,-0.5297024250030518,0.5413035154342651,0.9186588265535635,0.7796610169491526,0.7848461734045259,0.8079877112135176,0.9248908043475107,0.7790611384762569
43,0.009918350120618293,0.009910781589831726,2.0648446083068848,2.0005650520324707,0.3213980495929718,0.5158013105392456,0.1269947737455368,2.216304063796997,-0.5306928157806396,0.5467678308486938,0.9105943104245311,0.7796610169491526,0.7194829652456772,0.7076292882744495,0.908930203921715,0.7709775142983991
44,0.009910781589831726,0.009902880831080306,2.074366569519043,1.9880865812301636,0.4314005374908447,0.4284999966621399,0.4343010485172272,2.062523365020752,-0.5342373847961426,0.547838568687439,0.9379346836902016,0.8135593220338984,0.8023615728533762,0.7926267281105991,0.9354823162123672,0.813157112406904
45,0.009902880831080306,0.009894648384370404,1.9222967624664307,1.8678619861602783,0.27217358350753784,0.3124903738498688,0.2318568080663681,2.0009655952453613,-0.536415159702301,0.5508930087089539,0.9276961012954222,0.7796610169491526,0.7709605209605209,0.7926267281105991,0.929379901366319,0.7797800128308603
46,0.009894648384370404,0.009886084812378817,1.868770956993103,1.798793077468872,0.3498894274234772,0.30468830466270447,0.3950905501842499,2.7099056243896484,-0.5354525446891785,0.5581032633781433,0.8931598019034351,0.4915254237288136,0.4950980392156863,0.6405529953917051,0.9178047476010124,0.3706380857427717
47,0.009886084812378817,0.009877190700414313,2.293024778366089,2.234961748123169,0.2903154790401459,0.35766106843948364,0.2229699045419693,2.591996192932129,-0.5345558524131775,0.5650712847709656,0.8159978109044322,0.4576271186440678,0.433395580454404,0.5453149001536098,0.8982531805112449,0.34601750304641626
48,0.009877190700414313,0.00986796665637763,2.1321609020233154,2.0677380561828613,0.3221139907836914,0.47983309626579285,0.16439488530158997,2.5682711601257324,-0.5343518257141113,0.5712419748306274,0.8831476955415836,0.5084745762711864,0.49133089133089136,0.5775729646697388,0.8894470460684382,0.4325076053889613
49,0.00986796665637763,0.009858413310719925,2.094242811203003,2.0344948768615723,0.2987401485443115,0.39094245433807373,0.2065378725528717,2.2393949031829834,-0.5342644453048706,0.5772128105163574,0.9189697776285213,0.7457627118644068,0.7145853409670654,0.7127496159754223,0.9170159683742026,0.7434087963421114
50,0.009858413310719925,0.009848531316399685,1.7869187593460083,1.7291536331176758,0.28882545232772827,0.22868333756923676,0.348967581987381,2.3731422424316406,-0.5325852632522583,0.585600733757019,0.9089177658787166,0.7457627118644068,0.7310359399911639,0.7240143369175628,0.9152098608804891,0.7426518347337978
51,0.009848531316399685,0.009838321348838096,1.9701435565948486,1.9016304016113281,0.34256604313850403,0.2544272243976593,0.43070486187934875,2.2593023777008057,-0.5297156572341919,0.5954650640487671,0.8916983318511331,0.6610169491525424,0.6807692307692307,0.7327188940092165,0.8954577303473737,0.650651890482399
52,0.009838321348838096,0.009827784105872876,1.8309909105300903,1.774970293045044,0.28010326623916626,0.3651530146598816,0.19505348801612854,1.9203457832336426,-0.5272189974784851,0.6049193739891052,0.8709806982302738,0.6440677966101694,0.6647001934235978,0.7270865335381465,0.876747804167159,0.6255597810051471
53,0.009827784105872876,0.009816920307710586,1.7689666748046875,1.7116398811340332,0.2866341769695282,0.4537924826145172,0.11947586387395859,1.8329486846923828,-0.5257630944252014,0.6131382584571838,0.9053672228544895,0.7457627118644068,0.758371040723982,0.7967229902713773,0.90510446919615,0.7395965948308919
54,0.009816920307710586,0.0098057306968774,1.6641066074371338,1.6106394529342651,0.26733604073524475,0.44036534428596497,0.09430675953626633,2.5359978675842285,-0.5253099799156189,0.6202253699302673,0.9057248165906909,0.7796610169491526,0.7647495361781077,0.7813620071684587,0.8950052965333102,0.7765353290777018
55,0.0098057306968774,0.009794216038168352,1.7316867113113403,1.6719629764556885,0.29861876368522644,0.4755028188228607,0.12173471599817276,2.125945568084717,-0.5248817205429077,0.6269807815551758,0.8990948214207976,0.7966101694915254,0.745021645021645,0.7501280081925245,0.8813193032208312,0.7955315870570108
56,0.009794216038168352,0.009782377118595071,1.5311366319656372,1.4642565250396729,0.3344004452228546,0.5161696672439575,0.1526312381029129,1.9236122369766235,-0.5244095921516418,0.6336763501167297,0.9009232137415499,0.8305084745762712,0.8132716049382717,0.8556067588325652,0.8926954482981649,0.8285467671060891
57,0.009782377118595071,0.009770214747331984,1.4398587942123413,1.3775525093078613,0.31153127551078796,0.4646856188774109,0.15837694704532623,2.5899317264556885,-0.5236549377441406,0.6406606435775757,0.891466155048498,0.7966101694915254,0.7864102564102563,0.8341013824884792,0.8789135784042404,0.7921382007822686
58,0.009770214747331984,0.009757729755661011,1.7686220407485962,1.7069915533065796,0.30815237760543823,0.4008575677871704,0.21544715762138367,2.2410531044006348,-0.5228797793388367,0.6473738551139832,0.8938641060882148,0.8135593220338984,0.799865229110512,0.8448540706605222,0.8907162447060579,0.8104413175567637
59,0.009757729755661011,0.009744922996914747,1.4767682552337646,1.4210782051086426,0.2784503698348999,0.3879346251487732,0.16896608471870422,1.8474738597869873,-0.5222806930541992,0.6537061929702759,0.9105056893681681,0.8135593220338984,0.7582738776028902,0.7608806963645675,0.9052402511655483,0.8130165356009744
60,0.009744922996914747,0.00973179534641814,1.4163163900375366,1.3678746223449707,0.24220894277095795,0.3795103132724762,0.1049075797200203,1.9426681995391846,-0.5219767093658447,0.6594861745834351,0.9262838651633217,0.7966101694915254,0.6866190979563073,0.6763952892985151,0.9047334009133671,0.7845948149209876
61,0.00973179534641814,0.009718347701428667,1.373044490814209,1.3234734535217285,0.2478550672531128,0.3398093581199646,0.15590079128742218,1.993511438369751,-0.5220569968223572,0.664600670337677,0.9279847675433414,0.8305084745762712,0.7118931247963506,0.7081413210445469,0.9121941537051894,0.816024653312789
62,0.009718347701428667,0.009704580981074998,1.276181697845459,1.2283294200897217,0.23926158249378204,0.279802143573761,0.1987210214138031,1.904595136642456,-0.522300124168396,0.6694550514221191,0.9314181856626679,0.864406779661017,0.8206896551724139,0.8402457757296468,0.9254494797788517,0.8642509253847651
63,0.009704580981074998,0.009690496126294182,1.2209445238113403,1.1779173612594604,0.21513591706752777,0.23332802951335907,0.19694380462169647,1.738987922668457,-0.5220621824264526,0.6750541925430298,0.9341441900864652,0.8135593220338984,0.7805555555555556,0.8079877112135178,0.9344815720027944,0.8108757062146893
64,0.009690496126294182,0.009676094099767331,1.027480959892273,0.9839655160903931,0.21757718920707703,0.21983161568641663,0.21532277762889862,2.36405348777771,-0.5213556885719299,0.6815897822380066,0.924354931995,0.8135593220338984,0.800354609929078,0.8397337429595494,0.9252655003928347,0.812243058059863
65,0.009676094099767331,0.009661375885853831,1.189095139503479,1.1459970474243164,0.2154902219772339,0.2101925164461136,0.22078794240951538,2.7036685943603516,-0.5204810500144958,0.6881306767463684,0.9017099199611932,0.8135593220338984,0.800354609929078,0.8397337429595494,0.9215657008526278,0.812243058059863
66,0.009661375885853831,0.00964634249052405,1.0881035327911377,1.0456453561782837,0.21229079365730286,0.21176588535308838,0.21281568706035614,2.5355923175811768,-0.5193503499031067,0.6950213313102722,0.9144775710989633,0.7966101694915254,0.7870370370370371,0.8289810547875063,0.9260465058427707,0.794256120527307
67,0.00964634249052405,0.009630994941290591,0.9356968402862549,0.8940765857696533,0.20810112357139587,0.20487351715564728,0.21132874488830566,2.228267192840576,-0.5176544785499573,0.7029815316200256,0.9176586005957823,0.8305084745762712,0.8137408568443051,0.8453661034306196,0.9244430347995714,0.8312124754263853
68,0.009630994941290591,0.009615334287138054,0.9892688989639282,0.9478858709335327,0.2069150060415268,0.21687528491020203,0.19695472717285156,2.235478162765503,-0.5156370401382446,0.7113728523254395,0.8992440779367774,0.8305084745762712,0.7939040864572778,0.8187403993855608,0.9063612297907714,0.8287611835213711
69,0.009615334287138054,0.00959936159845135,0.8723456859588623,0.8328197002410889,0.1976299285888672,0.24060426652431488,0.1546555906534195,2.42865252494812,-0.51365065574646,0.720046877861023,0.878846205671333,0.7966101694915254,0.7440476190476191,0.7603686635944701,0.8687978216840696,0.7920702179176756
70,0.00959936159845135,0.009583077966942534,0.8455923199653625,0.8055374622344971,0.20027421414852142,0.2709035873413086,0.12964484095573425,2.619692802429199,-0.5121231079101562,0.7284926176071167,0.8577751243286048,0.7627118644067796,0.718712072535161,0.7286226318484385,0.8540105433144483,0.7604248723096079
71,0.009583077966942534,0.009566484505576189,0.781362771987915,0.7417938709259033,0.19784444570541382,0.2784562110900879,0.11723268032073975,2.5848302841186523,-0.5110141634941101,0.7364712357521057,0.8230481082773102,0.7796610169491526,0.7314740752590696,0.7444956477214543,0.8096414526805019,0.7763078811344987
72,0.009566484505576189,0.009549582348493355,0.8043283224105835,0.7651768922805786,0.19575729966163635,0.2781934440135956,0.11332114040851593,2.623927116394043,-0.510397732257843,0.743888795375824,0.8140170525569507,0.7966101694915254,0.7450076804915513,0.7450076804915513,0.8183335717291574,0.7966101694915254
73,0.009549582348493355,0.009532372650934018,0.9822406768798828,0.9434129595756531,0.19413860142230988,0.2627527117729187,0.12552449107170105,2.5774734020233154,-0.5099971294403076,0.7508251667022705,0.8537944323173524,0.8135593220338984,0.7810831426392068,0.8028673835125447,0.8578564898598854,0.8126284761276809
74,0.009532372650934018,0.009514856589158148,0.8315396904945374,0.7940210700035095,0.18759314715862274,0.25454291701316833,0.12064337730407715,2.577038288116455,-0.5099282264709473,0.7574343681335449,0.8821396958069284,0.8135593220338984,0.7810831426392068,0.8028673835125447,0.9101097449993886,0.8126284761276809
75,0.009514856589158148,0.009497035360365296,0.7624848484992981,0.7257678508758545,0.1835850477218628,0.22515681385993958,0.14201326668262482,2.9224977493286133,-0.510013997554779,0.7643349766731262,0.9311051615805436,0.7627118644067796,0.734547152194211,0.7347670250896058,0.9309574598199385,0.7607510800930541
76,0.009497035360365296,0.00947891018261278,0.9200049042701721,0.8824480175971985,0.1877843588590622,0.19466054439544678,0.1809081733226776,2.630758047103882,-0.5099577307701111,0.7708984017372131,0.9399838512741739,0.8305084745762712,0.8119517543859649,0.830005120327701,0.9426720233171846,0.8320417038358608
77,0.00947891018261278,0.00946048229473242,0.9133825898170471,0.8753780126571655,0.1900227814912796,0.1738620400428772,0.206183522939682,2.2256577014923096,-0.5096961855888367,0.7773153185844421,0.9466045179118184,0.847457627118644,0.8266602192134106,0.8663594470046082,0.9557620270693276,0.846495426679343
78,0.00946048229473242,0.009441752956245879,0.795234739780426,0.7548091411590576,0.20212788879871368,0.18587441742420197,0.2183813601732254,2.1074607372283936,-0.5089202523231506,0.7847850918769836,0.9317130709320862,0.847457627118644,0.8266602192134106,0.8663594470046082,0.9500985714907616,0.846495426679343
79,0.009441752956245879,0.009422723447278559,0.7306097149848938,0.6909056305885315,0.19852055609226227,0.2119857370853424,0.18505537509918213,1.8619545698165894,-0.5079815983772278,0.7926996350288391,0.9412530499117935,0.864406779661017,0.8214878922982778,0.830005120327701,0.9540735627323063,0.866611547471407
80,0.009422723447278559,0.00940339506847212,0.7651200294494629,0.7295820713043213,0.17768964171409607,0.1963677555322647,0.15901154279708862,2.032747268676758,-0.507063090801239,0.8010591864585876,0.9427217754891779,0.847457627118644,0.757020757020757,0.7506400409626216,0.9559263128872636,0.8441050474948779
81,0.00940339506847212,0.009383769140895582,0.723689079284668,0.6882723569869995,0.1770835667848587,0.21742106974124908,0.13674606382846832,2.3563175201416016,-0.5065470933914185,0.8092584609985352,0.9135975795568325,0.7796610169491526,0.7041107041107041,0.6973886328725039,0.9371982478943429,0.776846505660065
82,0.009383769140895582,0.009363847005955023,0.6660388708114624,0.6305899620056152,0.17724460363388062,0.22195440530776978,0.13253481686115265,2.5366437435150146,-0.5064067244529724,0.817294180393219,0.9180037562889855,0.7966101694915254,0.7450076804915513,0.7450076804915513,0.931241980053525,0.7966101694915254
83,0.009363847005955023,0.009343630025301902,0.6577688455581665,0.6229895353317261,0.1738964319229126,0.2040916383266449,0.1437012255191803,2.9529025554656982,-0.5063374638557434,0.8255540728569031,0.8960749682311651,0.7796610169491526,0.7548944825832699,0.7762416794674859,0.9024178519085141,0.7787172426275711
84,0.009343630025301902,0.00932311958073999,0.6695194244384766,0.6345900297164917,0.17464694380760193,0.184163898229599,0.16512997448444366,3.078813076019287,-0.5059715509414673,0.8344864845275879,0.8789374179866539,0.7627118644067796,0.7417624521072798,0.7603686635944701,0.8986703732034802,0.7624391194233393
85,0.00932311958073999,0.009302317074130931,0.6752792596817017,0.638899028301239,0.1819010227918625,0.1741555631160736,0.18964648246765137,2.916165828704834,-0.5047916769981384,0.8446752429008484,0.8911349921536679,0.7796610169491526,0.731841039885264,0.7342549923195083,0.9066581880673561,0.7792345418947123
86,0.009302317074130931,0.009281223927298419,0.663487434387207,0.6220629811286926,0.20712223649024963,0.2326669991016388,0.18157747387886047,2.7245945930480957,-0.5028204321861267,0.8557541966438293,0.8888707500761831,0.7966101694915254,0.7446990790319127,0.7552483358934973,0.9003956334177047,0.7940182451147308
87,0.009281223927298419,0.009259841581931017,0.6476526260375977,0.6107198596000671,0.1846637725830078,0.23403911292552948,0.13528841733932495,2.8106203079223633,-0.5009748339653015,0.8668110966682434,0.8607887584967381,0.7796610169491526,0.7314740752590696,0.7444956477214543,0.8732921012207938,0.7763078811344987
88,0.009259841581931017,0.00923817149948363,0.6758981943130493,0.6375248432159424,0.19186677038669586,0.2768092453479767,0.10692429542541504,2.5685367584228516,-0.4996665120124817,0.8768948912620544,0.8510679096417636,0.7796610169491526,0.7318446776073895,0.7393753200204815,0.876831242705606,0.7780139806568994
89,0.00923817149948363,0.00921621516107761,0.6501983404159546,0.6116793155670166,0.19259516894817352,0.28415602445602417,0.10103432089090347,2.6529245376586914,-0.49929535388946533,0.8859578371047974,0.8742798891355767,0.7966101694915254,0.744642857142857,0.7398873527905786,0.8841966371677747,0.7972457627118643
90,0.00921621516107761,0.009193974067399517,0.7058091163635254,0.6690332293510437,0.18387934565544128,0.24523325264453888,0.12252544611692429,2.5948963165283203,-0.49901217222213745,0.8946132063865662,0.8558591474550727,0.7796610169491526,0.7041107041107041,0.6973886328725039,0.8639951823313453,0.776846505660065
91,0.009193974067399517,0.009171449738598562,0.6541629433631897,0.6135284900665283,0.20317217707633972,0.25411686301231384,0.1522275060415268,2.548034191131592,-0.4983370304107666,0.9035634994506836,0.8316080731191088,0.7796610169491526,0.7314740752590696,0.7444956477214543,0.8389760588402354,0.7763078811344987
92,0.009171449738598562,0.009148643714182699,0.666305661201477,0.6246995329856873,0.20803049206733704,0.22948211431503296,0.1865788698196411,2.6687309741973877,-0.49704301357269287,0.9132498502731323,0.8315443281487424,0.7796610169491526,0.7318446776073895,0.7393753200204815,0.8440253860457595,0.7780139806568994
93,0.009148643714182699,0.009125557552913402,0.6374425888061523,0.593909740447998,0.2176642119884491,0.21931618452072144,0.21601225435733795,2.935168743133545,-0.4951946437358856,0.9238407611846924,0.8324958384381135,0.7627118644067796,0.6149621212121212,0.6180235535074244,0.8505874902309537,0.741612095531587
94,0.009125557552913402,0.009102192832699127,0.6325342059135437,0.5959433913230896,0.18295401334762573,0.23398524522781372,0.13192276656627655,3.2732157707214355,-0.49376627802848816,0.934050440788269,0.8236425430822715,0.7288135593220338,0.589033189033189,0.5862775217613927,0.8361635063672415,0.7099126861838726
95,0.009102192832699127,0.009078551150487465,0.671981155872345,0.6323550939559937,0.19813042879104614,0.2633659541606903,0.13289491832256317,2.904107093811035,-0.49335867166519165,0.9430573582649231,0.8402115711114013,0.7627118644067796,0.6607581188226349,0.6548899129544291,0.8462585330157486,0.7504879301489471
96,0.009078551150487465,0.00905463412215599,0.6355597972869873,0.5926992893218994,0.2143024206161499,0.286024272441864,0.1425805538892746,2.5379691123962402,-0.4940546154975891,0.9507328867912292,0.8483522702537982,0.7966101694915254,0.7160863103636398,0.7235023041474654,0.880230456206687,0.7895412470191435
97,0.00905463412215599,0.009030443382401818,0.6725745797157288,0.6325740814208984,0.20000244677066803,0.2649097144603729,0.13509517908096313,2.5056722164154053,-0.49481111764907837,0.9578508734703064,0.9066421222618167,0.7627118644067796,0.690883190883191,0.6917562724014337,0.9228426732671214,0.758148631029987
98,0.009030443382401818,0.009005980584629878,0.6264073252677917,0.5852094888687134,0.20598925650119781,0.22136078774929047,0.19061772525310516,2.3416554927825928,-0.4952450692653656,0.9656708240509033,0.9238755490877733,0.8135593220338984,0.7363725852097945,0.7240143369175627,0.942641964713272,0.8075498495285645
99,0.009005980584629878,0.008981247400839902,0.6376482844352722,0.5963680744171143,0.2064010202884674,0.1770220249891281,0.2357800006866455,2.2322051525115967,-0.4946426451206207,0.9750536680221558,0.9272094628631131,0.847457627118644,0.7924297924297924,0.7823860727086535,0.9460981859114287,0.8454088284596759
100,0.008981247400839902,0.00895624552151215,0.6258540749549866,0.5842586755752563,0.20797701179981232,0.16474804282188416,0.2512059807777405,2.279961109161377,-0.4930228888988495,0.9856723546981812,0.9220227989328159,0.8305084745762712,0.7792717410121761,0.7716333845366105,0.9410255373752827,0.8282344380097632
101,0.00895624552151215,0.008930976655491857,0.6402239203453064,0.6000151038169861,0.2010439932346344,0.1739683896303177,0.22811958193778992,2.2748444080352783,-0.4902348220348358,0.9978947639465332,0.9315814349770206,0.8305084745762712,0.7792717410121761,0.7716333845366105,0.9366841421170794,0.8282344380097632
102,0.008930976655491857,0.008905442529872458,0.6024897694587708,0.5652545690536499,0.18617603182792664,0.18867400288581848,0.18367807567119598,2.325321912765503,-0.4871421158313751,1.01055908203125,0.898172333231756,0.8305084745762712,0.7792717410121761,0.7716333845366105,0.925564531676586,0.8282344380097632
103,0.008905442529872458,0.008879644889877513,0.6060375571250916,0.5694961547851562,0.1827070415019989,0.21778438985347748,0.14762969315052032,2.1497862339019775,-0.4848082363605499,1.0222365856170654,0.8866723259762309,0.847457627118644,0.7624584717607973,0.7506400409626216,0.9252224854941323,0.8407849541077763
104,0.008879644889877513,0.008853585498741453,0.6528148651123047,0.6142632961273193,0.19275769591331482,0.24477803707122803,0.14073733985424042,2.1850929260253906,-0.483717143535614,1.0322157144546509,0.897804892711514,0.847457627118644,0.7705849705849706,0.7455197132616487,0.9289995045512872,0.8394215953537988
105,0.008853585498741453,0.008827266137589043,0.6519199013710022,0.6126173734664917,0.1965126246213913,0.25098156929016113,0.14204367995262146,2.2560665607452393,-0.48355793952941895,1.0406934022903442,0.9168262882184783,0.8305084745762712,0.7891865079365079,0.7665130568356374,0.9081554174932783,0.8275070621468926
106,0.008827266137589043,0.008800688605313658,0.63278728723526,0.5954862833023071,0.18650513887405396,0.24844105541706085,0.12456921488046646,2.392524242401123,-0.483918696641922,1.048488736152649,0.9034206691252531,0.8135593220338984,0.7764242647963577,0.7557603686635944,0.9171201369843135,0.8107688746238213
107,0.008800688605313658,0.008773854718454323,0.6261314153671265,0.5870047807693481,0.19563305377960205,0.22080308198928833,0.17046301066875458,2.5558581352233887,-0.4843512177467346,1.0563565492630005,0.90206595894202,0.7966101694915254,0.753015176871141,0.7450076804915513,0.9202876919345511,0.7947302992632121
108,0.008773854718454323,0.008746766311071562,0.7722111344337463,0.7328327894210815,0.1968916654586792,0.1865796595811844,0.2072036862373352,2.3246121406555176,-0.4845190644264221,1.0641719102859497,0.9031418496613742,0.8305084745762712,0.7792022792022792,0.7767537122375833,0.9251312731788115,0.8272490221642764
109,0.008746766311071562,0.008719425234622036,0.6840924024581909,0.6438482999801636,0.20122051239013672,0.18221624195575714,0.2202247828245163,2.191281318664551,-0.48396873474121094,1.073089599609375,0.9159898298268416,0.8305084745762712,0.7792022792022792,0.7767537122375833,0.9412406118687953,0.8272490221642764
110,0.008719425234622036,0.008691833357832001,0.7203875780105591,0.6831833124160767,0.18602138757705688,0.17857448756694794,0.19346828758716583,2.2270991802215576,-0.4829610288143158,1.08274507522583,0.9309527955538143,0.7966101694915254,0.7450076804915513,0.7450076804915513,0.9317208447089601,0.7966101694915254
111,0.008691833357832001,0.008663992566569587,0.6676739454269409,0.6321606040000916,0.1775665581226349,0.18020708858966827,0.1749260276556015,2.263361930847168,-0.481651246547699,1.092896819114685,0.933700048301067,0.7966101694915254,0.744642857142857,0.7398873527905786,0.9324888938641062,0.7972457627118643
112,0.008663992566569587,0.00863590476371589,0.6462615132331848,0.6120260953903198,0.1711769998073578,0.18781347572803497,0.1545405089855194,2.1664795875549316,-0.48013389110565186,1.1033436059951782,0.9239724621728017,0.8135593220338984,0.7582738776028902,0.7608806963645675,0.9353454977393857,0.8130165356009744
113,0.00863590476371589,0.008607571869034929,0.6315011978149414,0.598216712474823,0.1664222776889801,0.18828564882278442,0.14455892145633698,2.4201440811157227,-0.4789847135543823,1.1133477687835693,0.9115064335777409,0.7627118644067796,0.690883190883191,0.6917562724014337,0.9288170799206453,0.758148631029987
114,0.008607571869034929,0.008578995819042416,0.6033357381820679,0.5687801837921143,0.17277762293815613,0.19653329253196716,0.1490219384431839,2.7072460651397705,-0.4784792959690094,1.1225165128707886,0.8766996067505405,0.7627118644067796,0.6565217391304348,0.6600102406554019,0.9226472923416896,0.7518791451731761
115,0.008578995819042416,0.00855017856687341,0.6452472805976868,0.6118240356445312,0.16711631417274475,0.17255708575248718,0.16167552769184113,2.6585845947265625,-0.47833138704299927,1.1311575174331665,0.8925793598968471,0.7966101694915254,0.7172370015580819,0.7132616487455197,0.9216470663839086,0.7930323519602195
116,0.00855017856687341,0.00852112208214882,0.5867671966552734,0.5538932681083679,0.1643695831298828,0.1666300892829895,0.16210909187793732,2.5439453125,-0.4781443774700165,1.139827013015747,0.8925586298251833,0.7966101694915254,0.7172370015580819,0.7132616487455197,0.9027666353642584,0.7930323519602195
117,0.00852112208214882,0.008491828350840775,0.6083559393882751,0.5755594968795776,0.16398212313652039,0.1714264154434204,0.15653784573078156,2.7270188331604004,-0.47762545943260193,1.148918628692627,0.8442466795607713,0.7966101694915254,0.716809116809117,0.7183819764464925,0.8526361395631344,0.7914819643633203
118,0.008491828350840775,0.0084622993751369,0.5986255407333374,0.5669962763786316,0.15814626216888428,0.17436373233795166,0.1419287919998169,2.8131704330444336,-0.47698161005973816,1.158199667930603,0.8350860608925125,0.7966101694915254,0.716809116809117,0.7183819764464925,0.8424923972462173,0.7914819643633203
119,0.0084622993751369,0.008432537173303462,0.6021342873573303,0.5710645914077759,0.15534856915473938,0.17452244460582733,0.13617467880249023,2.6322743892669678,-0.47627517580986023,1.167597770690918,0.8299336015804606,0.8135593220338984,0.7579589274504528,0.7660010240655403,0.8336473939190409,0.8116441635545341
120,0.008432537173303462,0.00840254377954742,0.5871644616127014,0.5561954975128174,0.1548447608947754,0.17393256723880768,0.1357569396495819,2.534590005874634,-0.4754517674446106,1.1771658658981323,0.8368108028549456,0.8135593220338984,0.7579589274504528,0.7660010240655403,0.8481449695371596,0.8116441635545341
121,0.00840254377954742,0.008372321243877393,0.6101675033569336,0.5789139270782471,0.1562679409980774,0.18116731941699982,0.13136857748031616,2.6136486530303955,-0.4745064973831177,1.1868786811828613,0.8533067573814602,0.7796610169491526,0.6702350190722283,0.6656426011264721,0.8703764166412723,0.7710957198540959
122,0.008372321243877393,0.00834187163196355,0.607113242149353,0.575293779373169,0.1590973138809204,0.18911166489124298,0.12908296287059784,2.5819344520568848,-0.4734448492527008,1.1967120170593262,0.8494038031389475,0.7966101694915254,0.683531746031746,0.6763952892985151,0.9200119819814218,0.7884887005649717
123,0.00834187163196355,0.008311197024996417,0.5911010503768921,0.5589768886566162,0.160620778799057,0.19462913274765015,0.12661240994930267,2.417903184890747,-0.47234728932380676,1.206551432609558,0.865718887790195,0.7796610169491526,0.6702350190722283,0.6656426011264721,0.906343609229857,0.7710957198540959
124,0.008311197024996417,0.008280299519544634,0.5738012790679932,0.5418092012405396,0.15996038913726807,0.1963895857334137,0.12353119254112244,2.4582467079162598,-0.47135651111602783,1.2162132263183594,0.8818779786521723,0.7966101694915254,0.7172370015580819,0.7132616487455197,0.9216548401607825,0.7930323519602195
125,0.008280299519544634,0.008249181227411657,0.6229007840156555,0.5914267301559448,0.15737038850784302,0.19571302831172943,0.1190277561545372,2.4936766624450684,-0.470684677362442,1.2254462242126465,0.8797370805010872,0.7796610169491526,0.6702350190722283,0.6656426011264721,0.9194128829103363,0.7710957198540959
126,0.008249181227411657,0.008217844275491416,0.6170750260353088,0.5869873762130737,0.1504383087158203,0.18765608966350555,0.11322053521871567,2.460317850112915,-0.4703536033630371,1.2342455387115479,0.8525843143839748,0.7627118644067796,0.6572420634920635,0.6497695852534562,0.897451963241437,0.7551200564971751
127,0.008217844275491416,0.008186290805622951,0.5734711289405823,0.5440893173217773,0.1469089686870575,0.1764705330133438,0.11734740436077118,2.365156650543213,-0.4702325761318207,1.2427713871002197,0.799394578257057,0.7796610169491526,0.6704607046070462,0.6605222734254993,0.8727842144650294,0.7724128427724954
128,0.008186290805622951,0.008154522974444009,0.5823392271995544,0.5533108115196228,0.1451421082019806,0.1674804985523224,0.12280372530221939,2.3280153274536133,-0.4701284170150757,1.2511348724365234,0.8326414671915522,0.7796610169491526,0.669930800365583,0.6502816180235534,0.878163149810009,0.7738121319550944
129,0.008154522974444009,0.008122542953243656,0.6684397459030151,0.6394426822662354,0.1449853479862213,0.1616859883069992,0.12828472256660461,2.1739752292633057,-0.46996578574180603,1.259108543395996,0.8718669087939036,0.7796610169491526,0.6703661181273121,0.6554019457245265,0.9097080998609011,0.77332373335409
130,0.008122542953243656,0.008090352927813856,0.6384758353233337,0.6094098091125488,0.14532999694347382,0.1657332330942154,0.12492676079273224,2.1731090545654297,-0.4698067605495453,1.2667266130447388,0.848034063653758,0.7796610169491526,0.7041107041107041,0.6973886328725039,0.8955981765828964,0.776846505660065
131,0.008090352927813856,0.008057955098300092,0.6107109189033508,0.5793113708496094,0.15699762105941772,0.1943100094795227,0.11968521773815155,2.125120162963867,-0.46987441182136536,1.2741707563400269,0.8493540509669542,0.7796610169491526,0.6702350190722283,0.6656426011264721,0.8941372247823861,0.7710957198540959
132,0.008057955098300092,0.008025351679050973,0.605243980884552,0.5751422047615051,0.15050892531871796,0.16944342851638794,0.13157442212104797,2.1475841999053955,-0.46975967288017273,1.2819377183914185,0.8288701489041048,0.7796610169491526,0.6702350190722283,0.6656426011264721,0.8803968150317897,0.7710957198540959
133,0.008025351679050973,0.0079925448984669,0.5968098044395447,0.5661312937736511,0.15339243412017822,0.1615326851606369,0.14525216817855835,2.1350820064544678,-0.4690486490726471,1.29050874710083,0.807567409010533,0.7966101694915254,0.683531746031746,0.6763952892985151,0.8487425138528705,0.7884887005649717
134,0.0079925448984669,0.007959536998847744,0.5759276151657104,0.5443772077560425,0.1577521711587906,0.17131274938583374,0.14419159293174744,2.2045958042144775,-0.46772509813308716,1.2998696565628052,0.8020231513440342,0.7796610169491526,0.6704607046070462,0.6605222734254993,0.8178655903613459,0.7724128427724954
135,0.007959536998847744,0.007926330236239594,0.6095523834228516,0.5803618431091309,0.1459527611732483,0.16771817207336426,0.12418735027313232,2.3312056064605713,-0.4664006531238556,1.3092632293701172,0.8129028112050184,0.7796610169491526,0.6704607046070462,0.6605222734254993,0.8207636543799532,0.7724128427724954
136,0.007926330236239594,0.00789292688028057,0.579102098941803,0.5495318174362183,0.14785131812095642,0.18741099536418915,0.1082916408777237,2.3265018463134766,-0.46550682187080383,1.318149447441101,0.820117912647624,0.7796610169491526,0.6704607046070462,0.6605222734254993,0.8177546844779443,0.7724128427724954
137,0.00789292688028057,0.00785932921404568,0.5820208191871643,0.5508956909179688,0.15562577545642853,0.2131490409374237,0.09810251742601395,2.2863070964813232,-0.46527165174484253,1.3262385129928589,0.8038593174416605,0.7796610169491526,0.6704607046070462,0.6605222734254993,0.8035846439921143,0.7724128427724954
138,0.00785932921404568,0.007825539533890782,0.5671461224555969,0.5374484062194824,0.14848868548870087,0.1954406350851059,0.10153672844171524,2.25677490234375,-0.4655117690563202,1.3337501287460327,0.7960689565103826,0.7796610169491526,0.6704607046070462,0.6605222734254993,0.7889284833257668,0.7724128427724954
139,0.007825539533890782,0.007791560149295626,0.5710381865501404,0.5424725413322449,0.1428283303976059,0.17674696445465088,0.10890969634056091,2.277613878250122,-0.46594226360321045,1.341027021408081,0.7852784359575531,0.7796610169491526,0.6702350190722283,0.6656426011264721,0.7790749620121437,0.7710957198540959
140,0.007791560149295626,0.007757393382706014,0.5863852500915527,0.5576664209365845,0.1435941606760025,0.16867031157016754,0.11851800233125687,2.337545871734619,-0.46624287962913513,1.3484532833099365,0.7775741048236804,0.7966101694915254,0.7172370015580819,0.7132616487455197,0.7814941613753158,0.7930323519602195
141,0.007757393382706014,0.00772304156937506,0.5756147503852844,0.5459008812904358,0.14856937527656555,0.1697346419095993,0.1274040937423706,2.2777457237243652,-0.46612241864204407,1.356372356414795,0.8073704733297262,0.8305084745762712,0.7716333845366105,0.7716333845366105,0.8224189506023122,0.8305084745762712
142,0.00772304156937506,0.00768850705720357,0.5571947693824768,0.526589035987854,0.1530286967754364,0.17256295680999756,0.13349445164203644,2.274048328399658,-0.4654495418071747,1.3649369478225708,0.8184315213177692,0.8305084745762712,0.7716333845366105,0.7716333845366105,0.843143839748254,0.8305084745762712
143,0.00768850705720357,0.00765379220657958,0.5647065043449402,0.5348871946334839,0.1490965187549591,0.16849134862422943,0.1297016739845276,2.2427377700805664,-0.46437275409698486,1.3739635944366455,0.8423503962553198,0.8305084745762712,0.7716333845366105,0.7716333845366105,0.8512461882580727,0.8305084745762712
144,0.00765379220657958,0.007618899390217016,0.5579988956451416,0.5293073654174805,0.14345765113830566,0.16375285387039185,0.12316246330738068,2.1651954650878906,-0.4631258547306061,1.3831679821014404,0.8519707042627246,0.8305084745762712,0.7716333845366105,0.7716333845366105,0.8629597152517355,0.8305084745762712
145,0.007618899390217016,0.007583830992993526,0.559512197971344,0.5317232608795166,0.138944610953331,0.16134734451770782,0.11654187738895416,2.1291847229003906,-0.4619371294975281,1.3922749757766724,0.8535404889394701,0.8135593220338984,0.7305657305657306,0.7240143369175627,0.8687242299296628,0.8104757765774715
146,0.007583830992993526,0.007548589411787477,0.5534340739250183,0.5256696939468384,0.1388218104839325,0.16761301457881927,0.11003059148788452,2.109168291091919,-0.46100082993507385,1.4010483026504517,0.8508704557091654,0.8135593220338984,0.7305657305657306,0.7240143369175627,0.8861924248172125,0.8104757765774715
147,0.007548589411787477,0.007513177055314133,0.5647119283676147,0.5364249348640442,0.14143502712249756,0.17713744938373566,0.10573261231184006,2.095301866531372,-0.46043431758880615,1.409345269203186,0.859074381570137,0.8135593220338984,0.7305657305657306,0.7240143369175627,0.8885893393533463,0.8104757765774715
148,0.007513177055314133,0.0074775963439610155,0.5464483499526978,0.5180231332778931,0.1421261727809906,0.1808665543794632,0.1033857986330986,2.093261241912842,-0.46025076508522034,1.4171476364135742,0.858985760513774,0.8135593220338984,0.7305657305657306,0.7240143369175627,0.8741695015039666,0.8104757765774715
149,0.0074775963439610155,0.007441849709622487,0.559543788433075,0.531472384929657,0.1403571367263794,0.17342446744441986,0.10728979855775833,2.0922393798828125,-0.4603397846221924,1.4245942831039429,0.8441264451451209,0.8135593220338984,0.6997224997224998,0.6871479774705581,0.8725193877995236,0.8016830627000119
150,0.007441849709622487,0.007405939595533515,0.5535039901733398,0.526638925075531,0.13432525098323822,0.15701335668563843,0.11163713783025742,2.069066047668457,-0.4605241119861603,1.4318989515304565,0.8255155050571009,0.8135593220338984,0.6997224997224998,0.6871479774705581,0.8587276711215591,0.8016830627000119
151,0.007405939595533515,0.007369868456102699,0.5653444528579712,0.5388386249542236,0.13252916932106018,0.14644400775432587,0.1186143234372139,1.9910061359405518,-0.4606174826622009,1.4392904043197632,0.814765408144016,0.8135593220338984,0.6997224997224998,0.6871479774705581,0.8532912098277124,0.8016830627000119
152,0.007369868456102699,0.0073336387567445056,0.5568259358406067,0.5301696062088013,0.13328176736831665,0.14082078635692596,0.12574273347854614,1.8223375082015991,-0.460457444190979,1.4469634294509888,0.8121067764531262,0.8305084745762712,0.7125396405919662,0.703020993343574,0.8621356949030973,0.8175692926505894
153,0.0073336387567445056,0.007297252973710758,0.5449251532554626,0.5179293155670166,0.13497906923294067,0.14021947979927063,0.12973865866661072,1.7804582118988037,-0.45996320247650146,1.4550111293792725,0.8095155174951439,0.864406779661017,0.7437229437229438,0.72452636968766,0.8595444359451151,0.8481766820749872
154,0.007297252973710758,0.007260713593921394,0.563435971736908,0.5365175008773804,0.13459238409996033,0.1396457701921463,0.12953901290893555,1.9625792503356934,-0.4591830372810364,1.4633694887161255,0.8191161319344681,0.847457627118644,0.7305903398926654,0.713773681515617,0.847488344517207,0.8312301021800431
155,0.007260713593921394,0.007224023114794484,0.5530810356140137,0.5268372297286987,0.13121896982192993,0.1422332376241684,0.12020469456911087,2.0264389514923096,-0.45849213004112244,1.4715782403945923,0.8124078807440437,0.8135593220338984,0.6963209056232312,0.692268305171531,0.8336308098617096,0.8043308244333076
156,0.007224023114794484,0.00718718404407554,0.5644974708557129,0.5362017154693604,0.1414787620306015,0.17784999310970306,0.10510753095149994,2.1039998531341553,-0.4582390785217285,1.4792109727859497,0.8064070432491485,0.7966101694915254,0.6821256038647343,0.6866359447004609,0.7926386479018058,0.7848685826578236
157,0.00718718404407554,0.0071501988996661115,0.5510469675064087,0.521252453327179,0.14897270500659943,0.19709254801273346,0.10085286945104599,2.023437976837158,-0.45848265290260315,1.4861962795257568,0.8068330462218407,0.8135593220338984,0.6954462659380692,0.6973886328725039,0.8009545161497623,0.8024265999814764
158,0.0071501988996661115,0.007113070209451689,0.5465825796127319,0.5183151960372925,0.14133678376674652,0.1776847243309021,0.10498885065317154,1.9261877536773682,-0.45901545882225037,1.492789387702942,0.7987939244305967,0.8305084745762712,0.7088628217660475,0.7081413210445469,0.7993256507687746,0.8199794555726758
159,0.007113070209451689,0.007075800511128927,0.5562413930892944,0.5290465950965881,0.13597404956817627,0.15914899110794067,0.11279911547899246,2.033083438873291,-0.45958828926086426,1.4992932081222534,0.7872648950747423,0.8135593220338984,0.6963209056232312,0.692268305171531,0.7918436496534969,0.8043308244333076
160,0.007075800511128927,0.0070383923520322,0.549690306186676,0.5226174592971802,0.1353641301393509,0.1471329629421234,0.12359529733657837,2.0489885807037354,-0.4598207175731659,1.5061556100845337,0.7822010568190535,0.8135593220338984,0.6963209056232312,0.692268305171531,0.7944432006401446,0.8043308244333076
161,0.0070383923520322,0.007000848288959491,0.5620962381362915,0.5337656736373901,0.14165282249450684,0.15594911575317383,0.12735652923583984,2.0105204582214355,-0.45952072739601135,1.5135962963104248,0.8231268825496331,0.8135593220338984,0.6963209056232312,0.692268305171531,0.8414419008646513,0.8043308244333076
162,0.007000848288959491,0.006963170887997639,0.5635480880737305,0.5380429029464722,0.12752607464790344,0.1364443153142929,0.11860784143209457,1.9045826196670532,-0.4591154158115387,1.521129846572876,0.8974027293212353,0.8135593220338984,0.6963209056232312,0.692268305171531,0.901289099506417,0.8043308244333076
163,0.006963170887997639,0.006925362724346952,0.5517785549163818,0.5239558815956116,0.13911348581314087,0.16841726005077362,0.10980971902608871,1.869478464126587,-0.4589085876941681,1.5283910036087036,0.9002427491391837,0.8305084745762712,0.7427350427350428,0.7450076804915514,0.8989429736458598,0.8248152976966536
164,0.006925362724346952,0.006887426382145193,0.5615097880363464,0.5287059545516968,0.16401928663253784,0.21993990242481232,0.10809865593910217,2.105511426925659,-0.4590754210948944,1.535175085067749,0.8940859178550179,0.7796610169491526,0.7040200236921548,0.7025089605734767,0.8932841823334184,0.775602974408198
165,0.006887426382145193,0.006849364454290958,0.5609643459320068,0.5298665761947632,0.15548869967460632,0.20196332037448883,0.10901409387588501,2.274970769882202,-0.45949992537498474,1.5416109561920166,0.892946800417089,0.7966101694915254,0.7233626588465297,0.7132616487455197,0.892031049501338,0.790446841294299
166,0.006849364454290958,0.006811179542266458,0.5429679155349731,0.5149270296096802,0.1402042806148529,0.17337670922279358,0.10703185200691223,2.530163049697876,-0.4599734842777252,1.5479249954223633,0.8435097255131211,0.7627118644067796,0.6606985553206484,0.6497695852534562,0.877615875918083,0.7516203371913857
167,0.006811179542266458,0.006772874255959703,0.5459700226783752,0.5179342031478882,0.14017900824546814,0.16992978751659393,0.11042822152376175,2.505855083465576,-0.46024614572525024,1.5543898344039917,0.7882267703999452,0.7966101694915254,0.6920454545454545,0.6763952892985151,0.8434335424997563,0.7817604006163328
168,0.006772874255959703,0.006734451213486133,0.5616418123245239,0.5317305326461792,0.1495564579963684,0.1814677119255066,0.11764519661664963,2.5318613052368164,-0.46008482575416565,1.5612597465515137,0.7783654753094481,0.7796610169491526,0.6286195286195286,0.6287762416794674,0.8025460674017549,0.754100325286766
169,0.006734451213486133,0.006695913041009662,0.5674648284912109,0.5359073877334595,0.15778705477714539,0.19624102115631104,0.11933310329914093,2.528799533843994,-0.45933476090431213,1.5687098503112793,0.7808302808302807,0.7796610169491526,0.6286195286195286,0.6287762416794674,0.8005798201044381,0.754100325286766
170,0.006695913041009662,0.006657262372563185,0.5708818435668945,0.5387216806411743,0.1608007252216339,0.20137038826942444,0.12023104727268219,2.557711601257324,-0.45800840854644775,1.5767226219177246,0.7753487316305653,0.7966101694915254,0.6412668048249109,0.6344086021505376,0.8010218888826698,0.7715930798390735
171,0.006657262372563185,0.006618501849868548,0.5512524247169495,0.5201331377029419,0.15559633076190948,0.19273124635219574,0.11846142262220383,2.535024642944336,-0.45630091428756714,1.585072636604309,0.761164698346362,0.7966101694915254,0.6412668048249109,0.6344086021505376,0.8069170030120794,0.7715930798390735
172,0.006618501849868548,0.006579634122155991,0.5586421489715576,0.5295360088348389,0.1455305516719818,0.17750076949596405,0.11356033384799957,2.5056822299957275,-0.4544547200202942,1.5934971570968628,0.7389259957171671,0.7966101694915254,0.6412668048249109,0.6344086021505376,0.7833526122999807,0.7715930798390735
173,0.006579634122155991,0.006540661845983073,0.5582557916641235,0.5313903093338013,0.13432739675045013,0.1618300825357437,0.10682470351457596,2.5521984100341797,-0.4527888596057892,1.6016446352005005,0.7415322839771057,0.7796610169491526,0.6284450762062702,0.6236559139784946,0.7776046816793846,0.754925935295275
174,0.006540661845983073,0.0065015876850531016,0.5690903663635254,0.5427178144454956,0.13186269998550415,0.16369323432445526,0.10003218054771423,2.4454567432403564,-0.4515467882156372,1.6092407703399658,0.7419836812875862,0.7796610169491526,0.6284450762062702,0.6236559139784946,0.7598436745295829,0.754925935295275
175,0.0065015876850531016,0.006462414310033072,0.5514932870864868,0.5243061780929565,0.13593555986881256,0.17899595201015472,0.0928751602768898,2.341254711151123,-0.4508640468120575,1.616134762763977,0.7395494526224576,0.8135593220338984,0.704830053667263,0.6871479774705581,0.7627386290374405,0.7985082320123708
176,0.006462414310033072,0.0064231443983711325,0.5515373349189758,0.5235292911529541,0.140040323138237,0.19047662615776062,0.08960402756929398,2.2898528575897217,-0.45076093077659607,1.6223077774047852,0.726759516657649,0.8135593220338984,0.7047619047619046,0.692268305171531,0.7669929579946558,0.7975248856604789
177,0.0064231443983711325,0.006383780634113578,0.5733103156089783,0.5451135635375977,0.1409836709499359,0.19105933606624603,0.0909079983830452,2.2732057571411133,-0.4511550962924957,1.6278634071350098,0.7360512530291817,0.8135593220338984,0.7047619047619046,0.692268305171531,0.7653086396719674,0.7975248856604789
178,0.006383780634113578,0.006344325707721409,0.5672600269317627,0.5402717590332031,0.13494133949279785,0.1739317923784256,0.0959508866071701,2.160268783569336,-0.45186397433280945,1.6330260038375854,0.7609029811916059,0.8305084745762712,0.7176136363636364,0.703020993343574,0.7734068421674533,0.8143586286594761
179,0.006344325707721409,0.006304782315886434,0.557207465171814,0.5315966010093689,0.12805429100990295,0.15100425481796265,0.10510433465242386,2.222322463989258,-0.4526139497756958,1.6380372047424316,0.7592611595158284,0.7966101694915254,0.6866223207686623,0.6712749615975423,0.7755244189879164,0.7855612762599121
180,0.006304782315886434,0.0062651531613469565,0.5465195178985596,0.5216706991195679,0.12424410879611969,0.13628855347633362,0.11219966411590576,2.344742774963379,-0.4532373249530792,1.643206238746643,0.7690234685141307,0.7796610169491526,0.673202170963365,0.6554019457245265,0.7836288405049016,0.7691615113952579
181,0.0062651531613469565,0.00622544095270305,0.5419832468032837,0.5173032283782959,0.12340015172958374,0.1274503469467163,0.11934994906187057,2.4495320320129395,-0.4535467028617859,1.6487561464309692,0.7797875582255888,0.7796610169491526,0.673202170963365,0.6554019457245265,0.7944395728776034,0.7691615113952579
182,0.00622544095270305,0.006185648404231421,0.547125518321991,0.5219830870628357,0.12571218609809875,0.1280542016029358,0.12337017059326172,2.4593088626861572,-0.4534722566604614,1.6547114849090576,0.7872244714349977,0.7796610169491526,0.673202170963365,0.6554019457245265,0.7879184105839454,0.7691615113952579
183,0.006185648404231421,0.0061457782356999025,0.5442951321601868,0.5191298723220825,0.12582643330097198,0.13052088022232056,0.12113199383020401,2.398498296737671,-0.4530389904975891,1.6610840559005737,0.7863424068857006,0.7796610169491526,0.673202170963365,0.6554019457245265,0.7872918441679054,0.7691615113952579
184,0.0061457782356999025,0.006105833172181549,0.5421074032783508,0.5172917246818542,0.12407831102609634,0.13097451627254486,0.11718210577964783,2.2386417388916016,-0.45236390829086304,1.6677252054214478,0.7911108416201795,0.8135593220338984,0.6997224997224998,0.6871479774705581,0.7938114517061886,0.8016830627000119
185,0.006105833172181549,0.006065815943868391,0.5391347408294678,0.5148282051086426,0.12153269350528717,0.1305781751871109,0.11248721182346344,2.2095351219177246,-0.4515834152698517,1.674465537071228,0.7904055009318167,0.8135593220338984,0.6997224997224998,0.6871479774705581,0.7937181663837012,0.8016830627000119
186,0.006065815943868391,0.006025729285884828,0.545254647731781,0.521233081817627,0.12010777741670609,0.1328798532485962,0.10733570158481598,2.1854281425476074,-0.45081889629364014,1.681152105331421,0.7887890735938274,0.8135593220338984,0.6997224997224998,0.6871479774705581,0.7924261646672512,0.8016830627000119
187,0.006025729285884828,0.005985575938100685,0.541093111038208,0.5174379348754883,0.11827589571475983,0.13310956954956055,0.1034422218799591,2.1657862663269043,-0.4501619040966034,1.6876715421676636,0.7915912610309893,0.7966101694915254,0.683531746031746,0.6763952892985151,0.792991577371883,0.7884887005649717
188,0.005985575938100685,0.005945358644943944,0.5403611660003662,0.5167556405067444,0.11802776157855988,0.13588504493236542,0.10017048567533493,2.218724250793457,-0.4496735632419586,1.6939482688903809,0.7909496653129929,0.7796610169491526,0.6704607046070462,0.6605222734254993,0.789192791739481,0.7724128427724954
189,0.005945358644943944,0.005905080155213171,0.5371264815330505,0.5134939551353455,0.11816263943910599,0.13839688897132874,0.09792838990688324,2.249907970428467,-0.44939377903938293,1.6999317407608032,0.7869611995248668,0.7966101694915254,0.683531746031746,0.6763952892985151,0.7817823093714434,0.7884887005649717
190,0.005905080155213171,0.005864743221889634,0.5525220632553101,0.5288867950439453,0.11817647516727448,0.13936644792556763,0.09698650240898132,2.27260160446167,-0.4493233561515808,1.7056201696395874,0.7834837300032547,0.7966101694915254,0.683531746031746,0.6763952892985151,0.783115771231221,0.7884887005649717
191,0.005864743221889634,0.005824350601949144,0.5508633852005005,0.5272727608680725,0.11795307695865631,0.13941647112369537,0.09648968279361725,2.262385845184326,-0.44944489002227783,1.7110350131988525,0.7828043019044717,0.7966101694915254,0.683531746031746,0.6763952892985151,0.7828203677100111,0.7884887005649717
192,0.005824350601949144,0.0057839050561736185,0.5363562107086182,0.5128404498100281,0.11757884919643402,0.13826580345630646,0.09689189493656158,2.2569355964660645,-0.4497290253639221,1.716213345527649,0.7837200528202226,0.7966101694915254,0.683531746031746,0.6763952892985151,0.7814869058502335,0.7884887005649717
193,0.0057839050561736185,0.005743409348962387,0.5370826721191406,0.5136359333992004,0.11723363399505615,0.1364416629076004,0.0980256050825119,2.252200126647949,-0.45014238357543945,1.7211929559707642,0.7824669199881424,0.7966101694915254,0.683531746031746,0.6763952892985151,0.7832043922875841,0.7884887005649717
194,0.005743409348962387,0.005702866248143243,0.5355982780456543,0.5123697519302368,0.1161426231265068,0.13329915702342987,0.09898608922958374,2.240253210067749,-0.45063337683677673,1.7260398864746094,0.778526133364843,0.7966101694915254,0.683531746031746,0.6763952892985151,0.7822886413718332,0.7884887005649717
195,0.005702866248143243,0.005662278524783272,0.5434215664863586,0.5203297138214111,0.11545929312705994,0.12870949506759644,0.10220908373594284,2.1873366832733154,-0.4511353373527527,1.7308355569839478,0.7811806190414,0.7966101694915254,0.683531746031746,0.6763952892985151,0.7864242906687727,0.7884887005649717
196,0.005662278524783272,0.005621648952999453,0.5356121063232422,0.512657880783081,0.114771269261837,0.12687569856643677,0.10266683995723724,2.191197156906128,-0.4516138732433319,1.735622763633728,0.7741754095743909,0.7966101694915254,0.683531746031746,0.6763952892985151,0.7844958757522424,0.7884887005649717
197,0.005621648952999453,0.005580980309769044,0.5353516936302185,0.5123546123504639,0.11498529464006424,0.12478303909301758,0.1051875501871109,2.204066753387451,-0.45202940702438354,1.7404502630233765,0.7703351637986614,0.7966101694915254,0.683531746031746,0.6763952892985151,0.7913114050635272,0.7884887005649717
198,0.005580980309769044,0.005540275374739791,0.5355254411697388,0.5125826597213745,0.11471383273601532,0.12262338399887085,0.1068042740225792,2.202444314956665,-0.45235246419906616,1.7453547716140747,0.7687990654883694,0.7966101694915254,0.683531746031746,0.6763952892985151,0.7867285044704398,0.7884887005649717
199,0.005540275374739791,0.0054995369300399315,0.5488565564155579,0.5259382724761963,0.11459147930145264,0.12261773645877838,0.1065652146935463,2.1741557121276855,-0.45259207487106323,1.7503217458724976,0.7679299572338621,0.8135593220338984,0.7305657305657306,0.7240143369175627,0.784273027481856,0.8104757765774715
200,0.0054995369300399315,0.005458767760088046,0.5339460968971252,0.5111408829689026,0.11402599513530731,0.12094756215810776,0.10710442811250687,2.1563878059387207,-0.45273974537849426,1.755362629890442,0.7744246886861488,0.8135593220338984,0.7305657305657306,0.7240143369175627,0.7821378301004785,0.8104757765774715
201,0.005458767760088046,0.0054179706514027445,0.5411365628242493,0.5183836817741394,0.11376436054706573,0.12055632472038269,0.10697240382432938,2.1236448287963867,-0.4528116285800934,1.7604560852050781,0.7752264242077486,0.7966101694915254,0.683531746031746,0.6763952892985151,0.7902360325959646,0.7884887005649717
202,0.0054179706514027445,0.005377148392412213,0.5336481928825378,0.510998010635376,0.11325092613697052,0.12022385746240616,0.10627798736095428,2.0894436836242676,-0.4528268873691559,1.765580177307129,0.7846705266060104,0.8135593220338984,0.7305657305657306,0.7240143369175627,0.7883495960745536,0.8104757765774715
203,0.005377148392412213,0.005336303773263628,0.5338418483734131,0.5113101005554199,0.11265876889228821,0.12023583054542542,0.1050817146897316,2.057637929916382,-0.45281803607940674,1.7706942558288574,0.7949163645258722,0.8305084745762712,0.7434935656991172,0.7398873527905786,0.7890585645254576,0.8265364907067706
204,0.005336303773263628,0.005295439585632452,0.5332992076873779,0.5108310580253601,0.11234064400196075,0.12119141966104507,0.10348986089229584,2.0336365699768066,-0.4528135061264038,1.7757635116577148,0.7963850901032564,0.847457627118644,0.7847067153205164,0.7875064004096263,0.7917467365684683,0.8467985293072364
205,0.005295439585632452,0.005254558622531626,0.5335744023323059,0.5111000537872314,0.11237161606550217,0.12180479615926743,0.10293843597173691,2.0198817253112793,-0.4528280794620514,1.7807700634002686,0.795017941877025,0.847457627118644,0.7847067153205164,0.7875064004096263,0.7928988103011871,0.8467985293072364
206,0.005254558622531626,0.005213663678120677,0.534625768661499,0.512170672416687,0.11227536201477051,0.12327267229557037,0.10127805918455124,2.0017452239990234,-0.452889084815979,1.7856776714324951,0.7953009073552367,0.847457627118644,0.7847067153205164,0.7875064004096263,0.7944012222450253,0.8467985293072364
207,0.005213663678120677,0.005172757547514729,0.5334011316299438,0.5110069513320923,0.1119709461927414,0.12213966995477676,0.10180222243070602,1.9902727603912354,-0.45297813415527344,1.7905093431472778,0.7941700819459733,0.847457627118644,0.7847067153205164,0.7875064004096263,0.7959036341888632,0.8467985293072364
208,0.005172757547514729,0.0051318430265934745,0.5333499312400818,0.5110670328140259,0.1114143580198288,0.12125157564878464,0.10157714784145355,1.9841980934143066,-0.45309022068977356,1.7952688932418823,0.7952884693122385,0.847457627118644,0.7847067153205164,0.7875064004096263,0.7973433376659184,0.8467985293072364
209,0.0051318430265934745,0.005090922911810069,0.5368388295173645,0.5145848393440247,0.11127004772424698,0.12065082043409348,0.10188927501440048,1.9702041149139404,-0.4532172381877899,1.799965739250183,0.7962042202279894,0.847457627118644,0.7847067153205164,0.7875064004096263,0.7970396421160428,0.8467985293072364
210,0.005090922911810069,0.005050000000000001,0.5312451124191284,0.5090614557266235,0.11091823875904083,0.1201787069439888,0.10165776312351227,1.9549624919891357,-0.4533470571041107,1.8046135902404785,0.8055882054184261,0.847457627118644,0.7847067153205164,0.7875064004096263,0.8062759255458746,0.8467985293072364
211,0.005050000000000001,0.005009077088189933,0.5343003273010254,0.5121222734451294,0.11089029908180237,0.12008262425661087,0.10169797390699387,1.9476537704467773,-0.45347434282302856,1.809219241142273,0.7998278367548317,0.847457627118644,0.7847067153205164,0.7875064004096263,0.8080737410109227,0.8467985293072364
212,0.005009077088189933,0.004968156973406526,0.5315222144126892,0.509433388710022,0.11044410616159439,0.11921443045139313,0.10167378187179565,1.9474587440490723,-0.45358845591545105,1.8137961626052856,0.8002118613324046,0.847457627118644,0.7847067153205164,0.7875064004096263,0.8126524955896772,0.8467985293072364
213,0.004968156973406526,0.0049272424524852716,0.5320295095443726,0.5099248290061951,0.1105232760310173,0.11838900297880173,0.10265754908323288,1.9547228813171387,-0.45367249846458435,1.8183660507202148,0.8002118613324046,0.847457627118644,0.7847067153205164,0.7875064004096263,0.815281586928446,0.8467985293072364
214,0.0049272424524852716,0.004886336321879326,0.5324088931083679,0.5103805065155029,0.1101418286561966,0.11840003728866577,0.10188362747430801,1.9616460800170898,-0.45373228192329407,1.8229213953018188,0.799794150388378,0.847457627118644,0.7847067153205164,0.7875064004096263,0.8180288396756987,0.8467985293072364
215,0.004886336321879326,0.004845441377468376,0.5441107153892517,0.5221300721168518,0.1099032461643219,0.11851164698600769,0.1012948527932167,1.974532127380371,-0.453779011964798,1.8274470567703247,0.7909418915361192,0.847457627118644,0.7847067153205164,0.7875064004096263,0.8109277536272442,0.8467985293072364
216,0.004845441377468376,0.004804560414367551,0.5345897078514099,0.5126686692237854,0.10960519313812256,0.11893288791179657,0.10027749091386795,1.9955956935882568,-0.4538273513317108,1.8319259881973267,0.7892244050987686,0.847457627118644,0.7847067153205164,0.7875064004096263,0.8083748453018402,0.8467985293072364
217,0.004804560414367551,0.004763696226736375,0.5338360667228699,0.5119481682777405,0.10943952202796936,0.11763681471347809,0.10124223679304123,2.020939826965332,-0.45385217666625977,1.8363898992538452,0.7888403805211955,0.847457627118644,0.7847067153205164,0.7875064004096263,0.8024963152297618,0.8467985293072364
218,0.004763696226736375,0.0047228516075877875,0.5321646928787231,0.5102835893630981,0.10940548777580261,0.11762373894453049,0.10118724405765533,2.041595935821533,-0.4538549482822418,1.8408374786376953,0.7886926787605905,0.847457627118644,0.7847067153205164,0.7875064004096263,0.7924230551565018,0.8467985293072364
219,0.0047228516075877875,0.004682029348597257,0.5328549146652222,0.5109750032424927,0.10939966142177582,0.1177496686577797,0.10104964673519135,2.061392068862915,-0.4538388252258301,1.8452638387680054,0.7886926787605905,0.847457627118644,0.7847067153205164,0.7875064004096263,0.7896758024092488,0.8467985293072364
220,0.004682029348597257,0.004641232239911956,0.5307480096817017,0.5089433193206787,0.10902330279350281,0.11786486208438873,0.10018175095319748,2.077583074569702,-0.4538130462169647,1.8496567010879517,0.7896421160427952,0.847457627118644,0.7847067153205164,0.7875064004096263,0.78696223602845,0.8467985293072364
221,0.004641232239911956,0.00460046306996007,0.5318133234977722,0.510036826133728,0.10888253152370453,0.11822047829627991,0.09954457730054855,2.0843842029571533,-0.45378708839416504,1.854004979133606,0.790705568719151,0.847457627118644,0.7847067153205164,0.7875064004096263,0.7874939623666278,0.8467985293072364
222,0.00460046306996007,0.00455972462526021,0.5316766500473022,0.5099597573280334,0.10858453065156937,0.11791696399450302,0.09925209730863571,2.091794490814209,-0.45376572012901306,1.8583037853240967,0.7903215441415781,0.847457627118644,0.7847067153205164,0.7875064004096263,0.7853121223240068,0.8467985293072364
223,0.00455972462526021,0.0045190196902309574,0.5304615497589111,0.5087683200836182,0.10846605151891708,0.11863497644662857,0.0982971265912056,2.1015968322753906,-0.45376327633857727,1.8625367879867554,0.791237295057329,0.847457627118644,0.7847067153205164,0.7875064004096263,0.783776024013715,0.8467985293072364
224,0.0045190196902309574,0.00447835104700055,0.5385773181915283,0.5168664455413818,0.10855431854724884,0.11878767609596252,0.09832095354795456,2.0971875190734863,-0.4537782669067383,1.8667055368423462,0.791237295057329,0.847457627118644,0.7847067153205164,0.7875064004096263,0.783776024013715,0.8467985293072364
225,0.00447835104700055,0.004437721475216731,0.5399287343025208,0.5182775855064392,0.1082557737827301,0.11845819652080536,0.09805335104465485,2.0905632972717285,-0.4538102149963379,1.870810627937317,0.7928661604383166,0.847457627118644,0.7847067153205164,0.7875064004096263,0.7878645123976193,0.8467985293072364
226,0.004437721475216731,0.00439713375185676,0.5352301001548767,0.513385534286499,0.10922297090291977,0.1223396509885788,0.09610629081726074,2.117908000946045,-0.45390158891677856,1.874801516532898,0.7909460375504519,0.8135593220338984,0.7579589274504528,0.7660010240655403,0.7890082941016727,0.8116441635545341
227,0.00439713375185676,0.004356590651037616,0.5363450050354004,0.5139914751052856,0.11176760494709015,0.12824293971061707,0.09529227763414383,2.1145753860473633,-0.4540706276893616,1.8786576986312866,0.7884433996488326,0.847457627118644,0.7847067153205164,0.7875064004096263,0.7829742884921153,0.8467985293072364
228,0.004356590651037616,0.004316094943826382,0.5329331159591675,0.5113429427146912,0.10795089602470398,0.11606763303279877,0.09983416646718979,2.1451804637908936,-0.4541913568973541,1.8825280666351318,0.7833790431413522,0.8305084745762712,0.7716333845366105,0.7716333845366105,0.8006477110891373,0.8305084745762712
229,0.004316094943826382,0.0042756493980508565,0.532313883304596,0.5096979141235352,0.11307983100414276,0.12357102334499359,0.10258864611387253,2.185373544692993,-0.45416751503944397,1.8865196704864502,0.7825477672676314,0.8305084745762712,0.7716333845366105,0.7716333845366105,0.8125649110368974,0.8305084745762712
230,0.0042756493980508565,0.0042352567781103675,0.5399888157844543,0.5158948302268982,0.1204698383808136,0.1363062858581543,0.1046333909034729,2.1909565925598145,-0.4539165198802948,1.8907219171524048,0.7831131799722632,0.8305084745762712,0.7716333845366105,0.7716333845366105,0.8186714718972783,0.8305084745762712
231,0.0042352567781103675,0.004194919844786831,0.5351779460906982,0.5105499029159546,0.12314017117023468,0.14204688370227814,0.10423346608877182,2.190553665161133,-0.4534529745578766,1.8951153755187988,0.7885232104247385,0.8305084745762712,0.7716333845366105,0.7716333845366105,0.8100456890779472,0.8305084745762712
232,0.004194919844786831,0.004154641355056057,0.5354034304618835,0.5112638473510742,0.12069780379533768,0.1410321742296219,0.10036343336105347,2.1865391731262207,-0.45289716124534607,1.8995609283447266,0.7923634562004681,0.8305084745762712,0.7716333845366105,0.7716333845366105,0.8220390720390721,0.8305084745762712
233,0.004154641355056057,0.004114424061899316,0.5339990854263306,0.5104296803474426,0.1178470104932785,0.1414940357208252,0.09419999271631241,2.1821823120117188,-0.45239174365997314,1.9038913249969482,0.7917980434958364,0.847457627118644,0.7847067153205164,0.7875064004096263,0.8049310621466819,0.8467985293072364
234,0.004114424061899316,0.004074270714115174,0.5363935232162476,0.5131220817565918,0.11635705828666687,0.14557236433029175,0.08714175969362259,2.2324936389923096,-0.4520972967147827,1.9079225063323975,0.7856075258452169,0.8305084745762712,0.7716333845366105,0.7716333845366105,0.7889792720013432,0.8305084745762712
235,0.004074270714115174,0.004034184056131611,0.5427285432815552,0.5201254487037659,0.11301547288894653,0.13623537123203278,0.0897955670952797,2.251129150390625,-0.45191293954849243,1.9117742776870728,0.7816325346036722,0.8305084745762712,0.7716333845366105,0.7716333845366105,0.7838858933935334,0.8305084745762712
236,0.004034184056131611,0.003994166827818454,0.5386357307434082,0.5154120922088623,0.11611823737621307,0.13832497596740723,0.09391149133443832,2.2024803161621094,-0.45170024037361145,1.9156066179275513,0.7795185855457502,0.8305084745762712,0.7716333845366105,0.7716333845366105,0.7860340470697008,0.8305084745762712
237,0.003994166827818454,0.003954221764300101,0.5341088175773621,0.5094423294067383,0.12333246320486069,0.14837905764579773,0.09828586876392365,2.1772406101226807,-0.4513249695301056,1.9195715188980103,0.7799026101233232,0.8305084745762712,0.7716333845366105,0.7716333845366105,0.7866673507590316,0.8305084745762712
238,0.003954221764300101,0.003914351595768582,0.5397454500198364,0.5142577290534973,0.12743860483169556,0.1583782583475113,0.09649894386529922,2.1751861572265625,-0.45078182220458984,1.9236689805984497,0.7845445914206525,0.8305084745762712,0.7716333845366105,0.7716333845366105,0.7875659993656597,0.8305084745762712
239,0.003914351595768582,0.0038745590472969507,0.5322949886322021,0.5092946290969849,0.1150018572807312,0.14067839086055756,0.08932533115148544,2.1751465797424316,-0.45033565163612366,1.9276010990142822,0.7871311861125103,0.8135593220338984,0.7305657305657306,0.7240143369175627,0.7870213167326918,0.8104757765774715
240,0.0038745590472969507,0.0038348468386530444,0.5480407476425171,0.525646984577179,0.11196883767843246,0.14003519713878632,0.08390247821807861,2.1608774662017822,-0.450125128030777,1.9312145709991455,0.788848672549861,0.7966101694915254,0.683531746031746,0.6763952892985151,0.784544073168861,0.7884887005649717
241,0.0038348468386530444,0.0037952176841135675,0.539641797542572,0.5166597366333008,0.11491037160158157,0.14741654694080353,0.08240419626235962,2.1837730407714844,-0.45018845796585083,1.9344693422317505,0.7946131872277883,0.7966101694915254,0.683531746031746,0.6763952892985151,0.7841854429290761,0.7884887005649717
242,0.0037952176841135675,0.0037556742922785925,0.5401248931884766,0.5162993669509888,0.11912748217582703,0.15564575791358948,0.08260920643806458,2.2922778129577637,-0.45051681995391846,1.9373819828033447,0.7852882827415933,0.7796610169491526,0.6702350190722283,0.6656426011264721,0.7949225835473713,0.7710957198540959
243,0.0037556742922785925,0.003716219365886423,0.5325414538383484,0.5088099241256714,0.11865773797035217,0.15354596078395844,0.08376951515674591,2.3307716846466064,-0.45106109976768494,1.9400131702423096,0.7836044826706966,0.7796610169491526,0.6702350190722283,0.6656426011264721,0.7965260545905707,0.7710957198540959
244,0.003716219365886423,0.0036768556016288706,0.532028079032898,0.5090165734291077,0.11505738645792007,0.14186637103557587,0.08824840188026428,2.3408713340759277,-0.4517226815223694,1.9424799680709839,0.7839548208818158,0.7796610169491526,0.6702350190722283,0.6656426011264721,0.8425162368286306,0.7710957198540959
245,0.0036768556016288706,0.00363758568996693,0.5324611067771912,0.510675311088562,0.10892906785011292,0.12360553443431854,0.09425260871648788,2.344283103942871,-0.45237430930137634,1.9449334144592285,0.7885418674892359,0.7796610169491526,0.6702350190722283,0.6656426011264721,0.8445840614771005,0.7710957198540959
246,0.00363758568996693,0.0035984123149469,0.5472919344902039,0.5259708762168884,0.10660527646541595,0.1134624183177948,0.09974813461303711,2.3437981605529785,-0.4529186189174652,1.9474928379058838,0.8134231360037812,0.7796610169491526,0.6702350190722283,0.6656426011264721,0.8500531726338177,0.7710957198540959
247,0.0035984123149469,0.003559338154016929,0.5310322046279907,0.509580135345459,0.10726027935743332,0.1115339919924736,0.10298656672239304,2.3446614742279053,-0.4532979428768158,1.9502248764038086,0.831914878179734,0.7796610169491526,0.6702350190722283,0.6656426011264721,0.8523827144370438,0.7710957198540959
248,0.003559338154016929,0.003520365877844012,0.5415440797805786,0.5199103355407715,0.1081688404083252,0.11105766892433167,0.10528001189231873,2.3166327476501465,-0.45348116755485535,1.9531632661819458,0.8345818018992892,0.7966101694915254,0.6866190979563073,0.6763952892985151,0.861540223594553,0.7845948149209876
249,0.003520365877844012,0.0034814981501314545,0.5320815443992615,0.5102905631065369,0.10895498096942902,0.11188290268182755,0.10602705925703049,2.2030844688415527,-0.4534737169742584,1.9563000202178955,0.8361515865760348,0.8135593220338984,0.6993746993746993,0.692268305171531,0.867190722878329,0.8004011054858512
250,0.0034814981501314545,0.0034427376274368173,0.5313345193862915,0.5095734596252441,0.10880531370639801,0.11280938982963562,0.1048012301325798,2.1748552322387695,-0.45330697298049927,1.9595948457717896,0.8369066794363907,0.8135593220338984,0.6993746993746993,0.692268305171531,0.8703556865696084,0.8004011054858512
251,0.0034427376274368173,0.003404086958990339,0.5312371850013733,0.5095929503440857,0.10822118073701859,0.11285967379808426,0.10358268767595291,2.1686761379241943,-0.45302814245224,1.9629896879196167,0.821224898474474,0.8305084745762712,0.7176136363636364,0.703020993343574,0.8716554620629323,0.8143586286594761
252,0.003404086958990339,0.003365548786513867,0.5585682392120361,0.5372484922409058,0.10659869015216827,0.11262379586696625,0.1005735844373703,2.1729581356048584,-0.4526846706867218,1.9664283990859985,0.822979180789028,0.8135593220338984,0.6993746993746993,0.692268305171531,0.8716554620629324,0.8004011054858512
253,0.003365548786513867,0.003327125744040297,0.5286735892295837,0.507506251335144,0.10583662986755371,0.11403937637805939,0.09763388335704803,2.176863193511963,-0.45232704281806946,1.9698480367660522,0.806511730111051,0.8135593220338984,0.6993746993746993,0.692268305171531,0.8519463464285196,0.8004011054858512
254,0.003327125744040297,0.0032888204577335442,0.5357889533042908,0.5148334503173828,0.10477745532989502,0.1147882342338562,0.09476667642593384,2.0856871604919434,-0.45200836658477783,1.9731850624084473,0.803303751521069,0.8135593220338984,0.6993746993746993,0.692268305171531,0.8473209491885214,0.8004011054858512
255,0.0032888204577335442,0.0032506355457090426,0.5331931114196777,0.5123045444488525,0.10444286465644836,0.11645819246768951,0.09242754429578781,2.062058687210083,-0.4517587721347809,1.976402759552002,0.8047512287749979,0.8305084745762712,0.7125396405919662,0.703020993343574,0.8293096264233784,0.8175692926505894
256,0.0032506355457090426,0.0032125736178548075,0.5307285785675049,0.5098463892936707,0.10441083461046219,0.11843457072973251,0.09038709849119186,2.0657382011413574,-0.45159912109375,1.9794751405715942,0.8026160313936206,0.8305084745762712,0.7125396405919662,0.703020993343574,0.8133915226444938,0.8175692926505894
257,0.0032125736178548075,0.0031746372756530482,0.5321028828620911,0.5112118721008301,0.10445511341094971,0.11938957870006561,0.0895206406712532,2.0737857818603516,-0.45153966546058655,1.9823906421661377,0.7932994189360912,0.8305084745762712,0.7125396405919662,0.703020993343574,0.8075129925724154,0.8175692926505894
258,0.0031746372756530482,0.0031368291120023616,0.5298303961753845,0.5089361667633057,0.1044711023569107,0.12031707912683487,0.08862512558698654,2.0881614685058594,-0.4515797793865204,1.9851492643356323,0.7928817079920645,0.8305084745762712,0.7125396405919662,0.703020993343574,0.8052974661633404,0.8175692926505894
259,0.0031368291120023616,0.0030991517110405113,0.5313629508018494,0.5105563998222351,0.1040327176451683,0.11931045353412628,0.08875498175621033,2.107004404067993,-0.4517006576061249,1.987775444984436,0.7917296342593456,0.8305084745762712,0.7125396405919662,0.703020993343574,0.8069812662342373,0.8175692926505894
260,0.0030991517110405113,0.0030616076479678023,0.5312654972076416,0.5105277299880981,0.10368895530700684,0.11916282027959824,0.08821509778499603,2.1434988975524902,-0.45189720392227173,1.9902743101119995,0.7889486951456391,0.8135593220338984,0.6993746993746993,0.692268305171531,0.8005373234575272,0.8004011054858512
261,0.0030616076479678023,0.0030241994888710747,0.5295719504356384,0.5089848637580872,0.1029353141784668,0.11686502397060394,0.08900560438632965,2.1957573890686035,-0.45214492082595825,1.9926756620407104,0.7891513315961532,0.8135593220338984,0.6993746993746993,0.692268305171531,0.7939793652866657,0.8004011054858512
262,0.0030241994888710747,0.0029869297905483136,0.5290418863296509,0.5084760785102844,0.10282894968986511,0.11575791984796524,0.08989997208118439,2.212031841278076,-0.4524218440055847,1.9950069189071655,0.7831893629856278,0.8135593220338984,0.6993746993746993,0.692268305171531,0.783308560897695,0.8004011054858512
263,0.0029869297905483136,0.00294980110033389,0.5348027944564819,0.5143304467201233,0.10236188769340515,0.11477808654308319,0.08994568139314651,2.2175300121307373,-0.4527158737182617,1.9972833395004272,0.7794299644893871,0.8135593220338984,0.6993746993746993,0.692268305171531,0.7810593481221665,0.8004011054858512
264,0.00294980110033389,0.0029128159559244607,0.5284774303436279,0.5080015659332275,0.10237942636013031,0.11419067531824112,0.0905681774020195,2.223496913909912,-0.4530140161514282,1.9995203018188477,0.7784805272071825,0.8135593220338984,0.6993746993746993,0.692268305171531,0.786553853616672,0.8004011054858512
265,0.0029128159559244607,0.0028759768852055175,0.5305768251419067,0.5101441144943237,0.1021636426448822,0.11275052279233932,0.09157675504684448,2.2274444103240967,-0.4532972574234009,2.001741647720337,0.7792148899958745,0.8135593220338984,0.6993746993746993,0.692268305171531,0.7943779009144034,0.8004011054858512
266,0.0028759768852055175,0.002839286406078608,0.5299108624458313,0.5094884634017944,0.10211209207773209,0.11211283504962921,0.09211134910583496,2.223355770111084,-0.453559011220932,2.0039560794830322,0.7795989145734475,0.8135593220338984,0.6993746993746993,0.692268305171531,0.7971251536616561,0.8004011054858512
267,0.002839286406078608,0.0028027470262892437,0.529711902141571,0.5093271136283875,0.10192408412694931,0.11116655170917511,0.09268161654472351,2.216677188873291,-0.4537944495677948,2.006169557571411,0.7813164010107982,0.7966101694915254,0.6829586184424894,0.681515616999488,0.8006741419305087,0.7868515665125835
268,0.0028027470262892437,0.002766361243255496,0.531616747379303,0.5112762451171875,0.1017024964094162,0.11067702621221542,0.09272797405719757,2.223921775817871,-0.45400309562683105,2.0083837509155273,0.7804006500950473,0.7966101694915254,0.6829586184424894,0.681515616999488,0.8010918528745354,0.7868515665125835
269,0.002766361243255496,0.002730131543897301,0.5270076990127563,0.50668865442276,0.10159534215927124,0.10965853184461594,0.09353214502334595,2.3183321952819824,-0.45417726039886475,2.010608434677124,0.7794766071506308,0.7796610169491526,0.6697024893746205,0.670762928827445,0.8040541801153006,0.7693803834398443
270,0.002730131543897301,0.0026940604044664858,0.5311081409454346,0.5108352303504944,0.10136444866657257,0.10856898128986359,0.09415990859270096,2.351046562194824,-0.4543122947216034,2.0128509998321533,0.7785608562348799,0.7796610169491526,0.6697024893746205,0.670762928827445,0.7960839858123389,0.7693803834398443
271,0.0026940604044664858,0.002658150290377515,0.5292232036590576,0.5089161396026611,0.10153540968894958,0.10737570375204086,0.09569510817527771,2.359984874725342,-0.45440250635147095,2.0151190757751465,0.771008372875945,0.7796610169491526,0.6697024893746205,0.670762928827445,0.7909439645432853,0.7693803834398443
272,0.002658150290377515,0.0026224036560389846,0.5283215045928955,0.5080146789550781,0.10153403878211975,0.10757617652416229,0.09549190104007721,2.3639445304870605,-0.4544599652290344,2.017397880554199,0.7697422837490748,0.8135593220338984,0.7579589274504528,0.7660010240655403,0.7860402660911999,0.8116441635545341
273,0.0026224036560389846,0.0025868229446858685,0.5276962518692017,0.5073761940002441,0.10160019993782043,0.10733066499233246,0.09586972743272781,2.368744134902954,-0.45448949933052063,2.019681930541992,0.7697759701155288,0.8135593220338984,0.7579589274504528,0.7660010240655403,0.785124515175449,0.8116441635545341
274,0.0025868229446858685,0.0025514105882125234,0.5267411470413208,0.5066115856170654,0.10064786672592163,0.10764462500810623,0.09365110099315643,2.374239921569824,-0.4545072019100189,2.0219502449035645,0.7693919455379558,0.8135593220338984,0.7579589274504528,0.7660010240655403,0.785124515175449,0.8116441635545341
275,0.0025514105882125234,0.002516169007006475,0.5320858359336853,0.5119779109954834,0.10053965449333191,0.1080690249800682,0.09301029145717621,2.252419948577881,-0.45452138781547546,2.0241923332214355,0.780231700010987,0.8135593220338984,0.7301005005923038,0.7291346646185355,0.7915332168303305,0.8090087184280015
276,0.002516169007006475,0.0024811006097829845,0.5281165838241577,0.5080423355102539,0.10037132352590561,0.10853806138038635,0.09220458567142487,2.2828903198242188,-0.45454150438308716,2.0263960361480713,0.7797673464057165,0.8135593220338984,0.7301005005923038,0.7291346646185355,0.7894653921818607,0.8090087184280015
277,0.0024811006097829845,0.002446207793420422,0.5291839241981506,0.509163498878479,0.10010205954313278,0.10839119553565979,0.09181292355060577,2.295070171356201,-0.45456910133361816,2.0285592079162598,0.7806494109550136,0.8135593220338984,0.7301005005923038,0.7291346646185355,0.7898831031258876,0.8090087184280015
278,0.002446207793420422,0.002411492942796432,0.5290632843971252,0.5090137124061584,0.10024780035018921,0.1089957132935524,0.09149988740682602,2.3025059700012207,-0.4546075463294983,2.030677556991577,0.780231700010987,0.8135593220338984,0.7301005005923038,0.7291346646185355,0.7940736871127364,0.8090087184280015
279,0.002411492942796432,0.0023769584306249435,0.5287402868270874,0.508731484413147,0.10004416108131409,0.1084522157907486,0.09163609892129898,2.305224895477295,-0.45465466380119324,2.0327539443969727,0.7798476754334139,0.8135593220338984,0.7301005005923038,0.7291346646185355,0.7971458837333202,0.8090087184280015
280,0.0023769584306249435,0.0023426066172939877,0.5278376340866089,0.5078006386756897,0.10018494725227356,0.1087256595492363,0.09164424240589142,2.304013729095459,-0.45471081137657166,2.034788131713867,0.7794299644893873,0.8135593220338984,0.7301005005923038,0.7291346646185355,0.795732092845845,0.8090087184280015
281,0.0023426066172939877,0.002308439850704377,0.5288162231445312,0.5087940096855164,0.1001109704375267,0.1082916408777237,0.09193029999732971,2.299889326095581,-0.45477333664894104,2.03678297996521,0.7798139890669602,0.8135593220338984,0.7301005005923038,0.7291346646185355,0.795732092845845,0.8090087184280015
282,0.002308439850704377,0.002274460466109219,0.5276121497154236,0.5076279640197754,0.09992107003927231,0.1080736294388771,0.09176851063966751,2.293402671813965,-0.45483991503715515,2.0387415885925293,0.7801980136445331,0.8305084745762712,0.7712842712842712,0.7767537122375833,0.7961498037898718,0.8292244478685157
283,0.002274460466109219,0.0022406707859543205,0.5276730060577393,0.5077501535415649,0.09961412847042084,0.10686129331588745,0.09236695617437363,2.2856273651123047,-0.4549002945423126,2.040677070617676,0.7788982381512093,0.8305084745762712,0.7712842712842712,0.7767537122375833,0.7926811445487166,0.8292244478685157
284,0.0022406707859543205,0.002207073119719429,0.535517156124115,0.5155636668205261,0.09976755082607269,0.10731179267168045,0.09222331643104553,2.270108699798584,-0.4549557864665985,2.0425877571105957,0.7759742615430222,0.8305084745762712,0.7712842712842712,0.7767537122375833,0.7962011107172398,0.8292244478685157
285,0.002207073119719429,0.0021736697637604056,0.5301588773727417,0.5102538466453552,0.0995250791311264,0.10545555502176285,0.09359460324048996,2.286222457885742,-0.45499229431152344,2.0444905757904053,0.7750631748933956,0.8305084745762712,0.7712842712842712,0.7767537122375833,0.7965431568996933,0.8292244478685157
286,0.0021736697637604056,0.0021404630011522584,0.5279600620269775,0.5080256462097168,0.09967216849327087,0.10552804172039032,0.09381630271673203,2.3338780403137207,-0.45500677824020386,2.046389579772949,0.7750294885269419,0.8135593220338984,0.7582738776028902,0.7608806963645675,0.8010882251119941,0.8130165356009744
287,0.0021404630011522584,0.0021074551015331003,0.5276257991790771,0.5076818466186523,0.09971985220909119,0.10506416857242584,0.09437553584575653,2.358975887298584,-0.45499187707901,2.0482938289642334,0.7742614393717958,0.8135593220338984,0.7582738776028902,0.7608806963645675,0.8020713487606526,0.8130165356009744
288,0.0021074551015331003,0.0020746483209490257,0.5287585854530334,0.5088105201721191,0.09974031150341034,0.10473597794771194,0.09474465250968933,2.4057869911193848,-0.45494791865348816,2.0502030849456787,0.7766583539079294,0.8135593220338984,0.7582738776028902,0.7608806963645675,0.801767653210777,0.8130165356009744
289,0.0020746483209490257,0.002042044901699908,0.5376399159431458,0.5177250504493713,0.09957431256771088,0.10450004786252975,0.094648577272892,2.454005002975464,-0.4548783004283905,2.0521137714385986,0.7833080426459035,0.7966101694915254,0.7450076804915513,0.7450076804915513,0.7999361513792752,0.7966101694915254
290,0.002042044901699908,0.0020096470721861445,0.5299873948097229,0.5101191997528076,0.09934084117412567,0.10456802695989609,0.09411364793777466,2.4661340713500977,-0.454789400100708,2.054018020629883,0.777864844078766,0.7966101694915254,0.7450076804915513,0.7450076804915513,0.7963871631104228,0.7966101694915254
291,0.0020096470721861445,0.0019774570467563477,0.5275620222091675,0.5077143907546997,0.09923821687698364,0.10477079451084137,0.09370563924312592,2.4735021591186523,-0.4546869397163391,2.0559091567993164,0.7766117112466858,0.7966101694915254,0.7450076804915513,0.7450076804915513,0.794171636701348,0.7966101694915254
292,0.0019774570467563477,0.001945477025555992,0.5318543910980225,0.5120701193809509,0.09892137348651886,0.10486415773630142,0.0929785892367363,2.4799818992614746,-0.4545799493789673,2.057777166366577,0.7762276866691128,0.7966101694915254,0.7450076804915513,0.7450076804915513,0.7934035875462021,0.7966101694915254
293,0.001945477025555992,0.0019137091943770502,0.528079628944397,0.5083296298980713,0.09875006973743439,0.10502974689006805,0.09247038513422012,2.4803707599639893,-0.4544747769832611,2.0596141815185547,0.7746242156259133,0.7966101694915254,0.7450076804915513,0.7450076804915513,0.7922515138134832,0.7966101694915254
294,0.0019137091943770502,0.0018821557245085828,0.5273224711418152,0.5076004862785339,0.09860989451408386,0.1052715927362442,0.09194818884134293,2.4766902923583984,-0.4543745219707489,2.0614166259765625,0.7763753884297179,0.7966101694915254,0.7450076804915513,0.7450076804915513,0.7901836891650135,0.7966101694915254
295,0.0018821557245085828,0.0018508187725883422,0.5265823602676392,0.5068397521972656,0.09871304035186768,0.10619478672742844,0.09123128652572632,2.4718031883239746,-0.45428499579429626,2.063178062438965,0.7767594130072908,0.7966101694915254,0.7450076804915513,0.7450076804915513,0.7917871602082128,0.7966101694915254
296,0.0018508187725883422,0.0018197004804553652,0.5277305841445923,0.5080260634422302,0.09852250665426254,0.10665984451770782,0.09038516879081726,2.467496156692505,-0.4542103707790375,2.0648932456970215,0.7773248257119224,0.7966101694915254,0.7450076804915513,0.7450076804915513,0.7905464654191311,0.7966101694915254
297,0.0018197004804553652,0.0017888029750035847,0.5315328240394592,0.5118372440338135,0.09847778081893921,0.10674069076776505,0.09021487832069397,2.468076705932617,-0.4541524052619934,2.066560745239258,0.7765230901903228,0.7966101694915254,0.7450076804915513,0.7450076804915513,0.7935300409833516,0.7966101694915254
298,0.0017888029750035847,0.0017581283680364525,0.5280319452285767,0.508360743522644,0.09835600107908249,0.10693620145320892,0.08977580070495605,2.468687057495117,-0.454111784696579,2.0681796073913574,0.775223314696999,0.7966101694915254,0.7450076804915513,0.7450076804915513,0.7934414199269887,0.7966101694915254
299,0.0017581283680364525,0.0017276787561226095,0.5286703109741211,0.5090199112892151,0.09825210273265839,0.10687996447086334,0.08962424844503403,2.4704298973083496,-0.4540872573852539,2.069751501083374,0.775223314696999,0.7966101694915254,0.7450076804915513,0.7450076804915513,0.7953615428148536,0.7966101694915254
300,0.0017276787561226095,0.0016974562204525828,0.5265268683433533,0.5068871974945068,0.0981982946395874,0.10665930807590485,0.08973728120326996,2.4719481468200684,-0.4540756344795227,2.0712809562683105,0.7756410256410255,0.7966101694915254,0.7450076804915513,0.7450076804915513,0.7942094690821345,0.7966101694915254
301,0.0016974562204525828,0.0016674628266965387,0.5281330943107605,0.5084509253501892,0.09841089695692062,0.10706751048564911,0.08975428342819214,2.474381923675537,-0.4540746808052063,2.072770118713379,0.7756410256410255,0.7966101694915254,0.7450076804915513,0.7450076804915513,0.7919053216166968,0.7966101694915254
302,0.0016674628266965387,0.0016377006248631,0.527379035949707,0.5077447891235352,0.09817123413085938,0.10678844898939133,0.08955401927232742,2.4768195152282715,-0.45408424735069275,2.0742197036743164,0.7756410256410255,0.7966101694915254,0.7450076804915513,0.7450076804915513,0.7928210725324477,0.7966101694915254
303,0.0016377006248631,0.001608171649159226,0.5268847942352295,0.5072437524795532,0.09820513427257538,0.10642062872648239,0.08998963981866837,2.4797606468200684,-0.45409801602363586,2.0756373405456543,0.7748729764858796,0.7966101694915254,0.7450076804915513,0.7450076804915513,0.7928210725324477,0.7966101694915254
304,0.001608171649159226,0.0015788779178511816,0.5311912894248962,0.5116242170333862,0.097835473716259,0.10519717633724213,0.09047377109527588,2.489238977432251,-0.4541109502315521,2.0770301818847656,0.7740038682313725,0.7966101694915254,0.7450076804915513,0.7450076804915513,0.7909895707009458,0.7966101694915254
305,0.0015788779178511816,0.0015498214331265902,0.5268301367759705,0.5072762966156006,0.09776914119720459,0.10520511865615845,0.09033316373825073,2.4952392578125,-0.4541245698928833,2.0783956050872803,0.7735058282596482,0.7966101694915254,0.7450076804915513,0.7450076804915513,0.7900738197851949,0.7966101694915254
306,0.0015498214331265902,0.001521004180957585,0.5278873443603516,0.5083346962928772,0.09776336699724197,0.10525934398174286,0.09026739001274109,2.497796058654785,-0.4541379511356354,2.079735040664673,0.7723537545269293,0.7966101694915254,0.7450076804915513,0.7450076804915513,0.7891580688694441,0.7966101694915254
307,0.001521004180957585,0.001492428130965072,0.5270435214042664,0.5074535608291626,0.09794969856739044,0.10569500178098679,0.0902044028043747,2.498598098754883,-0.45415011048316956,2.081050395965576,0.7739909119365826,0.7966101694915254,0.7450076804915513,0.7450076804915513,0.788626342531266,0.7966101694915254
308,0.001492428130965072,0.0014640952362841098,0.5263863205909729,0.5068284869194031,0.09778919816017151,0.10511647164821625,0.09046191722154617,2.495932102203369,-0.45416033267974854,2.0823423862457275,0.7777295803611594,0.7966101694915254,0.7450076804915513,0.7450076804915513,0.788626342531266,0.7966101694915254
309,0.0014640952362841098,0.0014360074334304135,0.5282222032546997,0.5086821913719177,0.09769997745752335,0.10434434562921524,0.09105560928583145,2.4909558296203613,-0.45416581630706787,2.0836145877838135,0.7790837722926008,0.7966101694915254,0.7450076804915513,0.7450076804915513,0.7858790897840132,0.7966101694915254
310,0.0014360074334304135,0.0014081666421679989,0.5266938209533691,0.5071738362312317,0.09759999811649323,0.10427821427583694,0.0909217894077301,2.4826104640960693,-0.4541667103767395,2.0848677158355713,0.7765101338955329,0.7966101694915254,0.7450076804915513,0.7450076804915513,0.7880946161930881,0.7966101694915254
311,0.0014081666421679989,0.0013805747653779662,0.527442455291748,0.5079140067100525,0.09764224290847778,0.10497524589300156,0.09030923992395401,2.473801612854004,-0.45416590571403503,2.086097240447998,0.7811515969410706,0.7966101694915254,0.7450076804915513,0.7450076804915513,0.788448063914957,0.7966101694915254
312,0.0013805747653779662,0.00135323368892844,0.5288339257240295,0.5093246698379517,0.09754641354084015,0.10477764904499054,0.09031518548727036,2.441581964492798,-0.45416444540023804,2.0873029232025146,0.7797041196871417,0.7966101694915254,0.7450076804915513,0.7450076804915513,0.7816843597828317,0.7966101694915254
313,0.00135323368892844,0.001326145281545679,0.5310463905334473,0.5115112066268921,0.09767600148916245,0.10459055751562119,0.0907614454627037,2.377521514892578,-0.4541609287261963,2.088486909866333,0.7795227315600829,0.8135593220338984,0.7582738776028902,0.7608806963645675,0.7837521844313016,0.8130165356009744
314,0.001326145281545679,0.0012993113946863431,0.5270488858222961,0.5075567364692688,0.0974607765674591,0.10482742637395859,0.09009411931037903,2.3649234771728516,-0.4541577100753784,2.089646577835083,0.7761136712749616,0.8135593220338984,0.7582738776028902,0.7608806963645675,0.7828364335155507,0.8130165356009744
315,0.0012993113946863431,0.0012727338624109576,0.5261248350143433,0.5066463947296143,0.09739227592945099,0.1041618287563324,0.09062271565198898,2.358062267303467,-0.45415326952934265,2.0907833576202393,0.7774471331347392,0.8135593220338984,0.7582738776028902,0.7608806963645675,0.7846679353470525,0.8130165356009744
316,0.0012727338624109576,0.0012464145012585474,0.5258110165596008,0.5063513517379761,0.0972982719540596,0.10472343862056732,0.08987310528755188,2.3511545658111572,-0.45415088534355164,2.0918941497802734,0.7786665796003657,0.8305084745762712,0.7712842712842712,0.7767537122375833,0.7919939426730598,0.8292244478685157
317,0.0012464145012585474,0.0012203551101224882,0.5263864398002625,0.5069165229797363,0.09734958410263062,0.10466599464416504,0.0900331661105156,2.345177173614502,-0.4541497826576233,2.092980146408081,0.7796160168825703,0.8305084745762712,0.7712842712842712,0.7767537122375833,0.7932937181663836,0.8292244478685157
318,0.0012203551101224882,0.001194557470127544,0.5264806151390076,0.5070148706436157,0.09732873737812042,0.1048617884516716,0.08979567885398865,2.343682289123535,-0.45415258407592773,2.0940380096435547,0.7796160168825703,0.8305084745762712,0.7712842712842712,0.7767537122375833,0.7959606418859391,0.8292244478685157
319,0.001194557470127544,0.001169023344508143,0.5262940526008606,0.5068577527999878,0.09718135744333267,0.10505059361457825,0.0893121212720871,2.344050884246826,-0.45415955781936646,2.0950679779052734,0.7821559689131844,0.8305084745762712,0.7712842712842712,0.7767537122375833,0.797408119139868,0.8292244478685157
320,0.001169023344508143,0.0011437544784878525,0.5291370749473572,0.5097255110740662,0.09705768525600433,0.1045721024274826,0.08954326063394547,2.3434174060821533,-0.4541693329811096,2.096072196960449,0.7838604990557453,0.8305084745762712,0.7712842712842712,0.7767537122375833,0.7992396209713698,0.8292244478685157
321,0.0011437544784878525,0.0011187525991600985,0.5272176265716553,0.5078003406524658,0.09708640724420547,0.10476195067167282,0.08941086381673813,2.3405637741088867,-0.4541814625263214,2.0970511436462402,0.783894185422199,0.8305084745762712,0.7712842712842712,0.7767537122375833,0.7983238700556189,0.8292244478685157
322,0.0011187525991600985,0.001094019415370123,0.5278112888336182,0.508399486541748,0.09705905616283417,0.10480517894029617,0.08931293338537216,2.336087703704834,-0.45419612526893616,2.0980050563812256,0.7825669425839205,0.8305084745762712,0.7712842712842712,0.7767537122375833,0.7987415809996455,0.8292244478685157
323,0.001094019415370123,0.0010695566175981828,0.5269629955291748,0.5075082182884216,0.09727397561073303,0.104969821870327,0.08957813680171967,2.3295302391052246,-0.4542135000228882,2.0989339351654053,0.7791381887307184,0.8305084745762712,0.7712842712842712,0.7767537122375833,0.7987415809996455,0.8292244478685157
324,0.0010695566175981828,0.0010453658778440107,0.5269191861152649,0.5075193643569946,0.0969991683959961,0.10429729521274567,0.08970104902982712,2.3245177268981934,-0.45423048734664917,2.0998423099517822,0.7773870159269141,0.8305084745762712,0.7712842712842712,0.7767537122375833,0.7991256055772186,0.8292244478685157
325,0.0010453658778440107,0.0010214488495125353,0.5276800394058228,0.5083089470863342,0.09685537219047546,0.10440309345722198,0.08930765837430954,2.320862054824829,-0.45424845814704895,2.1007285118103027,0.7764375786447094,0.8305084745762712,0.7712842712842712,0.7767537122375833,0.7980958392673164,0.8292244478685157
326,0.0010214488495125353,0.0009978071673008729,0.5261868834495544,0.5068379640579224,0.09674465656280518,0.10370063036680222,0.08978867530822754,2.3187289237976074,-0.45426470041275024,2.101595640182495,0.7751844458126292,0.8305084745762712,0.7712842712842712,0.7767537122375833,0.7980958392673164,0.8292244478685157
327,0.0009978071673008729,0.0009744424470865977,0.5306101441383362,0.511223554611206,0.09693291783332825,0.10409723967313766,0.08976860344409943,2.316497802734375,-0.4542801082134247,2.1024434566497803,0.7735136020365222,0.8305084745762712,0.7712842712842712,0.7767537122375833,0.7980958392673164,0.8292244478685157
328,0.0009744424470865977,0.0009513562858173009,0.5265589356422424,0.5071917176246643,0.09683600068092346,0.10365930944681168,0.09001268446445465,2.3145980834960938,-0.4542933702468872,2.103273630142212,0.772260469204442,0.8305084745762712,0.7712842712842712,0.7767537122375833,0.7971800883515655,0.8292244478685157
329,0.0009513562858173009,0.0009285502614014378,0.5319753885269165,0.5126466751098633,0.09664364159107208,0.1036500409245491,0.08963723480701447,2.3135504722595215,-0.4543055295944214,2.1040852069854736,0.7710073363723619,0.8305084745762712,0.7712842712842712,0.7767537122375833,0.796344666463512,0.8292244478685157
330,0.0009285502614014378,0.0009060259326004838,0.5265271067619324,0.5071133375167847,0.09706896543502808,0.10364571958780289,0.09049221128225327,2.312537670135498,-0.45431506633758545,2.1048800945281982,0.7710073363723619,0.8305084745762712,0.7712842712842712,0.7767537122375833,0.796728691041085,0.8292244478685157
331,0.0009060259326004838,0.000883784838922391,0.5329837203025818,0.5136585235595703,0.09662584960460663,0.10325077921152115,0.09000091254711151,2.3082504272460938,-0.4543229937553406,2.1056575775146484,0.7702056008507622,0.8305084745762712,0.7712842712842712,0.7767537122375833,0.7972267310128092,0.8292244478685157
332,0.000883784838922391,0.0008618285005163704,0.5282084941864014,0.5088827610015869,0.0966285690665245,0.10365977883338928,0.08959735929965973,2.30310320854187,-0.4543299674987793,2.106416702270508,0.7710876654000592,0.8305084745762712,0.7712842712842712,0.7767537122375833,0.7964249954912095,0.8292244478685157
333,0.0008618285005163704,0.0008401584180689843,0.5267887115478516,0.5074462890625,0.09671218693256378,0.10350778698921204,0.08991657942533493,2.2942464351654053,-0.4543355703353882,2.1071584224700928,0.7760462985420541,0.8305084745762712,0.7712842712842712,0.7767537122375833,0.7974884481675654,0.8292244478685157
334,0.0008401584180689843,0.000818776072701583,0.5261718034744263,0.5068525075912476,0.0965963751077652,0.10315068811178207,0.09004206210374832,2.2800486087799072,-0.4543391168117523,2.1078834533691406,0.7754471994709685,0.8305084745762712,0.7712842712842712,0.7767537122375833,0.8031011150705547,0.8292244478685157
335,0.000818776072701583,0.0007976829258690679,0.5257458686828613,0.5064139366149902,0.09665961563587189,0.10367170721292496,0.08964753150939941,2.2657482624053955,-0.4543418884277344,2.108590602874756,0.7759789258091464,0.8305084745762712,0.7712842712842712,0.7767537122375833,0.8025693887323767,0.8292244478685157
336,0.0007976829258690679,0.0007768804192600093,0.5267043113708496,0.5073857307434082,0.09659295529127121,0.10347761958837509,0.08970829099416733,2.259711503982544,-0.45434412360191345,2.1092803478240967,0.7763629503867194,0.8305084745762712,0.7712842712842712,0.7767537122375833,0.8033374378875228,0.8292244478685157
337,0.0007768804192600093,0.0007563699746980984,0.5272108912467957,0.5078917741775513,0.09659570455551147,0.10362890362739563,0.08956249803304672,2.2575674057006836,-0.45434582233428955,2.109952211380005,0.7767806613307462,0.8305084745762712,0.7712842712842712,0.7767537122375833,0.8010480605981455,0.8292244478685157
338,0.0007563699746980984,0.0007361529940449782,0.5250325798988342,0.5057344436645508,0.09649059176445007,0.10304564982652664,0.0899355411529541,2.256941318511963,-0.45434603095054626,2.1106081008911133,0.777582396852346,0.8305084745762712,0.7712842712842712,0.7767537122375833,0.8000584588020921,0.8292244478685157
339,0.0007361529940449782,0.0007162308591044182,0.5266904234886169,0.5073907375335693,0.096498504281044,0.10333679616451263,0.08966020494699478,2.2566323280334473,-0.4543458819389343,2.1112465858459473,0.7771646859083191,0.8305084745762712,0.7712842712842712,0.7767537122375833,0.7945639533075867,0.8292244478685157
340,0.0007162308591044182,0.0006966049315278798,0.5253069996833801,0.505996584892273,0.09655211865901947,0.10367447137832642,0.08942976593971252,2.256420850753784,-0.45434632897377014,2.1118669509887695,0.778464461401643,0.8305084745762712,0.7712842712842712,0.7767537122375833,0.7931164760536578,0.8292244478685157
341,0.0006966049315278798,0.0006772765527214417,0.5276442766189575,0.5083752274513245,0.09634536504745483,0.10314662754535675,0.08954410254955292,2.256582021713257,-0.45434656739234924,2.1124706268310547,0.7796502215008158,0.8305084745762712,0.7712842712842712,0.7767537122375833,0.7931164760536578,0.8292244478685157
342,0.0006772765527214417,0.0006582470437541217,0.5269880294799805,0.5077214241027832,0.09633317589759827,0.10320007055997849,0.08946628868579865,2.2564516067504883,-0.45434683561325073,2.1130576133728027,0.7787007842186111,0.8305084745762712,0.7712842712842712,0.7767537122375833,0.7920530233773019,0.8292244478685157
343,0.0006582470437541217,0.0006395177052675795,0.5265176296234131,0.5072593688964844,0.09629130363464355,0.1031763106584549,0.08940629661083221,2.256222724914551,-0.45434704422950745,2.1136279106140137,0.7791184951626379,0.8305084745762712,0.7712842712842712,0.7767537122375833,0.7929687742930528,0.8292244478685157
344,0.0006395177052675795,0.0006210898173872209,0.5261934399604797,0.5069361329078674,0.09628664702177048,0.10315460711717606,0.0894186869263649,2.255537509918213,-0.45434698462486267,2.114182472229004,0.7795362061066645,0.8305084745762712,0.7712842712842712,0.7767537122375833,0.7938845252088037,0.8292244478685157
345,0.0006210898173872209,0.0006029646396347048,0.5260006189346313,0.5066932439804077,0.0965367779135704,0.10357823222875595,0.08949532359838486,2.2549519538879395,-0.4543471932411194,2.114720344543457,0.7791521815290915,0.8305084745762712,0.7712842712842712,0.7767537122375833,0.7957160270403055,0.8292244478685157
346,0.0006029646396347048,0.000585143410841854,0.5258833765983582,0.5065701007843018,0.09656631946563721,0.10402471572160721,0.08910791575908661,2.254427909851074,-0.45434799790382385,2.115241527557373,0.7799876034171449,0.8305084745762712,0.7712842712842712,0.7767537122375833,0.7988809907315849,0.8292244478685157
347,0.000585143410841854,0.0005676273490659822,0.526280403137207,0.507011890411377,0.096342533826828,0.10361044853925705,0.08907462656497955,2.2536771297454834,-0.4543493986129761,2.1157467365264893,0.7808230253051983,0.8305084745762712,0.7712842712842712,0.7767537122375833,0.8052912471418413,0.8292244478685157
348,0.0005676273490659822,0.0005504176515066467,0.5257383584976196,0.5065073370933533,0.09615515172481537,0.10287092626094818,0.08943936973810196,2.2526955604553223,-0.45435038208961487,2.1162374019622803,0.7808230253051983,0.8305084745762712,0.7712842712842712,0.7767537122375833,0.8052912471418413,0.8292244478685157
349,0.0005504176515066467,0.0005335154944238117,0.5269476175308228,0.5076630115509033,0.09642300009727478,0.10320883989334106,0.0896371528506279,2.2518844604492188,-0.4543510675430298,2.116713285446167,0.7795569361783284,0.8305084745762712,0.7712842712842712,0.7767537122375833,0.8044091825925443,0.8292244478685157
350,0.0005335154944238117,0.0005169220330574664,0.527607798576355,0.5083175897598267,0.09645095467567444,0.10329049825668335,0.08961140364408493,2.250980854034424,-0.4543520510196686,2.117173671722412,0.7813081089821328,0.8305084745762712,0.7712842712842712,0.7767537122375833,0.8039111426208202,0.8292244478685157
351,0.0005169220330574664,0.0005006384015486492,0.5261749625205994,0.5069178938865662,0.09628531336784363,0.103212371468544,0.08935825526714325,2.2498199939727783,-0.45435240864753723,2.1176209449768066,0.7816921335597057,0.8305084745762712,0.7712842712842712,0.7767537122375833,0.8029953917050693,0.8292244478685157
352,0.0005006384015486492,0.00048466571286194553,0.5295879244804382,0.5103338360786438,0.09627057611942291,0.10319725424051285,0.08934389054775238,2.2482564449310303,-0.4543522894382477,2.118054151535034,0.7825275554477592,0.8305084745762712,0.7712842712842712,0.7767537122375833,0.8006321635353894,0.8292244478685157
353,0.00048466571286194553,0.00046900505870941026,0.5303193926811218,0.5110960006713867,0.09611690044403076,0.10313565284013748,0.08909814804792404,2.2477450370788574,-0.4543519914150238,2.118474245071411,0.7812277799544353,0.8305084745762712,0.7712842712842712,0.7767537122375833,0.7975008862105636,0.8292244478685157
354,0.00046900505870941026,0.00045365750947594944,0.5302904844284058,0.5110609531402588,0.0961475744843483,0.10284315049648285,0.08945199847221375,2.2531890869140625,-0.4543512165546417,2.1188809871673584,0.7808774417433161,0.8305084745762712,0.7712842712842712,0.7767537122375833,0.7947873198297647,0.8292244478685157
355,0.00045365750947594944,0.00043862411414616955,0.5289117097854614,0.5096559524536133,0.09627874195575714,0.10294695943593979,0.0896105170249939,2.268052101135254,-0.4543496072292328,2.1192758083343506,0.7821305745753963,0.8305084745762712,0.7712842712842712,0.7767537122375833,0.7938715689140138,0.8292244478685157
356,0.00043862411414616955,0.0004239059002326682,0.5292742252349854,0.5100501179695129,0.09612062573432922,0.102900929749012,0.08934032171964645,2.2844398021698,-0.4543476104736328,2.1196577548980713,0.7842994583232273,0.8305084745762712,0.7712842712842712,0.7767537122375833,0.7941203297739801,0.8292244478685157
357,0.0004239059002326682,0.00040950387370581904,0.525270402431488,0.5060321688652039,0.09619121998548508,0.10254468023777008,0.08983775973320007,2.3012189865112305,-0.45434433221817017,2.1200289726257324,0.7822316336747576,0.8305084745762712,0.7712842712842712,0.7767537122375833,0.7917482913238431,0.8292244478685157
358,0.00040950387370581904,0.00039541901892500223,0.5270085334777832,0.5077763795852661,0.09616072475910187,0.10292485356330872,0.08939660340547562,2.317399740219116,-0.4543405771255493,2.1203877925872803,0.7814635845196117,0.8305084745762712,0.7712842712842712,0.7767537122375833,0.7938368460439768,0.8292244478685157
359,0.00039541901892500223,0.00038165229857133195,0.5271462798118591,0.5079504251480103,0.09597939252853394,0.10256199538707733,0.08939679712057114,2.3289437294006348,-0.45433664321899414,2.120734930038452,0.77785966156085,0.8305084745762712,0.7712842712842712,0.7767537122375833,0.791089593296724,0.8292244478685157
360,0.00038165229857133195,0.00036820465358185857,0.5259693264961243,0.5067746043205261,0.09597355127334595,0.10255654156208038,0.08939056843519211,2.3371529579162598,-0.4543323516845703,2.121070623397827,0.7759395386729852,0.8305084745762712,0.7712842712842712,0.7767537122375833,0.7915073042407507,0.8292244478685157
361,0.00036820465358185857,0.00035507700308525403,0.5278347134590149,0.5086169242858887,0.09608890861272812,0.10296639800071716,0.08921141922473907,2.3440122604370117,-0.4543282985687256,2.121394157409668,0.7755555140954122,0.8305084745762712,0.7712842712842712,0.7767537122375833,0.790705568719151,0.8292244478685157
362,0.00035507700308525403,0.00034227024433899005,0.5278694033622742,0.5086663365364075,0.09601543843746185,0.10265649110078812,0.08937437832355499,2.3515162467956543,-0.45432400703430176,2.121706962585449,0.7764712650111631,0.8305084745762712,0.7712842712842712,0.7767537122375833,0.7902075287474268,0.8292244478685157
363,0.00034227024433899005,0.00032978525266801593,0.5274414420127869,0.5082290172576904,0.09606222808361053,0.10234212875366211,0.08978233486413956,2.3594675064086914,-0.4543191194534302,2.122009038925171,0.775973225039439,0.8305084745762712,0.7712842712842712,0.7767537122375833,0.7892917778316759,0.8292244478685157
364,0.00032978525266801593,0.0003176228814049297,0.5258651971817017,0.5066452622413635,0.0960996001958847,0.10319962352514267,0.08899957686662674,2.366901397705078,-0.4543147087097168,2.122300148010254,0.775973225039439,0.8305084745762712,0.7712842712842712,0.7767537122375833,0.7879920023383521,0.8292244478685157
365,0.0003176228814049297,0.0003057839618316491,0.5273667573928833,0.5081788897514343,0.09593918919563293,0.1024993285536766,0.08937904983758926,2.373004913330078,-0.45431020855903625,2.1225807666778564,0.775973225039439,0.8305084745762712,0.7712842712842712,0.7767537122375833,0.7875742913943253,0.8292244478685157
366,0.0003057839618316491,0.00029426930312260227,0.525790810585022,0.506609320640564,0.0959073156118393,0.10277596861124039,0.0890386626124382,2.377561330795288,-0.4543057978153229,2.1228506565093994,0.7760069114058927,0.8305084745762712,0.7712842712842712,0.7767537122375833,0.7864222176616065,0.8292244478685157
367,0.00029426930312260227,0.00028307969228941415,0.5257311463356018,0.5065032243728638,0.09613959491252899,0.10335853695869446,0.08892065286636353,2.380620002746582,-0.45430201292037964,2.123110055923462,0.7760069114058927,0.8305084745762712,0.7712842712842712,0.7767537122375833,0.7856204821400068,0.8292244478685157
368,0.00028307969228941415,0.00027221589412712463,0.5298622250556946,0.5106556415557861,0.09603285044431686,0.1030714139342308,0.08899428695440292,2.3820929527282715,-0.4542986750602722,2.123359203338623,0.7764246223499195,0.8305084745762712,0.7712842712842712,0.7767537122375833,0.7835319274198732,0.8292244478685157
369,0.00027221589412712463,0.0002616786511619041,0.5257412195205688,0.5065338015556335,0.09603720158338547,0.10286887735128403,0.08920552581548691,2.383082866668701,-0.4542956054210663,2.12359881401062,0.7764246223499195,0.8305084745762712,0.7712842712842712,0.7767537122375833,0.7835319274198732,0.8292244478685157
370,0.0002616786511619041,0.00025146868360031467,0.5311369299888611,0.5119343996047974,0.09601275622844696,0.10312923043966293,0.08889628201723099,2.383424758911133,-0.4542929530143738,2.123828649520874,0.776599791455479,0.8305084745762712,0.7712842712842712,0.7767537122375833,0.7839496383638999,0.8292244478685157
371,0.00025146868360031467,0.00024158668928007498,0.5332932472229004,0.5140933990478516,0.09599918127059937,0.10351390391588211,0.08848445862531662,2.3826308250427246,-0.4542911648750305,2.1240487098693848,0.7763572496170119,0.8305084745762712,0.7712842712842712,0.7767537122375833,0.7882537194931083,0.8292244478685157
372,0.00024158668928007498,0.00023203334362237158,0.5258260369300842,0.5066335797309875,0.0959622785449028,0.10368920862674713,0.08823534846305847,2.381800651550293,-0.4542902708053589,2.1242587566375732,0.7771252987721579,0.8305084745762712,0.7712842712842712,0.7767537122375833,0.7899712059304589,0.8292244478685157
373,0.00023203334362237158,0.00022280929958568842,0.5259726047515869,0.5067973136901855,0.09587644040584564,0.10317425429821014,0.08857861906290054,2.3808114528656006,-0.45428982377052307,2.124460458755493,0.7782773725048768,0.8305084745762712,0.7712842712842712,0.7767537122375833,0.7931024832552845,0.8292244478685157
374,0.00022280929958568842,0.00021391518762118363,0.5248327255249023,0.5056488513946533,0.09591928124427795,0.10314631462097168,0.08869225531816483,2.379758358001709,-0.45428967475891113,2.1246538162231445,0.7790454216600228,0.8305084745762712,0.7712842712842712,0.7767537122375833,0.7962337605801103,0.8292244478685157
375,0.00021391518762118363,0.00020535161562959536,0.5285264849662781,0.509332537651062,0.09596967697143555,0.10316769778728485,0.08877164870500565,2.378688335418701,-0.4542897641658783,2.1248390674591064,0.7798134708151686,0.8305084745762712,0.7712842712842712,0.7767537122375833,0.7993987242713899,0.8292244478685157
376,0.00020535161562959536,0.0001971191689196937,0.5254786014556885,0.506252110004425,0.09613250195980072,0.10379979759454727,0.08846519887447357,2.377687692642212,-0.45429036021232605,2.125016212463379,0.7805815199703146,0.8305084745762712,0.7712842712842712,0.7767537122375833,0.8003144751871408,0.8292244478685157
377,0.0001971191689196937,0.0001892184101682762,0.5286334156990051,0.5093887448310852,0.09622322022914886,0.10276935249567032,0.08967708051204681,2.3740224838256836,-0.45429137349128723,2.12518572807312,0.7809655445478875,0.8305084745762712,0.7712842712842712,0.7767537122375833,0.8003144751871408,0.8292244478685157
378,0.0001892184101682762,0.0001816498793817073,0.5254784226417542,0.5063118934631348,0.09583276510238647,0.10297352820634842,0.08869199454784393,2.3706135749816895,-0.4542924761772156,2.1253483295440674,0.7809655445478875,0.8305084745762712,0.7712842712842712,0.7767537122375833,0.8016479370469184,0.8292244478685157
379,0.0001816498793817073,0.00017441409385901422,0.525817334651947,0.5066227316856384,0.09597296267747879,0.1034286841750145,0.08851724117994308,2.3674004077911377,-0.4542938470840454,2.1255037784576416,0.7813832554919142,0.8305084745762712,0.7712842712842712,0.7767537122375833,0.8016479370469184,0.8292244478685157
380,0.00017441409385901422,0.00016751154815652453,0.527461588382721,0.5083121061325073,0.09574749320745468,0.1024121567606926,0.08908282965421677,2.3648953437805176,-0.4542948603630066,2.1256539821624756,0.7817672800694871,0.8305084745762712,0.7712842712842712,0.7767537122375833,0.8016479370469184,0.8292244478685157
381,0.00016751154815652453,0.0001609427140540686,0.5260557532310486,0.5068579912185669,0.09598886966705322,0.10351710021495819,0.08846063911914825,2.3627357482910156,-0.4542961120605469,2.1257975101470947,0.7817672800694871,0.8305084745762712,0.7712842712842712,0.7767537122375833,0.8016479370469184,0.8292244478685157
382,0.0001609427140540686,0.00015470804052273096,0.5260932445526123,0.5068957805633545,0.09598736464977264,0.10367802530527115,0.08829671144485474,2.360973596572876,-0.45429766178131104,2.1259353160858154,0.7817672800694871,0.8305084745762712,0.7712842712842712,0.7767537122375833,0.8016479370469184,0.8292244478685157
383,0.00015470804052273096,0.00014880795369416665,0.5251479148864746,0.5060043334960938,0.09571781754493713,0.10275791585445404,0.08867771178483963,2.359449863433838,-0.4542991816997528,2.126067638397217,0.7817672800694871,0.8305084745762712,0.7712842712842712,0.7767537122375833,0.8016479370469184,0.8292244478685157
384,0.00014880795369416665,0.0001432428568314728,0.5248024463653564,0.5056414604187012,0.09580494463443756,0.10306433588266373,0.0885455459356308,2.358229637145996,-0.4543007016181946,2.126194953918457,0.7817672800694871,0.8305084745762712,0.7712842712842712,0.7767537122375833,0.8016479370469184,0.8292244478685157
385,0.0001432428568314728,0.00013801313030162716,0.5254402756690979,0.5062817335128784,0.09579284489154816,0.10291889309883118,0.08866679668426514,2.357245445251465,-0.4543021619319916,2.1263175010681152,0.7817672800694871,0.8305084745762712,0.7712842712842712,0.7767537122375833,0.8034794388784202,0.8292244478685157
386,0.00013801313030162716,0.0001331191315494912,0.5255745649337769,0.5064109563827515,0.09581802785396576,0.10319355130195618,0.08844249695539474,2.3563878536224365,-0.4543036222457886,2.1264355182647705,0.7817672800694871,0.8305084745762712,0.7712842712842712,0.7767537122375833,0.8034794388784202,0.8292244478685157
387,0.0001331191315494912,0.00012856119507337867,0.5254305601119995,0.5062626600265503,0.09583960473537445,0.10276280343532562,0.08891640603542328,2.3557233810424805,-0.4543047845363617,2.126549482345581,0.7817672800694871,0.8305084745762712,0.7712842712842712,0.7767537122375833,0.8034794388784202,0.8292244478685157
388,0.00012856119507337867,0.0001243396324021935,0.5255519151687622,0.5063916444778442,0.09580124914646149,0.10305677354335785,0.08854571729898453,2.3552777767181396,-0.4543059766292572,2.126659631729126,0.7817672800694871,0.8305084745762712,0.7712842712842712,0.7767537122375833,0.8034794388784202,0.8292244478685157
389,0.0001243396324021935,0.00012045473207413647,0.5286245346069336,0.5094580054283142,0.09583267569541931,0.10296068340539932,0.0887046605348587,2.3534207344055176,-0.45430701971054077,2.1267662048339844,0.7817672800694871,0.8305084745762712,0.7712842712842712,0.7767537122375833,0.8034794388784202,0.8292244478685157
390,0.00012045473207413647,0.00011690675961698426,0.5280755758285522,0.5089128613471985,0.0958135724067688,0.10336023569107056,0.08826690167188644,2.3518147468566895,-0.45430827140808105,2.1268692016601562,0.7821513046470602,0.8305084745762712,0.7712842712842712,0.7767537122375833,0.8034794388784202,0.8292244478685157
391,0.00011690675961698426,0.00011369595752994128,0.5257861018180847,0.5066263675689697,0.09579871594905853,0.10317666083574295,0.08842076361179352,2.350515842437744,-0.4543096125125885,2.1269688606262207,0.7821513046470602,0.8305084745762712,0.7712842712842712,0.7767537122375833,0.8034794388784202,0.8292244478685157
392,0.00011369595752994128,0.00011082254526706605,0.5287398099899292,0.5095803737640381,0.09579728543758392,0.1031932681798935,0.08840130269527435,2.3488409519195557,-0.45431095361709595,2.1270663738250732,0.7821513046470602,0.8305084745762712,0.7712842712842712,0.7767537122375833,0.8034794388784202,0.8292244478685157
393,0.00011082254526706605,0.00010828671922226878,0.5275881886482239,0.5084289312362671,0.09579640626907349,0.10290835797786713,0.08868444710969925,2.347560405731201,-0.45431214570999146,2.1271612644195557,0.7825353292246331,0.8305084745762712,0.7712842712842712,0.7767537122375833,0.8025636879626693,0.8292244478685157
394,0.00010828671922226878,0.00010608865271589101,0.5278142690658569,0.5086666345596313,0.09573821723461151,0.10259435325860977,0.08888208121061325,2.3465137481689453,-0.45431315898895264,2.127253770828247,0.7825353292246331,0.8305084745762712,0.7712842712842712,0.7767537122375833,0.8029477125402423,0.8292244478685157
395,0.00010608865271589101,0.00010422849598285996,0.5258067846298218,0.5066360831260681,0.09585357457399368,0.10252487659454346,0.08918227255344391,2.3456873893737793,-0.4543139338493347,2.127345323562622,0.7825353292246331,0.8305084745762712,0.7712842712842712,0.7767537122375833,0.8029477125402423,0.8292244478685157
396,0.00010422849598285996,0.00010270637616241606,0.5258099436759949,0.5066589713096619,0.09575500339269638,0.10285305231809616,0.0886569544672966,2.3450241088867188,-0.4543147087097168,2.1274349689483643,0.7829193538022062,0.8305084745762712,0.7712842712842712,0.7767537122375833,0.8033317371178152,0.8292244478685157
397,0.00010270637616241606,0.00010152239728942829,0.5283170342445374,0.5091642141342163,0.09576416015625,0.10297791659832001,0.0885503962635994,2.344370126724243,-0.45431557297706604,2.1275229454040527,0.7829193538022062,0.8305084745762712,0.7712842712842712,0.7767537122375833,0.8033317371178152,0.8292244478685157
398,0.00010152239728942829,0.00010067664028727843,0.524917483329773,0.5057641267776489,0.09576687216758728,0.10319799929857254,0.08833575248718262,2.3438620567321777,-0.45431652665138245,2.127610206604004,0.783303378379779,0.8305084745762712,0.7712842712842712,0.7767537122375833,0.8019982752580376,0.8292244478685157
399,0.00010067664028727843,0.00010016916296233584,0.5245380997657776,0.5053990483283997,0.09569533169269562,0.10286472737789154,0.08852594345808029,2.3433868885040283,-0.45431753993034363,2.1276965141296387,0.783303378379779,0.8305084745762712,0.7712842712842712,0.7767537122375833,0.8019982752580376,0.8292244478685157
400,0.00010016916296233584,0.0001,0.5270354747772217,0.5078599452972412,0.0958777368068695,0.10301609337329865,0.08873937278985977,2.34299898147583,-0.45431849360466003,2.1277823448181152,0.783687402957352,0.8305084745762712,0.7712842712842712,0.7767537122375833,0.8019982752580376,0.8292244478685157
